DEPARTAMENTO;PROVINCIA;DISTRITO;CENTRO DE ATENCION;ESTADO;HORARIOS DE ATENCIÓN; DIRECCIÓN 
CAJAMARCA;CHOTA;CHOTA;AG CHOTA;OPERATIVO;08:45 - 16:45  ;30 de Agosto Nº  848
PIURA;MORROPON;CHULUCANAS;AG CHULUCANAS;OPERATIVO;08:45 - 16:45  ;Lima Nº 496-498 formando esquina con Jr. Ayacucho y Jr. Callao
PIURA;SECHURA;SECHURA;PAP SECHURA;OPERATIVO;08:15 - 13:45  ;Dos de Mayo Nº 618 - Plaza de Armas - Municipalidad de Sechura
PIURA;PAITA;PAITA;PAP PAITA;OPERATIVO;08:15 - 13:45  ;San Martin S/N Plaza de Armas - Municipalidad de Paita
PIURA;PIURA;PIURA;OR PIURA;OPERATIVO;08:45 - 16:45  ;Libertad Nº 568
LAMBAYEQUE;CHICLAYO;CHICLAYO;OR CHICLAYO;OPERATIVO;08:45 - 16:45  ;Balta N° 658 y esquina con Av. Elias Aguirre
LAMBAYEQUE;CHICLAYO;JOSE LEONARDO ORTIZ;OR JOSÉ LEONARDO ORTIZ;OPERATIVO;08:45 - 16:45  ;Cacique Cinto Nº 317 Urb. Latina
PIURA;SULLANA;SULLANA;OR SULLANA;OPERATIVO;08:45 - 16:45  ;Leoncio Prado Nº 515 - 517 - 519
TUMBES;TUMBES;TUMBES;OR TUMBES;OPERATIVO;08:45 - 16:45  ;Av. Tumbes N° 550 – Tumbes 
PIURA;PIURA;TAMBO GRANDE;PAP TAMBOGRANDE;OPERATIVO;08:15 - 13:45  ;Jr Castilla N° 449 - Plaza de Armas
PIURA;AYABACA;FRÍAS;OR FRIAS;OPERATIVO;08:45 - 16:45  ;Lima Nº 235
LAMBAYEQUE;FERREÑAFE;FERREÑAFE;PAP FERREÑAFE;OPERATIVO;08:45 - 16:45  ;Tres Marías Nº 717 – B
CAJAMARCA;CUTERVO;CUTERVO;PAP CUTERVO;OPERATIVO;08:45 - 16:45  ;Comercio N° 1103
CAJAMARCA;SANTA CRUZ;SANTA CRUZ;PAP SANTA CRUZ;OPERATIVO;08:15 - 13:45  ;Domingo Negrón Nº 441
PIURA;TALARA;PARIÑAS;AG TALARA;OPERATIVO;08:45 - 16:45  ;Martires Petroleros B-3 Conjunto Habitacional - Talara
LAMBAYEQUE;LAMBAYEQUE;LAMBAYEQUE;PAP LAMBAYEQUE;OPERATIVO;08:45 - 16:45  ;Av. Huamachuco 342
PIURA;AYABACA;AYABACA;PAP AYABACA;OPERATIVO;08:15 - 13:45  ;Bolognesi N° 181
PIURA;HUANCABAMBA;HUANCABAMBA;PAP HUANCABAMBA;OPERATIVO;08:15 - 13:45  ;Complejo Terminal Terrestre S/N - Stand 14
TUMBES;CONTRALMIRANTE VILLAR;ZORRITOS;PANP CONTRALMIRANTE VILLAR - ZORRITOS;OPERATIVO PARCIAL;08:15 - 13:45  ;Grau Nº 305
TUMBES;ZARUMILLA;ZARUMILLO;ZARUMILLA;OPERATIVO;08:15 - 13:45  ;El Ejercito Nº 105 - Interior Biblioteca Municipal
TUMBES;TUMBES;TUMBES;ORA HOSPITAL REGIONAL JOSE ALFREDO MENDOZA OLAVARRIA JAMO II-2;OPERATIVO;08:15 - 13:45  ;Av. Prol. Fernando Belaunde N°. S/N A.H. Ciudadela Noe III Etapa Tumbes
LAMBAYEQUE;LAMBAYEQUE;LAMBAYEQUE;ORA HOSPITAL PROVINCIAL DOCENTE BELEN-LAMBAYEQUE;OPERATIVO;08:15 - 13:45  ;Av. Ramon Castilla  Nº 597
LAMBAYEQUE;CHICLAYO;CHICLAYO;ORA HOSPITAL REGIONAL DOCENTE LAS MERCEDES;OPERATIVO;08:15 - 13:45  ;Luis Gonzáles  Nº 635
CAJAMARCA;CHOTA;CHOTA;ORA HOSPITAL DE APOYO CHOTA - JOSE SOTO CADENILLAS ;OPERATIVO;08:15 - 13:45  ;Ezequiel Montoya Nª 718
PIURA;SULLANA;SULLANA;DE APOYO II-SULLANA;OPERATIVO;08:15 - 13:45  ;SANTA ROSA S/N
PIURA;PIURA;TAMBOGRANDE;TAMBOGRANDE;OPERATIVO;08:15 - 13:45  ;Jr Castilla N° 449 - Plaza de Armas
CAJAMARCA;CUTERVO;CUTERVO;HOSPITAL SANTA MARIA DE CUTERVO;OPERATIVO;08:15 - 13:45  ;Ica S/N
LAMBAYEQUE;OLMOS;OLMOS;PANP OLMOS;OPERATIVO PARCIAL;08:15 - 13:45  ;Av. A. b. Leguia/Calle Alfonso Ugarte
PIURA;PIURA;PIURA;MAC PIURA;OPERATIVO;Lun a Vie 08:00 - 16:45  Sab 08:00 - 13:45 ;Sanchez Cerro con Wiesse Centro Comercial Real Plaza
LA LIBERTAD;TRUJILLO;TRUJILLO;OR TRUJILLO I;OPERATIVO;08:45 - 16:45  ;Pablo Casals Mz. A Lote 6 Urb. Los Cedros
LA LIBERTAD;TRUJILLO;VICTOR LARCO HERRERA;OR TRUJILLO II;OPERATIVO;08:45 - 16:45  ;Larco Nº 1096 - 1º Piso
LA LIBERTAD;TRUJILLO;EL PORVENIR;OR EL PORVENIR;OPERATIVO;08:45 - 16:45  ;Gabriel Aguilar Nº 1657
LA LIBERTAD;TRUJILLO;EL PORVENIR;OR ALTO TRUJILLO;OPERATIVO;08:45 - 16:45  ;Mz. T Lote 2 del Barrio 3
CAJAMARCA;CAJAMARCA;CAJAMARCA;OR CAJAMARCA;OPERATIVO;08:45 - 16:45  ;Del Comercio Nº 629-633 (Ex Jiron Lima N° 611, 613 y 619)
LA LIBERTAD;PATAZ;PARCOY;OR PARCOY;OPERATIVO;08:15 - 13:45  ;San Martín N° 859
LA LIBERTAD;OTUZCO;OTUZCO;AG OTUZCO;OPERATIVO;08:45 - 16:45  ;Elías Armas Castillo Lote 5-E-1 Mz. 28
LA LIBERTAD;PACASMAYO;SAN PEDRO DE LLOC;AG PACASMAYO;OPERATIVO;08:45 - 16:45  ;Alianza Nº 524
LA LIBERTAD;SANCHEZ CARRION;HUAMACHUCO;AG SANCHEZ CARRION;OPERATIVO;08:45 - 16:45  ;Alfonso Ugarte Nº 567
LA LIBERTAD;PATAZ;CHILLIA;AG CHILLIA;OPERATIVO;08:15 - 13:45  ;Comercio S/N Centro Civico
LA LIBERTAD;ASCOPE;ASCOPE;PAP ASCOPE;OPERATIVO;08:45 - 16:45  ;Grau N° 879
LA LIBERTAD;VIRU;VIRU;PAP VIRU;OPERATIVO;08:45 - 16:45  ;Lote N° 08 Manzana A Urb. Las Palmeras
CAJAMARCA;CONTUMAZA;CONTUMAZÁ;PAP CONTUMAZA;OPERATIVO;08:15 - 13:45  ;Miguel Grau Nº 212
LA LIBERTAD;GRAN CHIMU;CASCAS;PAP GRAN CHIMU;OPERATIVO;08:15 - 13:45  ;Progreso S/N Cdra 3
CAJAMARCA;CAJABAMBA;CAJABAMBA;PAP CAJABAMBA;OPERATIVO;08:45 - 16:45  ;Grau Nº 224 
CAJAMARCA;CELENDIN;CELENDÍN;PAP CELENDIN;OPERATIVO;08:45 - 16:45  ;Pardo N° 610
CAJAMARCA;HUALGAYOC;BAMBAMARCA;PAP HUALGAYOC;OPERATIVO;08:45 - 16:45  ;07 de Junio Nº 470
CAJAMARCA;SAN MARCOS;PEDRO GÁLVEZ;PAP SAN MARCOS;OPERATIVO;08:45 - 16:45  ; Alfonso Ugarte N° 325
LA LIBERTAD;BOLIVAR;BOLÍVAR;PAP BOLIVAR;OPERATIVO;08:15 - 13:45  ;Bolivar N° 319 - Mz 20 - Lote 8
LA LIBERTAD;JULCAN;JULCÁN;PAP JULCAN;OPERATIVO PARCIAL;08:15 - 13:45  ;28 de Julio N°201 Centro Civico
LA LIBERTAD;SANTIAGO DE CHUCO;SANTIAGO DE CHUCO;PAP SANTIAGO DE CHUCO;OPERATIVO;08:15 - 13:45  ;Luis de La Puente Uceda  Nº 1120
CAJAMARCA;SAN PABLO;SAN PABLO;PAP SAN PABLO;OPERATIVO;08:15 - 13:45  ;13 de Julio 166 - Plaza de Armas
CAJAMARCA;SAN MIGUEL;SAN MIGUEL;PAP SAN MIGUEL;OPERATIVO PARCIAL;08:15 - 13:45  ;Pedro Novoa Nº 448
LA LIBERTAD;CHEPEN;CHEPÉN;PAP CHEPEN;OPERATIVO;08:45 - 16:45  ;Chepen
LA LIBERTAD;PATAZ;TAYABAMBA;PAP PATAZ;OPERATIVO;08:15 - 13:45  ;José Gálvez Nº 332
CAJAMARCA;CAJAMARCA;CAJAMARCA;ORA REGIONAL CAJAMARCA;OPERATIVO;08:15 - 13:45  ;Mario Urteaga N° 500
CAJAMARCA;CAJAMARCA;BAÑOS DEL INCA;ORA BAÑOS DEL INCA;OPERATIVO;08:15 - 13:45  ;Pachacutec 439
CAJAMARCA;CAJABAMBA;CAJABAMBA;ORA NUESTRA SEÑORA DEL ROSARIO;OPERATIVO;08:15 - 13:45  ;La Torre N° 277
LA LIBERTAD;CELENDIN;CELEDIN;ORA DE APOYO CELENDIN;OPERATIVO;08:15 - 13:45  ;Bolognesi N° 740
LA LIBERTAD;CHEPEN;CHEPEN;ORA DE APOYO CHEPEN;OPERATIVO;08:15 - 13:45  ;28 DE JULIO S/N
LA LIBERTAD;SANCHEZ CARRION;HUAMACHUCO;ORA DE APOYO LEONCIO PRADO;OPERATIVO;08:15 - 13:45  ;10 DE JULIO N° 209
LA LIBERTAD;TRUJILLO;LA ESPERANZA;JERUSALEN;OPERATIVO;08:15 - 13:45  ;PASAJE 1 BARRIO 3 MZ. 20 LT. 02 SECTOR JERUSALEN
LA LIBERTAD;OTUZCO;OTUZCO;ELPIDIO BEROVIDES PEREZ;OPERATIVO;08:15 - 13:45  ;PROGRESO 385
LA LIBERTAD;TRUJILLO;TRUJILLO;ORA HOSPITAL BELÉN DE TRUJILLO;OPERATIVO;08:15 - 13:45  ;Bolívar Nº 350
LA LIBERTAD;CAJAMARCA;CAJAMARCA;ORA SIMON BOLIVAR;OPERATIVO;08:15 - 13:45  ;Mario Urteaga N° 500
LA LIBERTAD;CAJAMARCA;CAJAMARCA;MAC CAJAMARCA;OPERATIVO;Lun a Vie 08:00 - 16:45  Sab 08:00 - 13:45 ;Av. Via de Evitamineto. Jr. El Mutuy y Av. La Cantuta - Cajamarca - Centro Comercial Real Plaza Segundo Piso
LORETO;ALTO AMAZONAS;YURIMAGUAS;AG ALTO AMAZONAS;OPERATIVO;08:45 - 16:45  ;Mariscal Castilla N° 411
SAN MARTIN;BELLAVISTA;BELLAVISTA;AG BELLAVISTA;OPERATIVO;08:15 - 13:45  ;Iquitos Nº 370
SAN MARTIN;MARISCAL CACERES;JUANJUI;AG MARISCAL CACERES;OPERATIVO;08:45 - 16:45  ;Eduardo Peña Meza N° 772 
SAN MARTIN;MOYOBAMBA ;MOYOBAMBA;AG MOYOBAMBA;OPERATIVO;08:45 - 16:45  ;Alonso de Alvarado N° 973
SAN MARTIN;PICOTA;PICOTA;AG PICOTA;OPERATIVO;08:15 - 13:45  ;Miguel Grau N° 338
SAN MARTIN;EL DORADO ;SAN JOSE DE SISA;AG EL DORADO;OPERATIVO;08:15 - 13:45  ;Huascar N° 265
SAN MARTIN;HUALLAGA;SAPOSOA;AG HUALLAGA;OPERATIVO;08:15 - 13:45  ;Lima N° 591
SAN MARTIN;LAMAS;LAMAS;AG LAMAS;OPERATIVO;08:15 - 13:45  ;San Martín N° 934
LORETO;DATEM DEL MARAÑON;BARRANCA;PAP DATEM DEL MARAÑON;OPERATIVO;08:45 - 16:45  ;Tigre N° 249 - San Lorenzo
SAN MARTIN;RIOJA;NUEVA CAJAMARCA;AG NUEVA CAJAMARCA;OPERATIVO;08:45 - 16:45  ;Piura N° 300
LORETO;ALTO AMAZONAS;LAGUNAS;AG LAGUNAS;OPERATIVO PARCIAL;08:15 - 13:45  ;Juan Vasquez N° 232
SAN MARTIN;SAN MARTIN ;TARAPOTO;OR TARAPOTO;OPERATIVO;08:45 - 16:45  ;Jiménez Pimentel N° 280 
SAN MARTIN;RIOJA;RIOJA;OR RIOJA;OPERATIVO;08:45 - 16:45  ;Angaiza N° 470 - 474
SAN MARTIN;SAN MARTIN ;LA BANDA DE SHILCAYO;LA BANDA DE SHILCAYO;OPERATIVO;08:15 - 13:45  ;Yurimaguas N° 340
SAN MARTIN;SAN MARTIN ;TARAPOTO;ORA TARAPOTO;OPERATIVO;08:15 - 13:45  ;Ángel Delgado Morey Nº 503
SAN MARTIN;SAN MARTIN ;TARAPOTO;ORA RIOJA;OPERATIVO;08:15 - 13:45  ;Jr. Venezia S/N
SAN MARTIN;SAN MARTIN ;TARAPOTO;ORA SAN GEMA DE YURIMAGUAS;OPERATIVO PARCIAL;08:15 - 13:45  ;Progreso 305-307 
LORETO;MAYNAS;PUNCHANA;PAP PUNCHANA;OPERATIVO;08:15 - 13:45  ;Trujillo esquina con Calle Cusco Cdra 5
LORETO;MAYNAS;IQUITOS;OR IQUITOS;OPERATIVO;08:45 - 16:45  ;Prospero con Jr.Putumayo Nº 201
LORETO;MAYNAS;BELÉN;OR BELEN;OPERATIVO;08:15 - 13:45  ;Miraflores S/N P.J. 09 de Octubre
LORETO;MAYNAS;SAN JUAN BAUTISTA;OR SAN JUAN BAUTISTA;OPERATIVO;08:15 - 13:45  ;Abelardo Quiñones Nº 2371 Km 2.5 
LORETO;REQUENA;REQUENA;PAP REQUENA;OPERATIVO;08:15 - 13:45  ;San Antonio S/N Anexo Hotel Municipal
LORETO;MARISCAL RAMON CASTILLA;RAMON CASTILLA;PAP MARISCAL RAMON CASTILLA - CABALLOCOCHA;OPERATIVO;08:15 - 13:45  ;Ayacucho Mz 22 Lt 4 C con Amazonas S/N - Local Municipal
LORETO;LORETO;NAUTA;PAP NAUTA;OPERATIVO;08:15 - 13:45  ;Manuel Pacaya cuadra 5
LORETO;MARISCAL RAMON CASTILLA;YAVARI;PAP YAVARI;OPERATIVO;08:15 - 13:45  ;Dos de Julio S/N Local Municipal
LORETO;PUTUMAYO;PUTUMAYO;PAP PUTUMAYO;OPERATIVO;08:15 - 13:45  ;Arequipa S/N
LORETO;MAYNAS;IQUITOS;"ORA HOSPITAL IQUITOS "" CESAR GARCIA GARAYAR";OPERATIVO;08:15 - 13:45  ;Cornejo Portugal N° 1710
LORETO;MAYNAS;PUNCHANA;"ORA HOSPITAL DE LORETO "" FEPIPE ARRIOLA""";OPERATIVO;08:15 - 13:45  ;28 de Julio S/N
ANCASH;HUARAZ;HUARAZ;AG HUARAZ;OPERATIVO;08:45 - 16:45  ;José Larrea y Laredo N° 764
ANCASH;SANTA;NUEVO CHIMBOTE;AG NUEVO CHIMBOTE;OPERATIVO;08:45 - 16:45  ;Centro Civico Mz. 74-75 Lote 1 Urb. Buenos Aires
ANCASH;CASMA;CASMA;PAP CASMA;OPERATIVO;08:15 - 13:45  ;Lote 13, Manzana C, PVHU Zona Centro Civico sector Hijuela C
ANCASH;HUARMEY;HUARMEY;PAP HUARMEY;OPERATIVO;08:45 - 16:45  ;Centro Civico S/N
ANCASH;HUARI;HUARI;AG HUARI;OPERATIVO;08:45 - 16:45  ;Mariscal Luzuriaga N° 522 - Barrio San Bartolomé
ANCASH;HUAYLAS;CARAZ;AG HUAYLAS;OPERATIVO;08:45 - 16:45  ;Raymondi  215
ANCASH;POMABAMBA;POMABAMBA;AG POMABAMBA;OPERATIVO;08:15 - 13:45  ;Huaraz N° S/N Cuadra 6
ANCASH;SIHUAS;SIHUAS;AG SIHUAS;OPERATIVO;08:15 - 13:45  ;Señor de los Milagros Nº 211
ANCASH;RECUAY;RECUAY;PAP RECUAY;OPERATIVO;08:15 - 13:45  ;Plaza de Armas Nº 170 Tienda 4
ANCASH;SANTA;CHIMBOTE;OR SANTA;OPERATIVO;08:45 - 16:45  ;Esquina de Enrique Palacios N° 504, 506, 516 y 520 y Jr. Ladislao Espinar N° 401
ANCASH;MARISCAL LUZURIAGA;PISCOBAMBA;PAP MARISCAL LUZURIAGA;OPERATIVO;08:15 - 13:45  ;San Pablo S/N - Plaza de Armas de Piscobamba
ANCASH;CARLOS FERMIN FITZCARRALD;SAN LUÍS;PAP CARLOS FERMIN FITZCARRALD;OPERATIVO;08:15 - 13:45  ;Ramón Castilla N° 320 - San Luís
ANCASH;PALLASCA;PAMPAS;AG PAMPAS;OPERATIVO;08:15 - 13:45  ;Plaza de Armas S/N - Municipalidad Distrital de Pampas
ANCASH;YUNGAY;YUNGAY;PAP YUNGAY;OPERATIVO PARCIAL;08:15 - 13:45  ;Arias Grazziani S/N Plaza de Armas
ANCASH;CARHUAZ;CARHUAZ;PAP CARHUAZ;OPERATIVO;08:15 - 13:45  ;La Merced Nº 1006
ANCASH;SANTA;CHIMBOTE;ORA LA CALETA;OPERATIVO;08:15 - 13:45  ;Malecon Grau S/N La Caleta
ANCASH;SANTA;NUEVO CHIMBOTE;ORA ELEAZAR GUZMAN BARRON;OPERATIVO;08:15 - 13:45  ;Brasil S/N Urb. Santa Cristina
ANCASH;HUARAZ;HUARAZ;ORA VICTOR RAMOS GUARDIA;OPERATIVO;08:15 - 13:45  ;Mariscal Luzuriaga Cdra 01 intercepción con Jr. Pedro Villon cdra 10
ANCASH;HUAYLAS;CARAZ;ORA HOPSITAL APOYO CARAZ;OPERATIVO;08:15 - 13:45  ;Circunvalacion Norte S/N CARAZ
JUNIN;CHANCHAMAYO;CHANCHAMAYO;AG CHANCHAMAYO;OPERATIVO;08:45 - 16:45  ;Tarma Nº 236
JUNIN;HUANCAYO;EL TAMBO;OR HUANCAYO;OPERATIVO;08:45 - 16:45  ;Julio Summar N° 351
JUNIN;TARMA;TARMA;AG TARMA;OPERATIVO;08:45 - 16:45  ;Arequipa Nº 939
JUNIN;CHANCHAMAYO;PICHANAQUI;PAP PICHANAQUI;OPERATIVO;08:45 - 16:45  ;Independencia S/N Coliseo Municipal
JUNIN;CHUPACA;CHUPACA;PAP CHUPACA;OPERATIVO;08:45 - 16:45  ;Grau N° 195
JUNIN;JAUJA;JAUJA;PAP JAUJA;OPERATIVO;08:15 - 13:45  ;Sucre N° 889
JUNIN;SATIPO;SATIPO;PAP SATIPO;OPERATIVO;08:15 - 13:45  ;"Micaela Bastidas y Jr. Augusto B. Leguia y forma parte del denominado Centro Civico "" Ruben Rocha Mariños"""
JUNIN;YAULI;SANTA ROSA DE SACCO;PAP YAULI;OPERATIVO;08:15 - 13:45  ;Miguel Grau N° 309
JUNIN;SATIPO;PANGOA;PAP PANGOA;OPERATIVO;08:15 - 13:45  ;07 de Junio Nº 641 Plaza Principal Centro Civico
JUNIN;SATIPO;MAZAMARI;PAP MAZAMARI;OPERATIVO;08:15 - 13:45  ;San Juan N° 377
JUNIN;JUNIN;JUNIN;PAP JUNIN;OPERATIVO;08:15 - 13:45  ;Simón Bolivar N° 820
JUNIN;CONCEPCION;CONCEPCIÓN;PAP CONCEPCIÓN;OPERATIVO;08:15 - 13:45  ;Ricardo Palma S/N Mercado Central Interior 1  Concepción 
JUNIN;HUANCAYO;HUANCAYO;ORA  MATERNO INFANTIL EL CARMEN;OPERATIVO;08:15 - 13:45  ;Puno Nº 911
JUNIN;JAUJA;JAUJA;ORA HOSPITAL DOMINGO OLAVEGOYA;OPERATIVO;08:15 - 13:45  ;Jr San Martin 1153
JUNIN;CHANCHAMAYO;PICHANAQUI;ORA HOSPITAL DE APOYO PICHANAKI;OPERATIVO;08:15 - 13:45  ;San Martin S/N
JUNIN;CHANCHAMAYO;CHANCHAMAYO;HOPITAL REGIONAL DOC. JULIO DEMARINI;OPERATIVO;08:15 - 13:45  ;Daniel A. Carrion 
JUNIN;TARMA;TARMA;ORA DE APOYO FELIX MAYORCA SOTO;OPERATIVO;08:15 - 13:45  ;Puno Nº 911
APURIMAC;ANDAHUAYLAS;ANDAHUAYLAS;OR ANDAHUAYLAS;OPERATIVO;08:45 - 16:45  ;Jr. Amauta N° 311 – Talavera
AYACUCHO;HUAMANGA;AYACUCHO;OR HUAMANGA;OPERATIVO;08:45 - 16:45  ;San Martin Nºs 473, 475, 477 y 477A
AYACUCHO;HUANTA;HUANTA;AG HUANTA;OPERATIVO;08:45 - 16:45  ;Ayacucho N° 313 
APURIMAC;CHINCHEROS;CHINCHEROS;PAP CHINCHEROS;OPERATIVO;08:45 - 16:45  ;Cotabambas Nº 121
CUSCO;LA CONVENCION;PICHARI;PAP PICHARI;OPERATIVO;08:45 - 16:45  ;La Cultura S/N con Jr.Las Malvinas
AYACUCHO;CANGALLO;CANGALLO;PAP CANGALLO;OPERATIVO;08:15 - 13:45  ;Maria Parado de Bellido Nº 205
AYACUCHO;LA MAR;AYNA;PAP AYNA -SAN FRANCISCO;OPERATIVO;08:15 - 13:45  ;28 de Julio S/N San Francisco
AYACUCHO;VICTOR FAJARDO;HUANCAPI;PAP VICTOR FAJARDO;OPERATIVO;08:15 - 13:45  ;Principal Nº 127
AYACUCHO;LA MAR;SAN MIGUEL;PAP LA MAR;OPERATIVO;08:15 - 13:45  ;Jr. Bolognesi 364
AYACUCHO;VILCAS HUAMAN;VILCAS HUAMAN;PAP VILCASHUAMAN;OPERATIVO;08:15 - 13:45  ;Los Incas N° 318
AYACUCHO;LA MAR;SAMUGARI - PALMAPAMPA;PAP SAMUGARI -PALMAPAMPA;OPERATIVO;08:15 - 13:45  ;Los Laureles S/N Parque Principal
AYACUCHO;SUCRE;QUEROBAMBA;PAP SUCRE;OPERATIVO;08:15 - 13:45  ;Bolívar S/N  Plaza de Armas Consejo Provincial de SUCRE
AYACUCHO;HUANCASANCOS;SANCOS;PAP HUANCASANCOS;OPERATIVO;08:15 - 13:45  ;Ananias Sumaris S/N Sancos
AYACUCHO;HUAMANGA;AYACUCHO;HOSPITAL REGIONAL DE AYACUCHO;OPERATIVO;08:15 - 13:45  ; Independencia N° 355
AYACUCHO;HUANTA;HUANTA;HOSPITAL DE APOYO HUANTA;OPERATIVO;08:15 - 13:45  ;Mariscal Castilla Nº 628
AYACUCHO;HUAMANGA;JESUS NAZARENO;HOSPITAL DE APOYO JESUS NAZARENO;OPERATIVO;08:15 - 13:45  ;Ciro Alegría 547
APURÍMAC;ANDAHUAYLAS;ANDAHUAYLAS;HOSPITAL DOCENTE HUGO PESCE PESCETTO ANDAHUAYLAS;OPERATIVO;08:15 - 13:45  ;Hugo Pesce Nº 180
AYACUCHO;CAMGALLO;LOS MOROCHUCOS;PAMPA CANGALLO;OPERATIVO;08:15 - 13:45  ;José Maria Arguedas S/N
CUSCO;LA CONVENCION;KIMBIRI;ORA SAN JUAN DE KIMBIRI - VRAEM;OPERATIVO;08:15 - 13:45  ;AVENIDA AEROPUERTOS/Nº / KIMBIRI / LA CONVENCIÓN / CUSCO
AREQUIPA;AREQUIPA;CAYMA;AG CAYMA;OPERATIVO;08:15 - 13:45  ;Mariscal Castilla N° 223
AREQUIPA;AREQUIPA;AREQUIPA;OR AREQUIPA;OPERATIVO;08:45 - 16:45  ;San Juan de Dios N° 120 y 122 y Santo Domingo N° 101 y 103
AREQUIPA;CAYLLOMA;MAJES;AG MAJES;OPERATIVO;08:45 - 16:45  ;Arequipa S/N - Tienda 06 del Estadio Almirante Miguel Grau - Pedregal
TACNA;TACNA;TACNA;AG TACNA;OPERATIVO;08:45 - 16:45  ;Federico Barreto S/N 
MOQUEGUA;MARISCAL NIETO;MOQUEGUA;AG MARISCAL NIETO;OPERATIVO;08:45 - 16:45  ;Lima Nº 676
MOQUEGUA;ILO;ILO;AG ILO;OPERATIVO;08:45 - 16:45  ;Ayacucho N° 529
AREQUIPA;ISLAY;MOLLENDO;AG ISLAY;OPERATIVO;08:45 - 16:45  ;Arequipa Nº 261 
AREQUIPA;CAMANA;CAMANA;AG CAMANA;OPERATIVO;08:15 - 13:45  ;Mariscal Castilla N° 223
AREQUIPA;LA UNION;COTAHUASI;PAP LA UNION;OPERATIVO;08:15 - 13:45  ;Centenario N° 202 - Cotahuasi
AREQUIPA;CAYLLOMA;CHIVAY;PAP CAYLLOMA;OPERATIVO;08:15 - 13:45  ;Siglo XX S/N
AREQUIPA;CARAVELI;CARAVELÍ;PAP CARAVELI;OPERATIVO;08:15 - 13:45  ;Bolivar S/N
AREQUIPA;CONDESUYOS;CHUQUIBAMBA;PAP CONDESUYOS;OPERATIVO;08:15 - 13:45  ;Alameda S/N - Los tres Errantes
AREQUIPA;CASTILLA;APLAO;PAP CASTILLA;OPERATIVO;08:15 - 13:45  ;Progreso S/N
AREQUIPA;CAMANA;CAMANA;ORA HOSPITAL DE APOYO CAMANA;OPERATIVO;08:15 - 13:45  ;Av. Lima 550
AREQUIPA;MARISCAL NIETO;MOQUEGUA;ORA HOSPITAL REGIONAL DE MOQUEGUA;OPERATIVO;08:15 - 13:45  ;Av. San Antonio Norte S/N
AREQUIPA;TACNA;TACNA;ORA HOSPITAL HIPOLITO UNANUE;OPERATIVO;08:15 - 13:45  ;Federico Barreto S/N 
AREQUIPA;AREQUIPA;PAUCARPATA;MAC AREQUIPA;OPERATIVO;Lun a Vie 08:00 - 16:45  Sab 08:00 - 13:45 ;Calla Yavari S/N
APURIMAC;COTABAMBAS;TAMBOBAMBA;PAP TAMBOBAMBA;OPERATIVO;08:15 - 13:45  ;Plaza de Armas S/N
MADRE DE DIOS;TAHUAMANU;IBERIA;AG IBERIA;OPERATIVO;08:15 - 13:45  ;Maximiliano Rodriguez N° 124 Plaza de Armas
CUSCO;PAUCARTAMBO;PAUCARTAMBO;PAP PAUCARTAMBO - JR9;OPERATIVO;08:15 - 13:45  ;Enrique Yabar S/N
MADRE DE DIOS;TAMBOPATA;TAMBOPATA;OR TAMBOPATA;OPERATIVO;08:45 - 16:45  ;Lambayeque N° 159
CUSCO;LA CONVENCION;SANTA ANA;AG LA CONVENCION;OPERATIVO;08:45 - 16:45  ;Miguel Grau Nº 238
CUSCO;CANCHIS;SICUANI;AG CANCHIS;OPERATIVO;08:45 - 16:45  ;28 de Julio Nº 317
APURIMAC;ABANCAY;ABANCAY;OR ABANCAY;OPERATIVO;08:45 - 16:45  ;Unión N° 227
CUSCO;QUISPICANCHI;URCOS;PAP QUISPICANCHI;OPERATIVO;08:45 - 16:45  ;Huascar N° 181
CUSCO;ESPINAR;ESPINAR;PAP ESPINAR;OPERATIVO;08:45 - 16:45  ;Teatro S/N  
CUSCO;CALCA;CALCA;AG CALCA;OPERATIVO;08:45 - 16:45  ;Plaza de Armas S/N
CUSCO;CUSCO;CUSCO;OR CUSCO;OPERATIVO;08:45 - 16:45  ;El Sol N° 272
MADRE DE DIOS;MANU;MANU;PANP MANU;OPERATIVO PARCIAL;08:15 - 13:45  ;Plaza de Armas S/N - Local Municipal
CUSCO;PARURO;PARURO;PANP PARURO;OPERATIVO PARCIAL;08:15 - 13:45  ;Plaza de Armas S/N - Local Municipal
CUSCO;CHUMBIVILCAS;SANTO TOMAS;PAP CHUMBIVILCAS;OPERATIVO;08:15 - 13:45  ;02 de Mayo Nº 303 Parque Paliza
APURIMAC;GRAU;CHUQUIBAMBILLA;PANP GRAU;OPERATIVO PARCIAL;08:15 - 13:45  ;Grau S/N
CUSCO;URUBAMBA;URUBAMBA;PAP URUBAMBA;OPERATIVO;08:15 - 13:45  ;Ferrocarril S/N
CUSCO;ANTA;ANTA ;PAP ANTA;OPERATIVO;08:15 - 13:45  ;Jaquijahuana S/N
APURIMAC;COTABAMBAS;HAQUIRA;PAP HAQUIRA;OPERATIVO;08:15 - 13:45  ;Plaza de Armas Local Municipal
CUSCO;ACOMAYO;ACOMAYO;PAP ACOMAYO;OPERATIVO PARCIAL;08:15 - 13:45  ;Plaza de Armas S/N Palacio Municipal de Acomayo
CUSCO;ACOMAYO;POMACANCHI;PAP POMACANCHI;OPERATIVO PARCIAL;08:15 - 13:45  ;Plaza de Armas S/N
CUSCO;LA CONVENCION;SANTA ANA;QUILLABAMBA ;OPERATIVO;08:15 - 13:45  ;Hospital Quillabamba
CUSCO;CUSCO;SANTIAGO;HOSPITAL ANTONIO LORENA;OPERATIVO;08:15 - 13:45  ;Plazoleta Belen Nº 1358
CUSCO;CANCHIS;SICUANI;SICUANI;OPERATIVO;08:15 - 13:45  ;Manuel Callo 131
APURÍMAC;ABANCAY;ABANCAY;HOSPITAL GUILLERMO DIAZ DE LA VEGA;OPERATIVO;08:15 - 13:45  ;Alcides Carrión S/N
APURÍMAC;COTABAMBAS;TAMBOBAMBA;HOSPITAL REGIONAL DE TAMBOBAMBA;OPERATIVO;08:15 - 13:45  ;Sector Chulcumayo - Barrio Pampaña
CUSCO;CUSCO;CUSCO;HOSPITAL DE APOYO DEPARTAMENTAL CUSCO;OPERATIVO;08:15 - 13:45  ;La Cultura S/N
MADRE DE DIOS;TAMBOPATA;TAMBOPATA;SANTA ROSA;OPERATIVO;08:15 - 13:45  ;Cajamarca 171
CUSCO;CANAS;CANAS;PANP CANAS;OPERATIVO PARCIAL;08:15 - 13:45  ;Plaza de Armas S/N
CUSCO;CUSCO;SANTIAGO;HOSPITAL BELENPAMPA;OPERATIVO;08:15 - 13:45  ;Av. 21 de mayo S/N - Hospital Belenpampa
CUSCO;ESPINAR;ESPINAR;ESPINAR;OPERATIVO;08:15 - 13:45  ;Calle Domingo Huarca S/N
APURÍMAC;AYMARAES;CHALHUANCA;AYMARAES;OPERATIVO PARCIAL;08:15 - 13:45  ;Plaza de Armas S/N - Local de la Gobernatura
APURIMAC;ANTABAMBA;ANTABAMBA;ANTABAMBA;OPERATIVO PARCIAL;08:15 - 13:45  ;Calle Bolivar S/N
LIMA;CALLAO;MI PERÚ;AG MI PERU;OPERATIVO;08:15 - 13:45  ;Mz. G7 Lt. 06 Mi Peru  interior de la sede municipal.
LIMA;LIMA;JESÚS MARÍA;AG 06 DE AGOSTO;OPERATIVO;08:45 - 16:45  ;06 de Agosto N° 856
LIMA;LIMA;MIRAFLORES;OR MIRAFLORES;OPERATIVO;08:45 - 16:45  ;Ernesto Diez Canseco N° 230
LIMA;LIMA;SAN ISIDRO;AG EREP SAN ISIDRO;OPERATIVO;08:45 - 16:45  ;Javier Prado Este N° 990
LIMA;LIMA;PACHACAMAC;OR PACHACAMAC;OPERATIVO;08:45 - 16:45  ;Paul Poblet N° 3111 - Frontis del Centro Comercial Jumbo
LIMA;LIMA;PUENTE PIEDRA;OR PUENTE PIEDRA;OPERATIVO;08:45 - 16:45  ;Ricardo Palma Nº 241
LIMA;LIMA;LIMA;AG ANCASH;OPERATIVO;08:45 - 16:45  ;Ancash Nº 336-340 y 344 (Frente a la Plazuela San Francisco) - Lima
LIMA;LIMA;LIMA;OR QUILCA;OPERATIVO;08:45 - 16:45  ;Quilca Nº 501 y 525 Esq. con Jr. Washington - Lima Cercado
LIMA;LIMA;COMAS;OR COMAS III;OPERATIVO;08:45 - 16:45  ;San Felipe Nº 830 Urb. San Felipe
LIMA;LIMA;SAN MARTÍN DE PORRES;OR SAN MARTIN DE PORRES;OPERATIVO;08:45 - 16:45  ;Eduardo de Habich Nº 590 - 592 
LIMA;LIMA;CIENEGUILLA;OR CIENEGUILLA;OPERATIVO;08:45 - 16:45  ;"San Martin Lote 15, Zona ""D"" Manzana ""D"" CPR Tambo Viejo"
LIMA;LIMA;LURIN;OR LURIN;OPERATIVO;08:45 - 16:45  ;Simon Bolivar N° 267
LIMA;LIMA;VILLA EL SALVADOR;OR VILLA EL SALVADOR;OPERATIVO;08:45 - 16:45  ;Arriba Peru Nº 640 Sector 2, Grupo 7, Mz J, Lt 05 
LIMA;LIMA;SANTIAGO DE SURCO;OR SURCO - HIGUERETA;OPERATIVO;08:45 - 16:45  ;Santiago de Surco Nº 2807 (Ex. Av. Tomás Marsano) Urb. Residencial Higuereta
LIMA;CALLAO;VENTANILLA;OR VENTANILLA;OPERATIVO;08:45 - 16:45  ;Av F Mz M2 Lt 1 PP Nuevo Pachacútec
LIMA;LIMA;ATE;OR ATE;OPERATIVO;08:45 - 16:45  ;Industrial Nº 438 - 442 Mz F Lote 52
LIMA;LIMA;LURIGANCHO;OR CHOSICA;OPERATIVO;08:45 - 16:45  ;Chucuito Nº 248 - Chosica
LIMA;LIMA;SANTA ANITA;OR SANTA ANITA;OPERATIVO;08:45 - 16:45  ;Los Eucaliptos N° 947 - Urb. Universal
LIMA;LIMA;COMAS;OR COMAS I;OPERATIVO;08:45 - 16:45  ;Tupac Amaru N° 5527 - 5531 - 5535, MZ I1 Lote 13 Urb Huaquillay
LIMA;CALLAO;CALLAO;OR CALLAO;OPERATIVO;08:45 - 16:45  ;Dos de Mayo N° 440 - 446
LIMA;LIMA;SAN JUAN DE LURIGANCHO;OR SAN JUAN DE LURIGANCHO;OPERATIVO;08:45 - 16:45  ;Las Flores N° 2060-262 Mz. G Lote 1 Urb. San Rafael
LIMA;LIMA;SAN BORJA;OR SAN BORJA;OPERATIVO;08:45 - 16:45  ;San Luis N° 1673 Urb. Jacaranda II
LIMA;LIMA;INDEPENDENCIA;OR INDEPENDENCIA;OPERATIVO;08:45 - 16:45  ;Los Andes Nº 486 Urb. Industrial Panamericana Norte
LIMA;LIMA;JESÚS MARÍA;OR JESUS MARIA;OPERATIVO;08:45 - 16:45  ;Talara N° 130-132-134 y 136
LIMA;YAUYOS;YAUYOS;AG YAUYOS;OPERATIVO;08:45 - 16:45  ;Plaza Constitución Nº 110
LIMA;LIMA;LIMA;OR LIMA;OPERATIVO;08:45 - 16:45  ;Cusco N° 653 (Plaza Castañeta) y Jr. Ayacucho N° 685
LIMA;LIMA;SAN JUAN DE MIRAFLORES;OR SAN JUAN DE MIRAFLORES;OPERATIVO;08:45 - 16:45  ;Guillermo Billinghurst N°769 - 767 
LIMA;HUAROCHIRI;MATUCANA;AG MATUCANA;OPERATIVO;08:15 - 13:45  ;Tacna N° 626
LIMA;OYON;OYON;AG OYON;OPERATIVO;08:15 - 13:45  ;Mineria Nº 260 Barrio de Ocros
LIMA;CAÑETE;SAN VICENTE DE CAÑETE;AG CAÑETE;OPERATIVO;08:45 - 16:45  ;Los Libertadores Mz. D-3 Lote 4 Urbanización Tercer Mundo
LIMA;CANTA;CANTA;AG CANTA;OPERATIVO;08:15 - 13:45  ;Independencia Nº 308 Municipio (Plaza de Armas)
LIMA;HUARAL;HUARAL;AG HUARAL;OPERATIVO;08:45 - 16:45  ;Los Pinos Nº 149 Mz E Lote 4 Pasaje Urb. El Rosario
LIMA;HUAURA;HUACHO;AG HUACHO;OPERATIVO;08:45 - 16:45  ;Grau Nº 295
LIMA;BARRANCA;BARRANCA;OR BARRANCA;OPERATIVO;08:45 - 16:45  ;Independencia N° 674 - 676 - 678
LIMA;CAJATAMBO;CAJATAMBO;AG CAJATAMBO;OPERATIVO;08:15 - 13:45  ;Bolognesi S/N - Comisiones de Regantes -Frente plaza de Armas
ANCASH;OCROS;OCROS;AG OCROS;OPERATIVO;08:15 - 13:45  ;Local Municipal a una cuadra de la Plaza de Armas
LIMA;LIMA;EL AGUSTINO;HOSP. NAC. HIPOLITO UNANUE;OPERATIVO;08:15 - 13:45  ;Cesar Vallejo Nº 1390 
LIMA;LIMA;ATE;HOSPITAL DE HUAYCAN;OPERATIVO;08:15 - 13:45  ;Av. José Carlos Mariategui s/n, zona B, Huaycan, Ate.
LIMA;LIMA;LIMA;HOSPITAL NACIONAL DOS DE MAYO;OPERATIVO;08:15 - 13:45  ;Parque Historia de la Medicina Peruana Av. Grau S/N Alt. Cdra. 13, Cercado de Lima.
LIMA;CALLAO;BELLAVISTA;HOSPITAL SAN JOSE;OPERATIVO;08:15 - 13:45  ;Las Magnolias 475 Carmen de la Legua-Reynoso
LIMA;LIMA;LIMA;INSTITUTO NACIONAL MATERNO PERINATAL PERINATAL;OPERATIVO;08:15 - 13:45  ;Miroquesada Nº 941 - Lima
LIMA;CALLAO;VILLA MARIA DEL TRIUNFO;HOSPITAL DANIEL ALCIDES CARRION;OPERATIVO;08:15 - 13:45  ;Av. Pachacutec 3470 (pasando el terminal pesquero)
LIMA;LIMA;COMAS;HOSPITAL NACIONAL SERGIO E. BERNALES;OPERATIVO;08:15 - 13:45  ;Av. Tupac Amaru N° 8000, Collique, Comas.
LIMA;LIMA;SAN JUAN DE LURIGANCHO;HOSPITAL SAN JUAN DE LURIGANCHO;OPERATIVO;08:15 - 13:45  ;Av. Canto Grande s/n - Alt. Paradero 10 Canto Grando.
LIMA;LIMA;SAN MARTIN;HOSPITAL NACIONAL CAYETANO HEREDIA;OPERATIVO;08:15 - 13:45  ;Honorio Delgado N° 262 - Urb. Ingeniería / Obstetricia
LIMA;BARRANCA;BARRANCA;ORA BARRANCA ;OPERATIVO;08:15 - 13:45  ;Av. Nicolás de Piérola N° 210-224 en el Distrito de Barranca
LIMA;BARRANCA;BARRANCA;ORA BARRANCA ;OPERATIVO;08:15 - 13:45  ;Av. Nicolás de Piérola N° 210-224 en el Distrito de Barranca
LIMA;CALLAO;VENTANILLA;HOSPITAL DE VENTANILLA;OPERATIVO;08:15 - 13:45  ;Pedro Beltran S/N Ventanilla - Hospital de Ventanilla
LIMA;LIMA;SAN BORJA;OR ATENCIONES ESPECIALES DE SAN BORJA;OPERATIVO;08:45 - 16:45  ;Javier Prado N° 2388 -2386 - 2392
LIMA;LIMA;EL AGUSTINO;MAC - LIMA ESTE;OPERATIVO;Lun a Vie 08:00 - 16:45  Sab 08:00 - 13:45 ;Mall Open Plaza Santa Anita
LIMA;CALLAO;VENTANILLA;MAC - VENTANILLA;OPERATIVO;Lun a Vie 08:00 - 16:45  Sab 08:00 - 13:45 ;Mz C9 Lt S/N Costado de Palacio Municipal
LIMA;CALLAO;BELLAVISTA;MAC - CALLAO;OPERATIVO;Lun a Vie 08:00 - 16:45  Sab 08:00 - 13:45 ;Oscar R. Benavides N° 3866 - Centro Comercial Mall Aventura Plaza
LIMA;LIMA;SAN JUAN DE MIRAFLORES;MAC - LIMA SUR;OPERATIVO;Lun a Vie 08:00 - 16:45  Sab 08:00 - 13:45 ;Av. Circunvalacion 1801- San Juan de Miraflores
PUNO;PUNO;PUNO;OR PUNO;OPERATIVO;08:45 - 16:45  ;Arequipa 1145
PUNO;SANDIA;SANDIA;PAP SANDIA;OPERATIVO PARCIAL;08:15 - 13:45  ;Lima S/N (Coliseo Cubierto) 
PUNO;SAN ANTONIO DE PUTINA;PUTINA;PAP PUTINA;OPERATIVO;08:15 - 13:45  ;Plaza de Armas (Palacio Municipal)
PUNO;LAMPA;LAMPA;PAP LAMPA;OPERATIVO;08:15 - 13:45  ;Alfonso Ugarte N° 343
PUNO;EL COLLAO;ILAVE;PAP EL COLLAO;OPERATIVO;08:15 - 13:45  ;Coliseo Cubierto Oficina N° 02 Municipio
PUNO;CHUCUITO;JULI;PAP CHUCUITO;OPERATIVO;08:45 - 16:45  ;Ilave S/N Mercado Central Municipio
PUNO;CARABAYA;MACUSANI;PAP CARABAYA;OPERATIVO;08:15 - 13:45  ;Raimondi N° 116
PUNO;YUNGUYO;YUNGUYO;PAP YUNGUYO;OPERATIVO PARCIAL;08:15 - 13:45  ;Grau Nº 625
PUNO;MELGAR;AYAVIRI;PAP MELGAR;OPERATIVO;08:45 - 16:45  ;25 de Diciembre Nº 435 
PUNO;HUANCANE;HUANCANE;PAP HUANCANE;OPERATIVO;08:45 - 16:45  ;Moquegua N° 140 - Barrio Progreso
PUNO;AZANGARO;AZANGARO;PAP AZANGARO;OPERATIVO;08:45 - 16:45  ;Azangaro N° 160  (Palacio Municipal)
PUNO;SAN ROMAN;JULIACA;AG SAN ROMAN;OPERATIVO;08:45 - 16:45  ;Brasesco N° 181 
PUNO;MOHO;MOHO;PAP MOHO;OPERATIVO PARCIAL;08:15 - 13:45  ;Circunvalación S/N Mercado Municipal
PUNO;PUNO;PUNO;ORA HOSPITAL REGIONAL MANUEL NUÑEZ BUTRON;OPERATIVO;08:15 - 13:45  ;El Sol N° 1022
PUNO;SAN ROMAN;JULIACA;ORA HOSPITAL CARLOS MONGE MEDRANO;OPERATIVO;08:15 - 13:45  ;Huancane Km 2
PUNO;AZANGARO;AZANGARO;CARLOS CORNEJO ROSELLO;OPERATIVO;08:15 - 13:45  ;FRANCISCO BOLOGNESI 557
PUNO;MELGAR;AYAVIRI;ORA SAN JUAN DE DIOS - AYAVIRI;OPERATIVO;08:15 - 13:45  ;ARICA 310
PUNO;EL COLLAO;ILAVE;ORA HOSPITAL II - ILAVE;OPERATIVO;08:15 - 13:45  ;Jr. Atahualpa 685
AYACUCHO;LUCANAS ;CABANA;PAP CABANA;OPERATIVO;08:15 - 13:45  ;Jorge Chavez N° 272
AYACUCHO;PAUCAR DEL SARA SARA;PAUSA;PANP PAUCAR DEL SARA SARA;OPERATIVO PARCIAL;08:15 - 13:45  ;Miguel de Cervantes S/N Ubicación Plaza de Armas
ICA;ICA;PARCONA;PAP PARCONA;OPERATIVO;08:15 - 13:45  ;Jhon F. Kennedy N° 500 con Calle Lima S/N 
ICA;ICA;ICA;OR ICA;OPERATIVO;08:45 - 16:45  ;Municipalidad Nº 213-221 y Esquina Calle Bolivar Nª 124
ICA;CHINCHA;CHINCHA ALTA;AG CHINCHA;OPERATIVO;08:45 - 16:45  ;Los Angeles N° 300
AYACUCHO;LUCANAS ;PUQUIO;AG LUCANAS;OPERATIVO;08:15 - 13:45  ;San Pedro N° 216
AYACUCHO;PARINACOCHAS;CORACORA;AG PARINACOCHAS;OPERATIVO;08:15 - 13:45  ;Plaza de Armas S/N Ubicación Centro Cívico
ICA;NASCA;NASCA;AG NASCA;OPERATIVO;08:45 - 16:45  ;Fermín del Castillo Nº 270
ICA;PISCO;PISCO;AG PISCO;OPERATIVO;08:45 - 16:45  ;San Juan de Dios N° 288
ICA;PALPA;PALPA;AG PALPA;OPERATIVO;08:15 - 13:45  ;Portal Escribanos Nº 145 (Municipio)
ICA;Chincha;CHINCHA ALTA;HOSPITAL SAN JOSE;OPERATIVO;08:15 - 13:45  ;Abelardo Alva Maurtua Nº 600
ICA;Ica;ICA;HOSPITAL REGIONAL DE ICA;OPERATIVO;08:15 - 13:45  ;Ayabaca S/N
ICA;Ica;ICA;HOSPITAL SANTA MARIA DEL SOCORRO;OPERATIVO;08:15 - 13:45  ;Castrovirreyna N° 759
ICA;Ica;ICA;HOSPITAL SAN JUAN DE DIOS DE PISCO;OPERATIVO;08:15 - 13:45  ;Fermín Tanguis S/N (Altura del Fundo Alto de la Luna)
AYACUCHO;LUCANAS ;LARAMATE;PANP LARAMATE;OPERATIVO PARCIAL;08:15 - 13:45  ;Ica S/N -Plaza de Armas
ICA;Ica;ICA;HOSPITAL DE APOYO DE NASCA;OPERATIVO;08:15 - 13:45  ;Calle Mello Catanzaro S/N
AYACUCHO;LUCANAS ;PUQUIO;HOSPITAL FELIPE HUAMAN POMA DE AYALA  DE PUQUIO;OPERATIVO;08:15 - 13:45  ;Arnaldo Alvarado S/N
AYACUCHO;PARINACOCHAS;CORACORA;HOSPITAL DE APOYO DE CORACORA;OPERATIVO;08:15 - 13:45  ;Fermín Tanguis S/N (Altura del Fundo Alto de la Luna)
UCAYALI;ATALAYA;TAHUANIA;PAP TAHUANIA;OPERATIVO;08:15 - 13:45  ;7 de Junio  S/N
UCAYALI;PADRE ABAD;IRAZOLA;AG IRAZOLA;OPERATIVO;08:15 - 13:45  ;Saposoa S/N
UCAYALI;CORONEL PORTILLO;CALLERIA;OR PUCALLPA;OPERATIVO;08:45 - 16:45  ;09 de Diciembre N° 378 y Tacna Nº 891 Mz 07 Lt. Acumulado 1-B, independiente.
UCAYALI;PURUS;PURUS;PAP PURUS;OPERATIVO;08:15 - 13:45  ;Villacorta S/N
UCAYALI;ATALAYA;RAIMONDI;PAP ATALAYA;OPERATIVO;08:15 - 13:45  ;Rioja Nº 659
LORETO;UCAYALI;CONTAMANA;PAP CONTAMANA;OPERATIVO;08:15 - 13:45  ;Manuel E. Rojas S/N primera cuadra - Local Municipal.
HUANUCO;PUERTO INCA;PUERTO INCA;PAP PUERTO INCA;OPERATIVO;08:15 - 13:45  ;Vulcano S/N
UCAYALI;PADRE ABAD;PADRE ABAD;PAP PADRE ABAD;OPERATIVO;08:15 - 13:45  ;Federico Basadre N° 156 - Aguaytia
UCAYALI ;CORONEL PORTILLO ;YARINACOCHA ;ORA HOSPITAL AMAZONICO DE YARINACOCHA;OPERATIVO;08:15 - 13:45  ;Aguaytia N° 605
UCAYALI ;CORONEL PORTILLO ;CALLERIA ;ORA HOSPITAL REGIONAL DE PUCALLPA ;OPERATIVO;08:15 - 13:45  ;Agustin Cauper N° 285
HUANCAVELICA;TAYACAJA;COLCABAMBA;AG COLCABAMBA;OPERATIVO;08:15 - 13:45  ;Paseo Santiago Antunes de Mayolo S/N
HUANCAVELICA;TAYACAJA;SURCUBAMBA;AG SURCUBAMBA;OPERATIVO;08:15 - 13:45  ;Alfonso Ugarte S/N
HUANCAVELICA;TAYACAJA;PAMPAS;OR TAYACAJA;OPERATIVO;08:15 - 13:45  ;Lima S/N esquina con Francisco Bolognesi
HUANCAVELICA;CHURCAMPA;CHURCAMPA;OR CHURCAMPA;OPERATIVO;08:15 - 13:45  ;Real N° 255
HUANCAVELICA;CASTROVIRREYNA;CASTROVIRREYNA;OR CASTROVIRREYNA;OPERATIVO;08:15 - 13:45  ;Los Libertadores S/N
HUANCAVELICA;ANGARAES;LIRCAY;OR ANGARAES;OPERATIVO;08:15 - 13:45  ;Centenario S/N - Centro Civico
HUANCAVELICA;ACOBAMBA;PAUCARA;PAP PAUCARA;OPERATIVO;08:15 - 13:45  ;San Martin S/N
HUANCAVELICA;HUANCAVELICA;HUANCAVELICA;OR HUANCAVELICA;OPERATIVO;08:45 - 16:45  ;San Cristobal Nº 380
HUANCAVELICA;ACOBAMBA;ACOBAMBA;OR ACOBAMBA;OPERATIVO;08:15 - 13:45  ;Dos de Mayo N° 459
HUANCAVELICA;HUAYTARA;HUAYTARA;OR HUAYTARA;OPERATIVO;08:15 - 13:45  ; 24 de Junio S/N
HUANCAVELICA;HUANCAVELICA;IZCUCHACA;PAP IZCUCHACA;OPERATIVO PARCIAL;08:15 - 13:45  ;Ferrocarril  S/N 
HUANCAVELICA;TAYACAJA;PAMPAS;ORA PAMPAS;OPERATIVO;08:15 - 13:45  ;Bolivar S/N Cdra. 4 Barrio Yacuraquina
HUANCAVELICA;HUANCAVELICA;YAULI;ORA YAULI;OPERATIVO;08:15 - 13:45  ;Bolognesi S/N
HUANCAVELICA;ANGARES;LIRCAY;ORA LIRCAY;OPERATIVO;08:15 - 13:45  ;Esmeralda S/N
HUANCAVELICA;HUANCAVELICA;HUANCAVELICA;ORA HOSPITAL REGIONAL ZACARIAS CORREA VALDIVIA;OPERATIVO;08:15 - 13:45  ;Andrés Avelino Cáceres S/N - Barrio Yanacancha
PASCO;OXAPAMPA;PALCAZÚ;AG PALCAZU;OPERATIVO;08:15 - 13:45  ;Juan Santos Atahualpa Mz. U Lt 01 Esquina con Av. Juan Frantzen - Mercado de Productores Agropecuarios - Iscozacin
HUANUCO;MARAÑON;HUACRACHUCO;PAP MARAÑON;OPERATIVO;08:15 - 13:45  ;Parque Mayobamba  Av. 28 de Julio N° 620
PASCO;OXAPAMPA;CONSTITUCIÓN;AG CONSTITUCION;OPERATIVO;08:15 - 13:45  ;Oficina N° 03 frenta a la Plaza de Armas, cuarta etapa del distrito de Constitución
HUANUCO;LEONCIO PRADO;JOSÉ CRESPO Y CASTILLO;PAP JOSE CRESPO Y CASTILLO;OPERATIVO;08:15 - 13:45  ;Maria Parado de Bellido
SAN MARTIN;TOCACHE;TOCACHE;PAP TOCACHE;OPERATIVO;08:45 - 16:45  ;San Juan Cdra 7 S/N Centro Cívico
PASCO;PASCO;PAUCARTAMBO;PAP PAUCARTAMBO ;OPERATIVO;08:15 - 13:45  ;Plaza 28 de Julio S/N
PASCO;OXAPAMPA;PUERTO BERMUDEZ;PAP PUERTO BERMÚDEZ;OPERATIVO;08:15 - 13:45  ;Remigio Morales Bermúdez S/N
PASCO;OXAPAMPA;OXAPAMPA;PAP OXAPAMPA;OPERATIVO;08:45 - 16:45  ;AV SAN MARTIN S/N CUADRA 6 ESQUINA CON JR BELGRADO - OXAPAMPA
PASCO;DANIEL ALCIDES CARRION;YANAHUANCA;PAP DANIEL ALCIDES CARRIÓN;OPERATIVO;08:15 - 13:45  ;Jorge Chavez S/N Plaza Principal
HUANUCO;YAROWILCA;CHAVINILLO;PAP YAROWILCA;OPERATIVO;08:15 - 13:45  ;Virgen de Fatima S/N
HUANUCO;PACHITEA;PANAO;PAP PACHITEA;OPERATIVO;08:15 - 13:45  ;Mayro N° 309
HUANUCO;LEONCIO PRADO;RUPA-RUPA;PAP LEONCIO PRADO;OPERATIVO;08:45 - 16:45  ;Tocache N° 226
HUANUCO;LAURICOCHA;JESÚS;PAP LAURICOCHA;OPERATIVO;08:15 - 13:45  ;Leoncio Prado S/N - Centro Civico
HUANUCO;HUAMALIES;LLATA;PAP HUAMALIES;OPERATIVO;08:15 - 13:45  ;Huánuco N° 265
HUANUCO;DOS DE MAYO;LA UNION;PAP DOS DE MAYO;OPERATIVO;08:15 - 13:45  ;Lourdes N° 222
HUANUCO;AMBO;AMBO;PAP AMBO;OPERATIVO;08:15 - 13:45  ;28 de Julio N° 687 
PASCO;PASCO;YANACANCHA;AG PASCO;OPERATIVO;08:45 - 16:45  ;"Centro Comercial ""Sector Dos de San Juan Pampa Edif. 4 Tienda 3 San Juan-Yanacancha"
HUANUCO;HUANUCO;HUÁNUCO;OR HUANUCO;OPERATIVO;08:45 - 16:45  ;28 de Julio N° 825
SAN MARTIN;TOCACHE;UCHIZA;AG UCHIZA;OPERATIVO PARCIAL;08:15 - 13:45  ;Atahualpa N° 920
PASCO;PASCO;HUARIACA;PAP HUARIACA;OPERATIVO;08:15 - 13:45  ;28 de Julio Nº 129
HUANUCO;LAURICOCHA;BAÑOS;AG BAÑOS;OPERATIVO PARCIAL;08:15 - 13:45  ;Marañon S/N
PASCO;PASCO;YANACANCHA;DR. DANIEL ALCIDES CARRION;OPERATIVO;08:15 - 13:45  ;Los Incas S/N Urb. San Juan
SAN MARTIN;TOCACHE;TOCACHE;HOSPITAL TOCACHE;OPERATIVO;08:15 - 13:45  ;Jorge Chavez 780 - Tocache
HUANUCO;HUANUCO;HUANUCO;HOSPITAL REGIOSNAL HERMILIO VALDIZAN;OPERATIVO;08:15 - 13:45  ;Hermilio Valdizan Nº 950
HUANUCO;HUANUCO;AMARILIS;CARLOS SHOWING FERRARI;OPERATIVO;08:15 - 13:45  ;Av. Micaela Bastidas S/N Paucarbamba - Amarilis 
HUANUCO;LEONCIO PRADO;JOSE CRESPO Y CASTILLO;AUCAYACU;OPERATIVO;08:15 - 13:45  ;Grau N° 401
HUANUCO;LEONCIO PRADO;RUPA-RUPA;HOSPITAL TINGO MARIA;OPERATIVO;08:15 - 13:45  ;Ucayali N° 114
HUANUCO;PACHITEA;PANAO;PANAO;OPERATIVO;08:15 - 13:45  ;Grau Nº 193
CAJAMARCA;JAEN;JAEN;OR JAEN;OPERATIVO;08:45 - 16:45  ;Mariscal Ureta Nº 915
AMAZONAS;RODRIGUEZ DE MENDOZA;SAN NICOLÁS;AG RODRIGUEZ DE MENDOZA;OPERATIVO;08:15 - 13:45  ;Victor Mori N° 204
AMAZONAS;CHACHAPOYAS;CHACHAPOYAS;OR CHACHAPOYAS;OPERATIVO;08:45 - 16:45  ;Triunfo Nº 903 1° Piso
AMAZONAS;LUYA ;LAMUD;AG LUYA;OPERATIVO PARCIAL;08:15 - 13:45  ;Garcilazo de la Vega N° 328
AMAZONAS;BONGARA;JAZAN;AG BONGARA;OPERATIVO;08:15 - 13:45  ;Marginal Nº 100 -Pedro Ruíz
AMAZONAS;BAGUA;IMAZA;OR IMAZA;OPERATIVO;08:15 - 13:45  ;Awajun S/N Plaza de Armas
CAJAMARCA;SAN IGNACIO;SAN IGNACIO;PAP SAN IGNACIO;OPERATIVO;08:15 - 13:45  ;Santo Domingo Nº 169
AMAZONAS;CONDORCANQUI;NIEVA;PAP CONDORCANQUI;OPERATIVO;08:45 - 16:45  ; Gonzalo Puerta S/N 
AMAZONAS;BAGUA;BAGUA;PAP BAGUA;OPERATIVO;08:45 - 16:45  ;Los Cedros Nº 263
AMAZONAS;UTCUBAMBA;BAGUA GRANDE;PAP UTCUBAMBA;OPERATIVO;08:45 - 16:45  ;Simos Bolivar Nº 545
CAJAMARCA;JAEN;PUCARA;PANP PUCARA;OPERATIVO PARCIAL;08:15 - 13:45  ;Calle Lindo 548
CAJAMARCA;San Ignacio;San Ignacio;HOSPITAL SAN IGNACIO;OPERATIVO;08:15 - 13:45  ;Abelardo Quiñones S/N, Sector Santiago
CAJAMARCA;Jaén;Jaén;HOSPITAL GENERAL DE JAEN;OPERATIVO;08:15 - 13:45  ;Huamantanga N° 850
AMAZONAS;Utcubamba;Bagua Grande;HOSPITAL SANTIAGO APOSTOL;OPERATIVO;08:15 - 13:45  ;Felipe Santiago S/N
AMAZONAS;Bagua;Bagua;HOSPITAL DE APOYO BAGUA GUSTAVO LANATA;OPERATIVO;08:15 - 13:45  ;Heroes de Cenepa S/N
AMAZONAS;Bongara;Florida;CENTRO DE SALUD POMACOCHAS - FLORIDA;OPERATIVO;08:15 - 13:45  ;Pomacochas S/N
AMAZONAS;Chachapoyas;Chachapoyas;HOSPITAL REGIONAL VIRGEN DE FATIMA;OPERATIVO;08:15 - 13:45  ;Daniel Alcides Carrion N° 035
AMAZONAS;Bagua;IMAZA;CENTRO DE SALUD CHIRIACO;OPERATIVO;08:15 - 13:45  ;Calle Junin S/N - Chiriaco
