CENTROS DE ATENCIÓN DEL RENIEC A NIVEL NACIONAL A ABRIL 2025,,,,,,,,,,,,,,,,,,,,,
,,,,,,,,,,,,,,,,,,,,,
N°,CODIGO SIO DNI NUM,DEPARTAMENTO,PROVINCIA,DISTRITO,OFICINAS REGIONALES/U.O.,TIPO DE LOCAL,SIGLA TIPO DE LOCAL,CENTRO DE ATENCIÓN,HORARIO DE ATENCIÓN AL PUBLICO,NOMBRE DE LA VIA,"ESTADO
Operativo: Atiente de lunes a viernes
Deplazamiento: Atiende de acuerdo a la programación de RENIEC", ¿Este Centro de Atención toma fotografía? , ¿Este Centro de Atención entrega DNI Electrónico? , TRAMITE DE DNI MAYOR , TRAMITE DE DNI MENOR , ENTREGAS DE DNI , INSCRIPCION DE REGISTROS CIVILES , CERTIFICACION DE REGISTROS CIVILES , CERTIFICACION DEL RUIPN , EREP ,
1,53,LAMBAYEQUE,CHICLAYO,CHICLAYO,01.- PIURA,OFICINA REGISTRAL AUXILIAR,ORA,ORA HOSPITAL REGIONAL DOCENTE LAS MERCEDES (MINSA),08:45 a 16:30 ,Avenida Luis Gonzáles  Nº 635,OPERATIVO,SI,SI,NO,SI,SI,SI,NO,NO,NO,
2,88,LAMBAYEQUE,CHICLAYO,CHICLAYO,01.- PIURA,OFICINA REGISTRAL AUXILIAR,ORA,ORA HOSPITAL ALMANZOR AGUINAGA ASENJO (ESSALUD),08:45 a 16:30,Plaza Plaza de la Seguridad Social S/N,OPERATIVO,SI,SI,NO,SI,SI,SI,NO,NO,NO,
3,112,PIURA,SULLANA,SULLANA,01.- PIURA,OFICINA REGISTRAL AUXILIAR,ORA,ORA HOSPITAL DE APOYO II-SULLANA (MINSA),08:45 a 16:30,Avenida Santa Rosa S/N,OPERATIVO,SI,SI,NO,SI,SI,SI,NO,NO,NO,
4,155,CAJAMARCA,CUTERVO,CUTERVO,01.- PIURA,PUNTO DE ATENCION PERMANENTE,PAP,PAP CUTERVO,08:45 a 16:45,Jirón Comercio N° 1105-1107 Mz. 203 Lt. 14-Urb. Los Jardines ,OPERATIVO,SI,SI,SI,SI,SI,NO,SI,SI,SI,
5,156,CAJAMARCA,CHOTA,CHOTA,01.- PIURA,AGENCIA,AG,AG CHOTA,08:45 a 16:45,Jirón 30 de Agosto N° 848,OPERATIVO,SI,SI,SI,SI,SI,NO,SI,SI,SI,
6,159,CAJAMARCA,SANTA CRUZ,SANTA CRUZ,01.- PIURA,PUNTO DE ATENCION PERMANENTE,PAP,PAP SANTA CRUZ,08:45 a 16:45,Jirón Domingo Negrón Nº 399,OPERATIVO,NO,NO,SI,SI,SI,NO,SI,SI,NO,
7,179,LAMBAYEQUE,CHICLAYO,JOSE LEONARDO ORTIZ,01.- PIURA,OFICINA REGISTRAL,OR,OR JOSÉ LEONARDO ORTIZ,08:45 a 16:45,Calle Cacique Cinto Nº 317 Urb. Latina,OPERATIVO,SI,SI,SI,SI,SI,SI,SI,SI,SI,
8,351,LAMBAYEQUE,CHICLAYO,CHICLAYO,01.- PIURA,OFICINA REGISTRAL,OR,OR CHICLAYO,08:45 a 16:45,Avenida Balta N° 680 y esquina con Av. Elias Aguirre,OPERATIVO,SI,SI,SI,SI,SI,SI,SI,SI,SI,
9,352,LAMBAYEQUE,FERREÑAFE,FERREÑAFE,01.- PIURA,PUNTO DE ATENCION PERMANENTE,PAP,PAP FERREÑAFE,08:45 a 16:45,Calle Tres Marías Nº 717 – B,OPERATIVO,NO,NO,SI,SI,SI,NO,SI,SI,NO,
10,353,LAMBAYEQUE,LAMBAYEQUE,LAMBAYEQUE,01.- PIURA,PUNTO DE ATENCION PERMANENTE,PAP,PAP LAMBAYEQUE,08:45 a 16:45,Avenida Huamachuco N° 342,OPERATIVO,SI,SI,SI,SI,SI,NO,SI,SI,SI,
11,473,CAJAMARCA,CUTERVO,CUTERVO,01.- PIURA,OFICINA REGISTRAL AUXILIAR,ORA,ORA SANTA MARIA DE CUTERVO (MINSA),08:45 a 16:30,Jirón Ica S/N,OPERATIVO,SI,SI,NO,SI,SI,SI,NO,NO,NO,
12,474,CAJAMARCA,CHOTA,CHOTA,01.- PIURA,OFICINA REGISTRAL AUXILIAR,ORA,ORA HOSPITAL DE APOYO CHOTA - JOSE SOTO CADENILLAS (MINSA),08:45 a 16:30,Jirón Ezequiel Montoya Nª 718,OPERATIVO,SI,SI,NO,SI,SI,SI,NO,NO,NO,
13,521,PIURA,PIURA,PIURA,01.- PIURA,OFICINA REGISTRAL,OR,OR PIURA,08:45 a 16:45,Calle Libertad Nº 568,OPERATIVO,SI,SI,SI,SI,SI,SI,SI,SI,SI,
14,522,PIURA,AYABACA,AYABACA,01.- PIURA,PUNTO DE ATENCION PERMANENTE,PAP,PAP AYABACA,08:45 a 16:45,Calle Bolognesi N° 181,OPERATIVO,NO,NO,SI,SI,SI,NO,SI,SI,NO,
15,523,PIURA,HUANCABAMBA,HUANCABAMBA,01.- PIURA,PUNTO DE ATENCION PERMANENTE,PAP,PAP HUANCABAMBA,08:45 a 16:45, Complejo Terminal Terrestre S/N - Stand 14,OPERATIVO,NO,NO,SI,SI,SI,NO,NO,NO,NO,
16,524,PIURA,MORROPON,CHULUCANAS,01.- PIURA,AGENCIA,AG,AG CHULUCANAS,08:45 a 16:45,Jirón Cuzco N° 202,OPERATIVO,SI,SI,SI,SI,SI,NO,SI,SI,SI,
17,525,PIURA,PAITA,PAITA,01.- PIURA,PUNTO DE ATENCION PERMANENTE,PAP,PAP PAITA,08:45 a 16:45,Jirón San Martin S/N Plaza de Armas - Municipalidad de Paita,OPERATIVO,SI,NO,SI,SI,SI,NO,SI,SI,NO,
18,526,PIURA,SULLANA,SULLANA,01.- PIURA,OFICINA REGISTRAL,OR,OR SULLANA,08:45 a 16:45,Calle Leoncio Prado Nº 517 ,OPERATIVO,SI,SI,SI,SI,SI,SI,SI,SI,SI,
19,527,PIURA,TALARA,PARIÑAS,01.- PIURA,AGENCIA,AG,AG TALARA,08:45 a 16:45,Avenida Mártires Petroleros B-3 Conjunto Habitacional - Talara,OPERATIVO,SI,SI,SI,SI,SI,NO,SI,SI,SI,
20,528,PIURA,SECHURA,SECHURA,01.- PIURA,PUNTO DE ATENCION PERMANENTE,PAP,PAP SECHURA,08:45 a 16:45,Calle Dos de Mayo Nº 618 - Plaza de Armas - Municipalidad de Sechura,OPERATIVO,SI,NO,SI,SI,SI,NO,SI,SI,NO,
21,531,PIURA,PIURA,TAMBO GRANDE,01.- PIURA,PUNTO DE ATENCION PERMANENTE,PAP,PAP TAMBOGRANDE,08:45 a 16:45,Jirón Piura 375,OPERATIVO,SI,NO,SI,SI,SI,NO,SI,SI,NO,
22,576,PIURA,PIURA,PIURA,01.- PIURA,MEJOR ATENCION AL CIUDADANO,MAC,MAC - PIURA,08:30 a 16:30,Avenida Sanchez Cerro con Wiesse Centro Comercial Real Plaza,OPERATIVO,SI,SI,SI,SI,SI,NO,SI,SI,SI,
23,611,PIURA,PAITA,PAITA,01.- PIURA,OFICINA REGISTRAL AUXILIAR,ORA,ORA HOSPITAL LAS MERCEDES-PAITA (MINSA),08:45 a 16:30, Zona Industrial Sector II Mz. H Lt. 1 Jr. Los Pescadores S/N ,OPERATIVO,SI,SI,NO,SI,SI,SI,NO,NO,NO,
24,641,TUMBES,TUMBES,TUMBES,01.- PIURA,OFICINA REGISTRAL,OR,OR TUMBES,08:45 a 16:45,Avenida Tumbes Norte  Nº 550,OPERATIVO,SI,SI,SI,SI,SI,SI,SI,SI,SI,
25,642,TUMBES,CONTRALMIRANTE VILLAR,ZORRITOS,01.- PIURA,PUNTO DE ATENCION NO PERMANENTE,PANP,PANP CONTRALMIRANTE VILLAR - ZORRITOS,08:45 a 16:45,Avenida Grau Nº 305,DESPLAZAMIENTO,NO,NO,SI,SI,SI,NO,NO,NO,NO,
26,643,TUMBES,ZARUMILLA,ZARUMILLA,01.- PIURA,PUNTO DE ATENCION PERMANENTE,PAP,PAP ZARUMILLA,08:45 a 16:45,Avenida El Ejérrcito Nº 105 - Interior Biblioteca Municipal,OPERATIVO,SI,NO,SI,SI,SI,NO,SI,SI,NO,
27,719,LAMBAYEQUE,LAMBAYEQUE,OLMOS,01.- PIURA,PUNTO DE ATENCION NO PERMANENTE,PANP,PANP OLMOS,08:45 a 16:45,Avenida A. B. Leguía/Calle Alfonso Ugarte,DESPLAZAMIENTO,NO,NO,SI,SI,SI,NO,NO,NO,NO,
28,721,PIURA,PIURA,TAMBO GRANDE,01.- PIURA,OFICINA REGISTRAL AUXILIAR,ORA,ORA TAMBO GRANDE (MINSA),08:45 a 16:30,"Avenida Froilan Alama,, AA.HH.Froilan Alama",OPERATIVO,SI,SI,NO,SI,SI,SI,NO,NO,NO,
29,731,LAMBAYEQUE,LAMBAYEQUE,LAMBAYEQUE,01.- PIURA,OFICINA REGISTRAL AUXILIAR,ORA,ORA HOSPITAL PROVINCIAL DOCENTE BELEN-LAMBAYEQUE (MINSA),08:45 a 16:30,Avenida Ramón Castilla Nº 597,OPERATIVO,SI,SI,NO,SI,SI,SI,NO,NO,NO,
30,732,TUMBES,TUMBES,TUMBES,01.- PIURA,OFICINA REGISTRAL AUXILIAR,ORA,ORA HOSPITAL REGIONAL JOSE ALFREDO MENDOZA OLAVARRIA JAMO II-2 (MINSA),08:45 a 16:30,Avenida 24 de Julio Nº 565 ,OPERATIVO,SI,SI,NO,SI,SI,SI,NO,NO,NO,
31,609,PIURA,PIURA,CATACAOS,01.- PIURA,OFICINA REGISTRAL AUXILIAR,ORA,ORA CENTRO DE SALUD MATERNO INFANTIL-CATACAOS (MINSA),08:45 a 16:30,Avenida Cayetano Heredia 1108 - Catacos,OPERATIVO,SI,SI,NO,SI,SI,SI,NO,NO,NO,
32,87,PIURA,PIURA,Veintises de Octubre,01.- PIURA,OFICINA REGISTRAL AUXILIAR,ORA,ORA HOSPITAL DE LA AMISTAD PERU - COREA SANTA ROSA II-2 (MINSA),08:45 a 16:30,Avenida Prolongación Av. Grau/Av. Chulucanas ,OPERATIVO,SI,SI,NO,SI,SI,SI,NO,NO,NO,
33,760,LAMBAYEQUE,CHICLAYO,CHICLAYO,01.- PIURA,OFICINA REGISTRAL AUXILIAR,ORA,ORA HOSPITAL REGIONAL LAMBAYEQUE (MINSA),08:45 a 16:30,Avenida Intersección de Carretera Panamerica Norte y Vía de Evitamiento S/N,OPERATIVO,SI,SI,NO,SI,SI,SI,NO,NO,NO,
34,610,PIURA,MORROPON,CHULUCANAS,01.- PIURA,OFICINA REGISTRAL AUXILIAR,ORA,ORA HOSPITAL DE APOYO CHULUCANAS (MINSA),08:45 a 16:30,Calle Daniel alcides carrion S/N Asent .H. vate manrique,OPERATIVO,SI,SI,NO,SI,SI,SI,NO,NO,NO,
35,600016,LAMBAYEQUE,CHICLAYO,CHICLAYO,01.- PIURA,PLATAFORMA VIRTUAL MULTISERVICIOS,PVM,PVM - OR CHICLAYO,08:45 a 16:45,Avenida Balta N° 680 y esquina con Av. Elias Aguirre,OPERATIVO,NO,NO,SI,NO,NO,NO,SI,NO,NO,
36,600022,PIURA,PIURA,PIURA,01.- PIURA,PLATAFORMA VIRTUAL MULTISERVICIOS,PVM,PVM - OR PIURA,08:45 a 16:45,Calle Libertad Nº 568,OPERATIVO,SI,NO,SI,NO,NO,NO,NO,NO,NO,
37,214,PIURA,AYABACA,FRIAS,01.- PIURA,OFICINA REGISTRAL,OR,OR FRIAS,08:45 a 16:45,Calle Lima 235 - interior Municipalidad Distrital de Frias,OPERATIVO,SI,NO,SI,SI,SI,SI,SI,SI,NO,
38,45,LA LIBERTAD,TRUJILLO,TRUJILLO,02.- TRUJILLO,OFICINA REGISTRAL AUXILIAR,ORA,ORA REGIONAL DOCENTE DE TRUJILLO (MINSA),08:45 a 13:00 - 14:00 a 16:30,Avenida Mansiche Nº 795,OPERATIVO,SI,NO,NO,SI,SI,SI,NO,NO,NO,
39,86,CAJAMARCA,CAJAMARCA,CAJAMARCA,02.- TRUJILLO,OFICINA REGISTRAL AUXILIAR,ORA,ORA REGIONAL CAJAMARCA (MINSA),08:45 a 13:00 - 14:00 a 16:30 ,Jirón Larry Jhonson S/N Cdra. 8,OPERATIVO,SI,NO,NO,SI,SI,SI,NO,NO,NO,
40,139,LA LIBERTAD,TRUJILLO,TRUJILLO,02.- TRUJILLO,OFICINA REGISTRAL AUXILIAR,ORA,ORA HOSPITAL BELEN DE TRUJILLO (MINSA),08:45 a 16:30,Calle Bolívar Nº 350,OPERATIVO,SI,NO,NO,SI,SI,SI,NO,NO,NO,
41,151,CAJAMARCA,CAJAMARCA,CAJAMARCA,02.- TRUJILLO,OFICINA REGISTRAL,OR,OR CAJAMARCA,08:45 a 16:45,Jirón Del Comercio Nº 633,OPERATIVO,SI,SI,SI,SI,SI,SI,SI,SI,SI,
42,152,CAJAMARCA,CAJABAMBA,CAJABAMBA,02.- TRUJILLO,PUNTO DE ATENCION PERMANENTE,PAP,PAP CAJABAMBA,08:45 a 16:45,Jirón Miguel Grau Nº 224-226-228 Mz. 31 Lt. 2 ,OPERATIVO,SI,NO,SI,SI,SI,NO,SI,SI,NO,
43,153,CAJAMARCA,CELENDIN,CELENDÍN,02.- TRUJILLO,PUNTO DE ATENCION PERMANENTE,PAP,PAP CELENDIN,08:45 a 16:45,Jirón Pardo N° 610,OPERATIVO,SI,NO,SI,SI,SI,NO,SI,SI,NO,
44,154,CAJAMARCA,CONTUMAZA,CONTUMAZÁ,02.- TRUJILLO,PUNTO DE ATENCION PERMANENTE,PAP,PAP CONTUMAZA,08:45 a 13:00 - 14:00 a 16:45 ,Jirón Miguel Grau Nº 212,OPERATIVO,NO,NO,SI,SI,SI,NO,SI,SI,NO,
45,157,CAJAMARCA,HUALGAYOC,BAMBAMARCA,02.- TRUJILLO,PUNTO DE ATENCION PERMANENTE,PAP,PAP HUALGAYOC,08:45 a 16:45,Jirón 07 de Junio Nº 470,OPERATIVO,SI,NO,SI,SI,SI,NO,SI,SI,NO,
46,160,CAJAMARCA,SAN MIGUEL,SAN MIGUEL,02.- TRUJILLO,PUNTO DE ATENCION PERMANENTE,PAP,PAP SAN MIGUEL,08:45 a 13:00 - 14:00 a 16:45 ,Jirón Bolognesi N° 364,OPERATIVO,NO,NO,SI,SI,SI,NO,NO,NO,NO,
47,162,CAJAMARCA,SAN MARCOS,PEDRO GÁLVEZ,02.- TRUJILLO,PUNTO DE ATENCION PERMANENTE,PAP,PAP SAN MARCOS,08:45 a 16:45,Jirón Alfonso Ugarte N° 325 (Mz. 46 Lt. 17 Centro Poblado San Marcos).,OPERATIVO,NO,NO,SI,SI,SI,NO,SI,SI,NO,
48,163,CAJAMARCA,SAN PABLO,SAN PABLO,02.- TRUJILLO,PUNTO DE ATENCION PERMANENTE,PAP,PAP SAN PABLO,08:45 a 13:00 - 14:00 a 16:45 ,Jirón Plaza de Armas S/N,OPERATIVO,NO,NO,SI,SI,SI,NO,SI,SI,NO,
49,173,LA LIBERTAD,TRUJILLO,VICTOR LARCO HERRERA,02.- TRUJILLO,OFICINA REGISTRAL,OR,OR TRUJILLO II,08:45 a 16:45,Avenida Víctor Larco N° 1096. Urb. Vista Alegre,OPERATIVO,SI,SI,SI,SI,SI,SI,SI,SI,SI,
50,293,LA LIBERTAD,PATAZ,PARCOY,02.- TRUJILLO,OFICINA REGISTRAL,OR,OR PARCOY,08:45 a 13:00 - 14:00 a 16:45 ,Jirón San Martín N° 859,OPERATIVO,SI,NO,SI,SI,SI,SI,SI,SI,NO,
51,310,LA LIBERTAD,TRUJILLO,TRUJILLO,02.- TRUJILLO,OFICINA REGISTRAL,OR,OR TRUJILLO ,08:45 a 16:45,Avenida Pablo Casals Mz. A Lt. 6 Urb. Los Cedros,OPERATIVO,SI,SI,SI,SI,SI,SI,SI,SI,SI,
52,311,LA LIBERTAD,BOLIVAR,BOLÍVAR,02.- TRUJILLO,PUNTO DE ATENCION PERMANENTE,PAP,PAP BOLIVAR,08:45 a 13:00 - 14:00 a 16:45 ,Jirón Bolivar S/N - Mz. 20 Lt. 8,OPERATIVO,NO,NO,SI,SI,SI,NO,SI,SI,NO,
53,312,LA LIBERTAD,SANCHEZ CARRION,HUAMACHUCO,02.- TRUJILLO,AGENCIA,AG,AG SANCHEZ CARRION,08:45 a 16:45,Jirón Alfonso Ugarte N° 567,OPERATIVO,SI,SI,SI,SI,SI,NO,SI,SI,SI,
54,313,LA LIBERTAD,OTUZCO,OTUZCO,02.- TRUJILLO,AGENCIA,AG,AG OTUZCO,08:45 a 16:45,Pasaje Elías Armas Castillo Lt. 5-E1 Mz. 28,OPERATIVO,SI,SI,SI,SI,SI,NO,SI,SI,SI,
55,314,LA LIBERTAD,PACASMAYO,SAN PEDRO DE LLOC,02.- TRUJILLO,AGENCIA,AG,AG PACASMAYO,08:45 a 16:45,Jirón Alianza Nº 524,OPERATIVO,SI,SI,SI,SI,SI,NO,SI,SI,SI,
56,315,LA LIBERTAD,PATAZ,TAYABAMBA,02.- TRUJILLO,PUNTO DE ATENCION PERMANENTE,PAP,PAP PATAZ,08:45 a 13:00 - 14:00 a 16:45 ,Jirón Sucre 337 1er Piso Centro Civico,INOPERATIVO,NO,NO,SI,SI,SI,NO,NO,NO,NO,
57,316,LA LIBERTAD,SANTIAGO DE CHUCO,SANTIAGO DE CHUCO,02.- TRUJILLO,PUNTO DE ATENCION PERMANENTE,PAP,PAP SANTIAGO DE CHUCO,08:45 a 13:00 - 14:00 a 16:45 ,Calle Luis de La Puente Uceda  Nº 1120,OPERATIVO,NO,NO,SI,SI,SI,NO,SI,SI,NO,
58,317,LA LIBERTAD,ASCOPE,ASCOPE,02.- TRUJILLO,PUNTO DE ATENCION PERMANENTE,PAP,PAP ASCOPE,08:45 a 16:45,"Calle Miguel Grau N° 879, Ascope - 1er Piso",OPERATIVO,NO,NO,SI,SI,SI,NO,SI,SI,NO,
59,318,LA LIBERTAD,CHEPEN,CHEPÉN,02.- TRUJILLO,PUNTO DE ATENCION PERMANENTE,PAP,PAP CHEPEN,08:45 a 16:45,Calle Manuel Seoane  N° 136. Chepen,OPERATIVO,SI,NO,SI,SI,SI,NO,SI,SI,NO,
60,320,LA LIBERTAD,GRAN CHIMU,CASCAS,02.- TRUJILLO,PUNTO DE ATENCION PERMANENTE,PAP,PAP GRAN CHIMU,08:45 a 13:00 - 14:00 a 16:45 ,Jr. San Martin S/N ,OPERATIVO,NO,NO,SI,SI,SI,NO,SI,SI,NO,
61,321,LA LIBERTAD,VIRU,VIRU,02.- TRUJILLO,PUNTO DE ATENCION PERMANENTE,PAP,PAP VIRU,08:45 a 16:45,  Mz. A Lt. N° 08 Urb. Las Palmeras,OPERATIVO,SI,NO,SI,SI,SI,NO,SI,SI,NO,
62,358,CAJAMARCA,HUALGAYOC,BAMBAMARCA,02.- TRUJILLO,OFICINA REGISTRAL AUXILIAR,ORA,ORA BAMBAMARCA - TITO VILLAR CABEZAS (MINSA),08:45 a 13:00 - 14:00 a 16:30,Caserío El Frutillo. Bambamarca,OPERATIVO,SI,NO,NO,SI,SI,SI,NO,NO,NO,
63,359,CAJAMARCA,CELENDIN,CELENDÍN,02.- TRUJILLO,OFICINA REGISTRAL AUXILIAR,ORA,ORA DE APOYO CELENDIN (MINSA),08:45 a 13:00 - 14:00 a 16:30 ,Avenida Túpac Amaru Cdra. 4,OPERATIVO,SI,NO,NO,SI,SI,SI,NO,NO,NO,
64,360,CAJAMARCA,CAJABAMBA,CAJABAMBA,02.- TRUJILLO,OFICINA REGISTRAL AUXILIAR,ORA,ORA HOSPITAL NUESTRA SEÑORA DEL ROSARIO (MINSA),08:45 a 13:00 - 14:00 a 16:30,Jirón La Torre N° 277,OPERATIVO,SI,NO,NO,SI,SI,SI,NO,NO,NO,
65,361,CAJAMARCA,SAN MARCOS,PEDRO GÁLVEZ,02.- TRUJILLO,OFICINA REGISTRAL AUXILIAR,ORA,ORA SAN MARCOS (MINSA),08:45 a 13:00 - 14:00 a 16:30,Avenida 28 de Julio S/N Cdra.2,OPERATIVO,SI,NO,NO,SI,SI,SI,NO,NO,NO,
66,508,LA LIBERTAD,TRUJILLO,EL PORVENIR,02.- TRUJILLO,OFICINA REGISTRAL,OR,OR EL PORVENIR,08:45 a 16:45,Jirón Gabriel Aguilar Nº 1657. 2do piso.,OPERATIVO,SI,SI,SI,SI,SI,SI,SI,SI,SI,
67,569,LA LIBERTAD,TRUJILLO,ALTO TRUJILLO,02.- TRUJILLO,OFICINA REGISTRAL,OR,OR ALTO TRUJILLO,08:45 a 16:45, Barrio 3 Mz T Lt. 2,OPERATIVO,SI,SI,SI,SI,SI,SI,SI,SI,SI,
68,592,CAJAMARCA,CAJAMARCA,CAJAMARCA,02.- TRUJILLO,OFICINA REGISTRAL AUXILIAR,ORA,ORA SIMON BOLIVAR (MINSA),08:45 a 13:00 - 14:00 a 16:30,Avenida Mario Urteaga N° 500,OPERATIVO,SI,NO,NO,SI,SI,SI,NO,NO,NO,
69,593,LA LIBERTAD,PACASMAYO,GUADALUPE,02.- TRUJILLO,OFICINA REGISTRAL AUXILIAR,ORA,ORA DE APOYO TOMÁS LAFORA (MINSA),08:45 a 13:00 - 14:00 a 16:30,Calle La Victoria S/N,OPERATIVO,SI,NO,NO,SI,SI,SI,NO,NO,NO,
70,602,CAJAMARCA,CAJAMARCA,LOS BAÑOS DEL INCA,02.- TRUJILLO,OFICINA REGISTRAL AUXILIAR,ORA,ORA BAÑOS DEL INCA (MINSA),08:45 a 13:00 - 14:00 a 16:30,Jirón Pachacútec N° 489,DESPLAZAMIENTO,SI,NO,NO,SI,SI,SI,NO,NO,NO,
71,604,LA LIBERTAD,TRUJILLO,LA ESPERANZA,02.- TRUJILLO,OFICINA REGISTRAL AUXILIAR,ORA,ORA DISTRITAL JERUSALEN (MINSA),08:45 a 13:00 - 14:00 a 16:30 ,Pasaje 1 Barrio 3 Mz. 20 Lt. 02 Sector Jerusalén,OPERATIVO,SI,NO,NO,SI,SI,SI,NO,NO,NO,
72,605,LA LIBERTAD,PATAZ,CHILLIA,02.- TRUJILLO,AGENCIA,AG,AG CHILLIA,08:45 a 13:00 - 14:00 a 16:45 ,Jirón Miraflores S/N,OPERATIVO,SI,NO,SI,SI,SI,NO,SI,SI,NO,
73,613,LA LIBERTAD,SANTIAGO DE CHUCO,SANTIAGO DE CHUCO,02.- TRUJILLO,OFICINA REGISTRAL AUXILIAR,ORA,ORA DE APOYO CESAR ABRAHAM VALLEJO MENDOZA (MINSA),08:45 a 13:00 - 14:00 a 16:30 ,Calle Gustavo Pinillo S/N - Barrio San Cristobal,OPERATIVO,SI,NO,NO,SI,SI,SI,NO,NO,NO,
74,614,LA LIBERTAD,CHEPEN,CHEPEN,02.- TRUJILLO,OFICINA REGISTRAL AUXILIAR,ORA,ORA DE APOYO CHEPEN (MINSA),08:45 a 13:00 - 14:00 a 16:30 ,Avenida 28 de Julio S/N,DESPLAZAMIENTO,SI,NO,NO,SI,SI,SI,NO,NO,NO,
75,615,LA LIBERTAD,SANCHEZ CARRION,HUAMACHUCO,02.- TRUJILLO,OFICINA REGISTRAL AUXILIAR,ORA,ORA DE APOYO LEONCIO PRADO (MINSA),08:45 a 13:00 - 14:00 a 16:30 ,Avenida 10 de Julio N° 209,OPERATIVO,SI,NO,NO,SI,SI,SI,NO,NO,NO,
76,616,LA LIBERTAD,OTUZCO,OTUZCO,02.- TRUJILLO,OFICINA REGISTRAL AUXILIAR,ORA,ORA DE APOYO OTUZCO ELPIDIO BEROVIDES PEREZ (MINSA),08:45 a 13:00 - 14:00 a 16:30 ,Calle Progreso N° 385,OPERATIVO,SI,NO,NO,SI,SI,SI,NO,NO,NO,
77,617,LA LIBERTAD,ASCOPE,PAIJAN,02.- TRUJILLO,OFICINA REGISTRAL AUXILIAR,ORA,ORA PAIJAN (MINSA),08:45 a 13:00 - 14:00 a 16:30 ,Carretera Vía Panamericana S/N Sector Manco Capac,DESPLAZAMIENTO,SI,NO,NO,SI,SI,SI,NO,NO,NO,
78,795,CAJAMARCA,CAJAMARCA,CAJAMARCA,02.- TRUJILLO,MEJOR ATENCION AL CIUDADANO,MAC,MAC - CAJAMARCA,08:30 a 16:30,Avenida Via De Evitamiento. Jr. El Mutuy y Av. La Cantuta - Cajamarca - Centro Comercial Real Plaza 2do. Piso,OPERATIVO,SI,SI,SI,SI,SI,NO,SI,SI,SI,
79,46,LA LIBERTAD,VIRU,VIRU,02.- TRUJILLO,OFICINA REGISTRAL AUXILIAR,ORA,ORA PROVINCIAL DE VIRÚ (MINSA),08:45 a 13:00 - 14:00 a 16:30,Calle Sucre Nº 799,OPERATIVO,SI,NO,NO,SI,SI,SI,NO,NO,NO,
80,722,LA LIBERTAD,TRUJILLO,TRUJILLO,02.- TRUJILLO,OFICINA REGISTRAL AUXILIAR,ORA,ORA HOSPITAL VÍCTOR LAZARTE ECHEGARAY (ESSALUD),08:45 a 13:00 - 14:00 a 16:30 ,Avenida Prolongación Unión 1375,OPERATIVO,SI,NO,NO,SI,SI,SI,NO,NO,NO,
81,319,CAJAMARCA,CONTUMAZA,CHILETE,02.- TRUJILLO,PUNTO DE ATENCION NO PERMANENTE,PANP,PANP CHILETE,08:45 a 13:00 - 14:00 a 16:45 ,Jr. Arequipa N° 330,DESPLAZAMIENTO,NO,NO,SI,SI,SI,NO,NO,NO,NO,
82,109,SAN MARTIN,SAN MARTIN,TARAPOTO,03.- TARAPOTO,OFICINA REGISTRAL AUXILIAR,ORA,ORA HOSPITAL TARAPOTO (MINSA),08:45 a 16:30,Jirón Angel Delgado Morey Nº 503,OPERATIVO,NO,NO,NO,SI,SI,SI,NO,NO,NO,
83,120,LORETO,DATEM DEL MARAÑON,BARRANCA,03.- TARAPOTO,PUNTO DE ATENCION PERMANENTE,PAP,PAP DATEM DEL MARAÑON,08:45 a 16:45,Calle Tigre Mz. 31 Lt. 08 - San Lorenzo,OPERATIVO,SI,NO,SI,SI,SI,NO,SI,SI,NO,
84,331,SAN MARTIN,RIOJA,NUEVA CAJAMARCA,03.- TARAPOTO,AGENCIA,AG,AG NUEVA CAJAMARCA,08:45 a 16:45,Carretera Fernando Belaunde Terry Altura del Km. 447.50 ,OPERATIVO,SI,NO,SI,SI,SI,NO,SI,SI,NO,
85,432,LORETO,ALTO AMAZONAS,YURIMAGUAS,03.- TARAPOTO,AGENCIA,AG,AG ALTO AMAZONAS,08:45 a 16:45,Calle Mariscal Castilla N° 411,OPERATIVO,SI,SI,SI,SI,SI,NO,SI,SI,SI,
86,543,SAN MARTIN,MOYOBAMBA ,MOYOBAMBA,03.- TARAPOTO,OFICINA REGISTRAL AUXILIAR,ORA,ORA HOSPITAL MOYOBAMBA (MINSA),08:45 a 16:30,Jirón Grau cuadra 4,OPERATIVO,SI,NO,NO,SI,SI,SI,NO,NO,NO,
87,581,SAN MARTIN,MOYOBAMBA ,MOYOBAMBA,03.- TARAPOTO,AGENCIA,AG,AG MOYOBAMBA,08:45 a 16:45,Jirón Dos de Mayo Mz. 1530 Lt. 14 (837),OPERATIVO,SI,SI,SI,SI,SI,NO,SI,SI,SI,
88,582,SAN MARTIN,HUALLAGA,SAPOSOA,03.- TARAPOTO,AGENCIA,AG,AG HUALLAGA,08:45 a 16:45,Jirón Lima N° 591,OPERATIVO,SI,NO,SI,SI,SI,NO,SI,SI,NO,
89,583,SAN MARTIN,LAMAS,LAMAS,03.- TARAPOTO,AGENCIA,AG,AG LAMAS,08:45 a 16:45,Jirón San Martín N° 984,OPERATIVO,SI,SI,SI,SI,SI,NO,SI,SI,SI,
90,584,SAN MARTIN,MARISCAL CACERES,JUANJUI,03.- TARAPOTO,AGENCIA,AG,AG MARISCAL CACERES,08:45 a 16:45,Jirón Eduardo Peña Meza N° 772 ,OPERATIVO,SI,SI,SI,SI,SI,NO,SI,SI,SI,
91,585,SAN MARTIN,RIOJA,RIOJA,03.- TARAPOTO,OFICINA REGISTRAL,OR,OR RIOJA,08:45 a 16:45,Jirón Angaiza N° 530,OPERATIVO,SI,SI,SI,SI,SI,SI,SI,SI,SI,
92,586,SAN MARTIN,SAN MARTIN ,TARAPOTO,03.- TARAPOTO,OFICINA REGISTRAL,OR,OR TARAPOTO,08:45 a 16:45,Jirón Jiménez Pimentel N° 280 ,OPERATIVO,SI,SI,SI,SI,SI,SI,SI,SI,SI,
93,587,SAN MARTIN,BELLAVISTA,BELLAVISTA,03.- TARAPOTO,AGENCIA,AG,AG BELLAVISTA,08:45 a 16:45,Jirón Huallaga - Iquitos Mz. 7 Lt. 27 - A.  1er. Piso,OPERATIVO,SI,SI,SI,SI,SI,NO,SI,SI,SI,
94,589,SAN MARTIN,PICOTA,PICOTA,03.- TARAPOTO,AGENCIA,AG,AG PICOTA,08:45 a 16:45,"Jirón Simón Bolívar, cuadra 4",OPERATIVO,SI,NO,SI,SI,SI,NO,SI,SI,NO,
95,590,SAN MARTIN,EL DORADO ,SAN JOSE DE SISA,03.- TARAPOTO,AGENCIA,AG,AG EL DORADO,08:45 a 16:45,Jirón Comercio N° 610,DESPLAZAMIENTO,NO,NO,SI,SI,SI,NO,NO,NO,NO,
96,601,LORETO,DATEM DEL MARAÑON,BARRANCA,03.- TARAPOTO,OFICINA REGISTRAL AUXILIAR,ORA,ORA SAN LORENZO - NUCLEO BASE (MINSA),08:45 a 16:30,Barrio Daniel Alcides Carrión S/N - Barrio Huacachina,OPERATIVO,SI,NO,NO,SI,SI,SI,NO,NO,NO,
97,612,SAN MARTIN,SAN MARTIN ,LA BANDA DE SHILCAYO,03.- TARAPOTO,AGENCIA,AG,AG LA BANDA DE SHILCAYO,08:45 a 16:45,Jirón Yurimaguas N° 340,OPERATIVO,SI,SI,SI,SI,SI,NO,SI,SI,SI,
98,632,SAN MARTIN,MARISCAL CACERES,JUANJUI,03.- TARAPOTO,OFICINA REGISTRAL AUXILIAR,ORA,ORA HOSPITAL JUANJUI (MINSA),08:45 a 16:30,Jirón Arica N° 205,OPERATIVO,SI,NO,NO,SI,SI,SI,NO,NO,NO,
99,658,SAN MARTIN,RIOJA,RIOJA,03.- TARAPOTO,OFICINA REGISTRAL AUXILIAR,ORA,ORA HOSPITAL DE RIOJA (MINSA),08:45 a 16:30,Jirón Túpac Amaru S/N,OPERATIVO,SI,NO,NO,SI,SI,SI,NO,NO,NO,
100,509,LORETO,ALTO AMAZONAS,LAGUNAS,03.- TARAPOTO,AGENCIA,AG,AG LAGUNAS,08:45 a 16:45,Jirón FITZCARRALD C-9,DESPLAZAMIENTO,SI,NO,SI,SI,SI,NO,NO,NO,NO,
101,983,SAN MARTIN,SAN MARTIN,MORALES,03.- TARAPOTO,PUNTO DE ATENCION NO PERMANENTE,PANP,PANP MORALES,08:45 a 16:45,Jirón Tarapoto N° 116 Plaza de Armas,OPERATIVO,SI,NO,SI,SI,SI,NO,SI,SI,NO,
102,603,LORETO,ALTO AMAZONAS,YURIMAGUAS,03.- TARAPOTO,OFICINA REGISTRAL AUXILIAR,ORA,ORA HOSPITAL SANTA GEMA YURIMAGUAS (MINSA),08:45 a 16:30,CALLE HUALLAGA  C-4,OPERATIVO,SI,NO,NO,SI,SI,SI,NO,NO,NO,
103,55,LORETO,MAYNAS,PUNCHANA,04.- IQUITOS,OFICINA REGISTRAL AUXILIAR,ORA,"ORA HOSPITAL REGIONAL DE LORETO ""FELIPE ARRIOLA IGLESIAS""",08:45 a 16:30,Avenida 28 de Julio S/N,OPERATIVO,SI,NO,NO,SI,SI,SI,NO,NO,NO,
104,85,LORETO,MAYNAS,IQUITOS,04.- IQUITOS,OFICINA REGISTRAL AUXILIAR,ORA,"ORA HOSPITAL IQUITOS ""CESAR GARAYAR GARCIA""",08:45 a 16:30,Calle Cornejo Portugal 1710,OPERATIVO,SI,NO,NO,SI,SI,SI,NO,NO,NO,
105,332,LORETO,MAYNAS,BELÉN,04.- IQUITOS,OFICINA REGISTRAL,OR,OR BELEN,08:45 a 16:45,Calle Miraflores S/N P. J. 09 de Octubre,OPERATIVO,SI,NO,SI,SI,SI,SI,SI,SI,NO,
106,431,LORETO,MAYNAS,IQUITOS,04.- IQUITOS,OFICINA REGISTRAL,OR,OR IQUITOS,08:45 a 16:45,Jirón Próspero Nº 201,OPERATIVO,SI,SI,SI,SI,SI,SI,SI,SI,SI,
107,433,LORETO,LORETO,NAUTA,04.- IQUITOS,PUNTO DE ATENCION PERMANENTE,PAP,PAP NAUTA,08:45 a 16:45,Cal. Manuel Pacaya N° 570 centro cívico,OPERATIVO,SI,NO ,SI,SI,SI,NO,SI,SI,NO,
108,434,LORETO,REQUENA,REQUENA,04.- IQUITOS,PUNTO DE ATENCION PERMANENTE,PAP,PAP REQUENA,08:45 a 16:45,Calle San Antonio S/N Anexo Hotel Municipal,OPERATIVO,SI,NO ,SI,SI,SI,NO,SI,SI,NO,
109,436,LORETO,MARISCAL RAMON CASTILLA,RAMON CASTILLA,04.- IQUITOS,PUNTO DE ATENCION PERMANENTE,PAP,PAP MARISCAL RAMON CASTILLA - CABALLOCOCHA,08:45 a 16:45,Calle Ayacucho Mz. 22 Lt. 4 C con Amazonas S/N - Local Municipal,OPERATIVO,SI,NO ,SI,SI,SI,NO,SI,SI,NO,
110,438,LORETO,MAYNAS,SAN JUAN BAUTISTA,04.- IQUITOS,OFICINA REGISTRAL,OR,OR SAN JUAN BAUTISTA,08:45 a 16:45,Avenida Abelardo Quiñones Nº 2371 Km. 2.5 ,OPERATIVO,SI,NO ,SI,SI,SI,SI,SI,SI,NO,
111,439,LORETO,MARISCAL RAMON CASTILLA,YAVARI,04.- IQUITOS,PUNTO DE ATENCION PERMANENTE,PAP,PAP YAVARI,08:45 a 16:45,Calle Nueva Jerusalen S/N Local Municipal,OPERATIVO,NO,NO ,SI,SI,SI,NO,NO,NO,NO,
112,440,LORETO,PUTUMAYO,PUTUMAYO,04.- IQUITOS,PUNTO DE ATENCION PERMANENTE,PAP,PAP PUTUMAYO,08:45 a 16:45,Calle Arequipa S/N,OPERATIVO,NO,NO ,SI,SI,SI,NO,NO,NO,NO,
113,449,LORETO,MAYNAS,PUNCHANA,04.- IQUITOS,PUNTO DE ATENCION PERMANENTE,PAP,PAP PUNCHANA,08:45 a 16:45,"Calle Cusco S/N, cuadra 5, esquina con Trujillo.",OPERATIVO,SI,NO ,SI,SI,SI,NO,SI,NO,NO,
114,645,LORETO,REQUENA,REQUENA,04.- IQUITOS,OFICINA REGISTRAL AUXILIAR,ORA,ORA REQUENA,08:45 a 16:30,Calle Mártires del Petroléo S/N - Malecon Grau,OPERATIVO,SI,NO ,NO,SI,SI,SI,NO,NO,NO,
115,711,LORETO,MARISCAL RAMON CASTILLA,RAMON CASTILLA,04.- IQUITOS,OFICINA REGISTRAL AUXILIAR,ORA,ORA CABALLOCOCHA,08:45 a 16:30,Calle Progreso N° 425,OPERATIVO,si,NO ,NO,SI,SI,SI,NO,NO,NO,
116,806,LORETO,MAYNAS,PUNCHANA,04.- IQUITOS,MEJOR ATENCION AL CIUDADANO,MAC,MAC - LORETO,08:30 a 16:30,Avenida La Marina Nº  1338,OPERATIVO,SI,NO ,SI,SI,SI,NO,SI,SI,NO,
117,600019,LORETO,MAYNAS,IQUITOS,04.- IQUITOS,PLATAFORMA VIRTUAL MULTISERVICIOS,PVM,PVM - OR IQUITOS,08:45 a 16:45,Jirón Próspero Nº 201,OPERATIVO,NO,NO,SI,NO,NO,NO,SI,NO,NO,
118,440,LORETO,PUTUMAYO,TENIENTE MANUEL CLAVERO,04.- IQUITOS,PUNTO DE ATENCION NO PERMANENTE,PANP,PANP SOPLIN VARGAS,08:45 a 16:45,Plaza de armas S/N,OPERATIVO,NO,NO ,SI,SI,SI,NO,NO,NO,NO,
119,33,ANCASH,SANTA,CHIMBOTE,05.- CHIMBOTE,OFICINA REGISTRAL,OR,OR SANTA,08:45 a 16:45,Jirón Enrique Palacios Nº 504-506 esquina con Jr. Ladislao Espinar Nº 401,OPERATIVO,SI,SI,SI,SI,SI,SI,SI,SI,SI,
120,,ANCASH,SANTA,CHIMBOTE,05.- CHIMBOTE,PLATAFORMA VIRTUAL MULTISERVICIOS,PVM,PVM (MegaPlaza Chimbote),08:45 a 16:45," Mz. B Lt. 1-A-1-A2 Sector Parque Gran Chavín, Centro Comercial Megaplaza Chimbote",OPERATIVO,NO,NO,NO,NO,NO,NO,SI,SI,NO,
121,1182,ANCASH,SANTA,CHIMBOTE,05.- CHIMBOTE,MEJOR ATENCION AL CIUDADANO,MAC,MAC - ANCASH,08:30 a 16:30," Mz. B Lt. 1-A-1-A2 Sector Parque Gran Chavín, Centro Comercial Megaplaza Chimbote",OPERATIVO,SI,SI,SI,SI,SI,NO,SI,SI,SI,
122,137,ANCASH,SANTA,NUEVO CHIMBOTE,05.- CHIMBOTE,AGENCIA,AG,AG NUEVO CHIMBOTE,08:45 a 16:45, Mz. 74-75 Lt. 1 del Centro Cívico de la Municipalidad Distrital de Nuevo Chimbote,OPERATIVO,SI,SI,SI,SI,SI,NO,SI,SI,SI,
123,21,ANCASH,HUARAZ,HUARAZ,05.- CHIMBOTE,AGENCIA,AG,AG HUARAZ,08:45 a 16:45,"Jirón Agustin Loly N° 756, Mz. 29A Lt. 27, Barrio La Soledad Alta, intersección con Jr. Agustin Mejía",OPERATIVO,SI,SI,SI,SI,SI,NO,SI,SI,SI,
124,27,ANCASH,HUAYLAS,CARAZ,05.- CHIMBOTE,AGENCIA,AG,AG HUAYLAS,08:45 a 16:45,Jirón Raimondi N° 215,OPERATIVO,SI,SI,SI,SI,SI,NO,SI,SI,SI,
125,28,ANCASH,HUARI,HUARI,05.- CHIMBOTE,AGENCIA,AG,AG HUARI,08:45 a 16:45,Jirón Libertad Mz. P2 Lt. 003,OPERATIVO,SI,SI,SI,SI,SI,NO,SI,SI,SI,
126,31,ANCASH,POMABAMBA,POMABAMBA,05.- CHIMBOTE,AGENCIA,AG,AG POMABAMBA,08:45 a 16:45,Jirón Huaraz Nº 369,OPERATIVO,SI,SI,SI,SI,SI,NO,SI,SI,SI,
127,34,ANCASH,SIHUAS,SIHUAS,05.- CHIMBOTE,AGENCIA,AG,AG SIHUAS,08:45 a 16:45,"Jirón Gomes Arias 106, Barrio Pingullo Alto",OPERATIVO,SI,SI,SI,SI,SI,NO,SI,SI,SI,
128,518,ANCASH,PALLASCA,PAMPAS,05.- CHIMBOTE,AGENCIA,AG,AG PAMPAS,08:45 a 16:45,Calle Plaza de Armas S/N - Municipalidad Distrital de Pampas - 1er piso,OPERATIVO,SI,NO,SI,SI,SI,NO,SI,SI,NO,
129,25,ANCASH,CASMA,CASMA,05.- CHIMBOTE,PUNTO DE ATENCION PERMANENTE,PAP,PAP CASMA,08:45 a 16:45, Sector Hijuela Mz. C Lt. 13 del Centro Cívico de la Municipalidad Provincial de Casma,OPERATIVO,SI,NO,SI,SI,SI,NO,SI,SI,NO,
130,39,ANCASH,HUARMEY,HUARMEY,05.- CHIMBOTE,PUNTO DE ATENCION PERMANENTE,PAP,PAP HUARMEY,08:45 a 16:45, 1er. Pabellón S/N del Centro Cívico de la Municipalidad Provincial de Huarmey,OPERATIVO,SI,NO,SI,SI,SI,NO,SI,SI,NO,
131,32,ANCASH,RECUAY,RECUAY,05.- CHIMBOTE,PUNTO DE ATENCION PERMANENTE,PAP,PAP RECUAY,08:45 a 16:45,Calle Plaza de Armas Nº 180 Municipalidad Distrital de Recuay,OPERATIVO,SI,NO,SI,SI,SI,NO,SI,SI,NO,
132,24,ANCASH,CARHUAZ,CARHUAZ,05.- CHIMBOTE,PUNTO DE ATENCION PERMANENTE,PAP,PAP CARHUAZ,08:45 a 16:45,Avenida La Merced Nº 1006,OPERATIVO,SI,NO,SI,SI,SI,NO,NO,NO,NO,
133,35,ANCASH,YUNGAY,YUNGAY,05.- CHIMBOTE,PUNTO DE ATENCION PERMANENTE,PAP,PAP YUNGAY,08:45 a 16:45,Avenida Arias Grazziani Lt. 1-2 Centro Cívico de la Municipalidad Provincial de Yungay,OPERATIVO,SI,NO,SI,SI,SI,NO,NO,NO,NO,
134,37,ANCASH,CARLOS FERMIN FITZCARRALD,SAN LUÍS,05.- CHIMBOTE,PUNTO DE ATENCION PERMANENTE,PAP,PAP CARLOS FERMÍN FITZCARRALD,08:45 a 16:45,Avenida Ramón Castilla N° 320 - 1er. piso Centro Cívico de la Municipalidad Provincial de C. F. Fitzcarrald,OPERATIVO,SI,NO,SI,SI,SI,NO,SI,SI,NO,
135,29,ANCASH,MARISCAL LUZURIAGA,PISCOBAMBA,05.- CHIMBOTE,PUNTO DE ATENCION PERMANENTE,PAP,PAP MARISCAL LUZURIAGA,08:45 a 16:45,"Jirón San Pablo S/N, Centro Cívico de la Municipalidad Provincial de Mariscal Luzuriaga",OPERATIVO,SI,NO,SI,SI,SI,NO,SI,SI,NO,
136,140,ANCASH,SANTA,CHIMBOTE,05.- CHIMBOTE,OFICINA REGISTRAL AUXILIAR,ORA,ORA HOSPITAL LA CALETA (Chimbote),08:45 a 16:30,Avenida Malecon Grau S/N,OPERATIVO,SI,SI,NO,SI,SI,SI,NO,NO,NO,
137,57,ANCASH,SANTA,CHIMBOTE,05.- CHIMBOTE,OFICINA REGISTRAL AUXILIAR,ORA,ORA HOSPITAL ESSALUD III CHIMBOTE,08:45 a 16:30,Avenida Circunvalación Nº 119 Urb. Laderas del Norte,OPERATIVO,SI,SI,NO,SI,SI,SI,NO,NO,NO,
138,56,ANCASH,SANTA,NUEVO CHIMBOTE,05.- CHIMBOTE,OFICINA REGISTRAL AUXILIAR,ORA,ORA HOSPITAL ELEAZAR GUZMÁN BARRÓN (Nuevo Chimbote),08:45 a 16:30,"Avenida Brasil S/N, Urb. Santa Cristina (Hospital Regional Eleazar Guzmán Barrón puerta de Emergencia)",OPERATIVO,SI,SI,NO,SI,SI,SI,NO,NO,NO,
139,295,ANCASH,HUARAZ,HUARAZ,05.- CHIMBOTE,OFICINA REGISTRAL AUXILIAR,ORA,ORA HOSPITAL VÍCTOR RAMOS GUARDIA (Huaraz),08:45 a 16:30,"Avenida Mariscal Luzuriaga cdra. 01, cruce con Jr. Pedro Villón cdra. 10",OPERATIVO,SI,SI,NO,SI,SI,SI,NO,NO,NO,
140,595,ANCASH,HUAYLAS,CARAZ,05.- CHIMBOTE,OFICINA REGISTRAL AUXILIAR,ORA,ORA HOSPITAL DE APOYO CARAZ,08:45 a 16:30,Avenida 9 de Octubre S/N,OPERATIVO,SI,SI,NO,SI,SI,SI,NO,NO,NO,
141,748,ANCASH,HUARI,HUARI,05.- CHIMBOTE,OFICINA REGISTRAL AUXILIAR,ORA,ORA HOSPITAL DE APOYO HUARI,08:45 a 16:30,Avenida Circunvalación Baja S/N,OPERATIVO,SI,SI,NO,SI,SI,SI,NO,NO,NO,
142,26,ANCASH,CORONGO,CORONGO,05.- CHIMBOTE,PUNTO DE ATENCION NO PERMANENTE,PANP,PANP CORONGO,08:45 a 16:45,"Jirón Grau N° 206, primer piso de la Municipalidad Provincial de Corongo",DESPLAZAMIENTO,NO,NO,SI,SI,SI,NO,NO,NO,NO,
143,30,ANCASH,PALLASCA,CABANA,05.- CHIMBOTE,PUNTO DE ATENCION NO PERMANENTE,PANP,PANP PALLASCA,08:45 a 16:45,"Avenida Plaza de Armas N° 103, primer piso de la Municipalidad Provincial de Pallasca",DESPLAZAMIENTO,NO,NO,SI,SI,SI,NO,NO,NO,NO,
144,22,ANCASH,AIJA,AIJA,05.- CHIMBOTE,PUNTO DE ATENCION NO PERMANENTE,PANP,PANP AIJA,08:45 a 16:45,"Jirón Gavino Uribe S/N Plaza de Armas, 1er piso de la Municipalidad Provincial de Aija",DESPLAZAMIENTO,NO,NO,SI,SI,SI,NO,NO,NO,NO,
145,23,ANCASH,BOLOGNESI,CHIQUIAN,05.- CHIMBOTE,PUNTO DE ATENCION NO PERMANENTE,PANP,PANP BOLOGNESI,08:45 a 16:45,"Jirón Tacna 320, primer piso del Centro Cívico de la Municipalidad Distrital de Chiquian",DESPLAZAMIENTO,NO,NO,SI,SI,SI,NO,NO,NO,NO,
146,741,ANCASH,YUNGAY,YANAMA,05.- CHIMBOTE,AGENCIA,AG,AG YANAMA,08:45 a 16:45,Jirón Yungay S/N cdra. 03,DESPLAZAMIENTO,NO,NO,SI,SI,SI,NO,NO,NO,NO,
147,470,ANCASH,MARISCAL LUZURIAGA,LLUMPA,05.- CHIMBOTE,PUNTO DE ATENCION NO PERMANENTE,PANP,PANP LLUMPA,08:45 a 16:45, Plaza de Armas S/N,DESPLAZAMIENTO,NO,NO,SI,SI,SI,NO,NO,NO,NO,
148,38,ANCASH,ASUNCION,CHACAS,05.- CHIMBOTE,PUNTO DE ATENCION NO PERMANENTE,PANP,PANP ASUNCIÓN,08:45 a 16:45,Jirón Coliseo de Chacas S/N,DESPLAZAMIENTO,NO,NO,SI,SI,SI,NO,NO,NO,NO,
149,714,ANCASH,HUARI,CHAVIN DE HUANTAR,05.- CHIMBOTE,PUNTO DE ATENCION NO PERMANENTE,PANP,PANP CHAVÍN DE HUANTAR,08:45 a 16:45,"Jirón San Martin S/N, 1er piso del Centro Cívico de la Municipalidad Distrital de Chavin de Huantar",DESPLAZAMIENTO,NO,NO,SI,SI,SI,NO,NO,NO,NO,
150,715,ANCASH,HUARI,SAN MARCOS,05.- CHIMBOTE,PUNTO DE ATENCION NO PERMANENTE,PANP,PANP SAN MARCOS ,08:45 a 16:45,"Jirón Progreso 332, Plaza de Armas de San Marcos",DESPLAZAMIENTO,NO,NO,SI,SI,SI,NO,NO,NO,NO,
151,249,ANCASH,HUACAYBAMBA,HUACAYBAMBA,05.- CHIMBOTE,PUNTO DE ATENCION NO PERMANENTE,PANP,PANP HUACAYBAMBA,08:45 a 16:45,"Avenida El Ejercito S/N Barrio San Pedro, 1er piso Municipalidad Provincial de Huacaybamba",DESPLAZAMIENTO,NO,NO,SI,SI,SI,NO,NO,NO,NO,
152,36,ANCASH,ANTONIO RAIMONDI,LLAMELLIN,05.- CHIMBOTE,PUNTO DE ATENCION NO PERMANENTE,PANP,PANP ANTONIO RAIMONDI,08:45 a 16:45,Jirón Simón Bolívar N° 229,DESPLAZAMIENTO,NO,NO,SI,SI,SI,NO,NO,NO,NO,
153,766,ANCASH,HUARI,UCO,05.- CHIMBOTE,PUNTO DE ATENCION NO PERMANENTE,PANP,PANP UCO,08:45 a 16:45,"Jirón Nicolas de Piérola S/N Plaza de Armas, 1er piso de la Municipalidad Distrital de Uco",DESPLAZAMIENTO,NO,NO,SI,SI,SI,NO,NO,NO,NO,
154,281,JUNIN,HUANCAYO,EL TAMBO,06.- HUANCAYO,OFICINA REGISTRAL,OR,OR HUANCAYO,08:45 a 16:45,AVENIDA MARISCAL CASTILLA Nº 1801,OPERATIVO,SI,SI,SI,SI,SI,NO,SI,SI,SI,
155,285,JUNIN,TARMA,TARMA,06.- HUANCAYO,AGENCIA,AG,AG TARMA,08:45 a 16:45,JIRÓN AREQUIPA Nº 939,OPERATIVO,SI,SI,SI,SI,SI,NO,SI,SI,SI,
156,288,JUNIN,CHANCHAMAYO,LA MERCED,06.- HUANCAYO,AGENCIA,AG,AG CHANCHAMAYO,08:45 a 16:45,PROLONGACIÓN TARMA Nº 242,OPERATIVO,SI,SI,SI,SI,SI,NO,SI,SI,SI,
157,146,JUNIN,SATIPO,PANGOA,06.- HUANCAYO,PUNTO DE ATENCION PERMANENTE,PAP,PAP PANGOA,08:45 a 16:45,CALLE 07 DE JUNIO Nº 641 PLAZA PRINCIPAL CENTRO CIVICO,OPERATIVO,SI,SI,SI,SI,SI,NO,SI,SI,SI,
158,279,JUNIN,SATIPO,MAZAMARI,06.- HUANCAYO,PUNTO DE ATENCION PERMANENTE,PAP,PAP MAZAMARI,08:45 a 16:45,AVENIDA SAN JUAN N° 377,OPERATIVO,NO,NO,SI,SI,SI,NO,SI,SI,NO,
159,282,JUNIN,CONCEPCION,CONCEPCIÓN,06.- HUANCAYO,PUNTO DE ATENCION PERMANENTE,PAP,PAP CONCEPCIÓN,08:45 a 16:45,JIRÓN RICARDO PALMA S/N MERCADO MODELO INTERIOR 1 ,OPERATIVO,SI,SI,SI,SI,SI,NO,SI,SI,SI,
160,283,JUNIN,JAUJA,JAUJA,06.- HUANCAYO,PUNTO DE ATENCION PERMANENTE,PAP,PAP JAUJA,08:45 a 16:45,JIRÓN SUCRE N° 889,OPERATIVO,SI,SI,SI,SI,SI,NO,SI,SI,SI,
161,284,JUNIN,JUNIN,JUNIN,06.- HUANCAYO,PUNTO DE ATENCION PERMANENTE,PAP,PAP JUNIN,08:45 a 16:45,JIRÓN SIMÓN BOLIVAR N° 820,OPERATIVO,NO,NO,SI,SI,SI,NO,SI,SI,NO,
162,286,JUNIN,YAULI,SANTA ROSA DE SACCO,06.- HUANCAYO,PUNTO DE ATENCION PERMANENTE,PAP,PAP YAULI,08:45 a 16:45,AVENIDA MIGUEL GRAU N° 309,OPERATIVO,NO,NO,SI,SI,SI,NO,SI,SI,NO,
163,287,JUNIN,SATIPO,SATIPO,06.- HUANCAYO,PUNTO DE ATENCION PERMANENTE,PAP,PAP SATIPO,08:45 a 16:45,AVENIDA MICAELA BASTIDAS Y JR. AUGUSTO B. LEGUIA CENTRO CIVICO ,OPERATIVO,SI,SI,SI,SI,SI,NO,SI,SI,SI,
164,289,JUNIN,CHUPACA,CHUPACA,06.- HUANCAYO,PUNTO DE ATENCION PERMANENTE,PAP,PAP CHUPACA,08:45 a 16:45,JIRÓN GRAU N° 195 - CENTRO CÍVICO,OPERATIVO,SI,SI,SI,SI,SI,NO,SI,SI,SI,
165,292,JUNIN,CHANCHAMAYO,PICHANAQUI,06.- HUANCAYO,PUNTO DE ATENCION PERMANENTE,PAP,PAP PICHANAQUI,08:45 a 16:45,JIRÓN INDEPENDENCIA S/N COLISEO MUNICIPAL,OPERATIVO,SI,SI,SI,SI,SI,NO,SI,SI,SI,
166,215,JUNIN,HUANCAYO,HUANCAYO,06.- HUANCAYO,OFICINA REGISTRAL AUXILIAR,ORA,"ORA REGIONAL DOCENTE MATERNO INFANTIL ""EL CARMEN""",08:45 a 16:30,JIRÓN PUNO Nº 911,OPERATIVO,SI,NO,NO,SI,SI,SI,NO,NO,NO,
167,733,JUNIN,TARMA,TARMA,06.- HUANCAYO,OFICINA REGISTRAL AUXILIAR,ORA,ORA DE APOYO FELIX MAYORCA SOTO,08:45 a 16:30,AVENIDA PACHECO Nº 362,OPERATIVO,SI,NO,NO,SI,SI,SI,NO,NO,NO,
168,734,JUNIN,JAUJA ,JAUJA ,06.- HUANCAYO,OFICINA REGISTRAL AUXILIAR,ORA,ORA HOSPITAL DOMINGO OLAVEGOYA,08:45 a 16:30,JIRÓN SAN MARTÍN Nº 1153 URB. OLAVEGOYA ,OPERATIVO,SI,NO,NO,SI,SI,SI,NO,NO,NO,
169,735,JUNIN,SATIPO,SATIPO,06.- HUANCAYO,OFICINA REGISTRAL AUXILIAR,ORA,ORA DE APOYO MANUEL HIGA ARAKAKI,08:45 a 16:30,CALLE DANIEL ALCIDES CARRIÓN Nº 398,OPERATIVO,SI,NO,NO,SI,SI,SI,NO,NO,NO,
170,736,JUNIN,CHANCHAMAYO ,PICHANAQUI,06.- HUANCAYO,OFICINA REGISTRAL AUXILIAR,ORA,ORA HOSPITAL DE APOYO PICHANAQUI,08:45 a 16:30,AVENIDA SAN MARTÍN S/N PICHANAKI,OPERATIVO,SI,NO,NO,SI,SI,SI,NO,NO,NO,
171,763,JUNIN,HUANCAYO,HUANCAYO,06.- HUANCAYO,OFICINA REGISTRAL AUXILIAR,ORA,ORA LA LIBERTAD,08:45 a 16:30,AV. ALAMEDA S/N. COOP. SANTA ISABEL ,DESPLAZAMIENTO,SI,NO,NO,SI,SI,SI,NO,NO,NO,
172,764,JUNIN,CHANCHAMAYO,LA MERCED,06.- HUANCAYO,OFICINA REGISTRAL AUXILIAR,ORA,ORA HOSPITAL REGIONAL DOCENTE DE MEDICINA TROPICAL DR. JULIO DEMARINI CARO,08:45 a 16:30,AVENIDA DANIEL A. CARRION S/N AV. PAMPA DEL CARMEN S/N,OPERATIVO,SI,NO,NO,SI,SI,SI,NO,NO,NO,
173,142,JUNIN,HUANCAYO,EL TAMBO,06.- HUANCAYO,OFICINA REGISTRAL AUXILIAR,ORA,ORA HOSPITAL NACIONAL RAMIRO PRIALE,08:45 a 16:30,AVENIDA INDEPENDENCIA Nº 266,OPERATIVO,SI,NO,NO,SI,SI,SI,NO,NO,NO,
174,737,JUNIN,SATIPO,PANGOA,06.- HUANCAYO,OFICINA REGISTRAL AUXILIAR,ORA,ORA HOSPITAL DE PANGOA,08:45 a 16:30,AVENIDA LA CULTURA S/N,OPERATIVO,SI,NO,NO,SI,SI,SI,NO,NO,NO,
175,765,JUNIN,HUANCAYO,CHILCA,06.- HUANCAYO,OFICINA REGISTRAL AUXILIAR,ORA,ORA CHILCA,08:45 a 16:30,JIRÓN HUMBOLT Nº 900,DESPLAZAMIENTO,SI,NO,NO,SI,SI,SI,NO,NO,NO,
176,1129,JUNIN,HUANCAYO,HUANCAYO,06.- HUANCAYO,MEJOR ATENCION AL CIUDADANO,MAC,MAC - JUNIN,08:30 a 16:30,AVENIDA FERROCARRIL N° 146 - 150 - CENTRO COMERCIAL OPEN PLAZA,OPERATIVO,SI,SI,SI,SI,SI,NO,SI,SI,SI,
177,600017,JUNIN,HUANCAYO,EL TAMBO,06.- HUANCAYO,PLATAFORMA VIRTUAL MULTISERVICIOS,PVM,PVM - OR HUANCAYO,08:45 a 16:45,AVENIDA MARISCAL CASTILLA Nº 1801,OPERATIVO,NO,NO,SI,NO,NO,NO,SI,NO,NO,
178,47,AYACUCHO,HUAMANGA,AYACUCHO,07.- AYACUCHO,OFICINA REGISTRAL AUXILIAR,ORA,"ORA HOSPITAL REGIONAL DE AYACUCHO ""MIGUEL ANGEL MARISCAL LLERENA"" (MINSA)",08:45 a 16:30,Jirón Daniel Alcides Carrión S/N - 2da cuadra.,OPERATIVO,SI,NO,NO,SI,NO,SI,NO,NO,NO,
179,119,AYACUCHO,LA MAR,AYNA,07.- AYACUCHO,PUNTO DE ATENCION PERMANENTE,PAP,PAP AYNA -SAN FRANCISCO,08:45 a 16:45,Avenida 28 de Julio S/N San Francisco,OPERATIVO,NO,NO,SI,SI,SI,NO,SI,SI,NO,
180,121,AYACUCHO,HUAMANGA,AYACUCHO,07.- AYACUCHO,OFICINA REGISTRAL,OR,OR HUAMANGA,08:45 a 16:45,"Jirón San Martin Nº 473, 475, 477 y 477A",OPERATIVO,si,si,si,si,si,si,si,si,SI,
181,122,AYACUCHO,CANGALLO,CANGALLO,07.- AYACUCHO,PUNTO DE ATENCION PERMANENTE,PAP,PAP CANGALLO,08:45 a 16:45,Jirón Maria Parado de Bellido Nº 205,OPERATIVO,NO,NO,SI,SI,SI,NO,SI,SI,NO,
182,123,AYACUCHO,HUANTA,HUANTA,07.- AYACUCHO,AGENCIA,AG,AG HUANTA,08:45 a 16:45,Jirón Ayacucho N° 305,OPERATIVO,si,si,si,si,si,si,si,si,SI,
183,124,AYACUCHO,LA MAR,SAN MIGUEL,07.- AYACUCHO,PUNTO DE ATENCION PERMANENTE,PAP,PAP LA MAR,08:45 a 16:45,Jirón Maria Parado de Bellido S/N ,OPERATIVO,NO,NO,SI,SI,SI,NO,SI,SI,NO,
184,127,AYACUCHO,VICTOR FAJARDO,HUANCAPI,07.- AYACUCHO,PUNTO DE ATENCION PERMANENTE,PAP,PAP VICTOR FAJARDO,08:45 a 16:45, Plaza Principal Nº 127,OPERATIVO,NO,NO,SI,SI,SI,NO,SI,SI,NO,
185,128,AYACUCHO,HUANCA SANCOS,SANCOS,07.- AYACUCHO,PUNTO DE ATENCION PERMANENTE,PAP,PAP HUANCASANCOS,08:45 a 16:45,Avenida Progreso S/N Consejo Provincial de Huanca Sancos,OPERATIVO,NO,NO,SI,SI,SI,NO,SI,SI,NO,
186,129,AYACUCHO,VILCAS HUAMAN,VILCAS HUAMAN,07.- AYACUCHO,PUNTO DE ATENCION PERMANENTE,PAP,PAP VILCASHUAMAN,08:45 a 16:45,Avenida Los Incas Nº 222,OPERATIVO,NO,NO,SI,SI,SI,NO,SI,SI,NO,
187,131,AYACUCHO,SUCRE,QUEROBAMBA,07.- AYACUCHO,PUNTO DE ATENCION PERMANENTE,PAP,PAP SUCRE,08:45 a 16:45,Jirón San Martin S/N  Plaza de Armas Consejo Provincial de Sucre,OPERATIVO,NO,NO,SI,SI,SI,NO,SI,SI,NO,
188,213,AYACUCHO,HUANTA,HUANTA,07.- AYACUCHO,OFICINA REGISTRAL AUXILIAR,ORA,"ORA HOSPITAL DE APOYO HUANTA ""DANIEL ALCIDES CARRION"" (MINSA)",08:45 a 16:30,Avenida Mariscal Castilla Nº 628,OPERATIVO,SI,NO,NO,SI,NO,SI,NO,NO,NO,
189,454,AYACUCHO,LA MAR,SAN MIGUEL,07.- AYACUCHO,OFICINA REGISTRAL AUXILIAR,ORA,ORA SAN MIGUEL (MINSA),08:45 a 16:30,Avenida Ramon Castilla s/n,DESPLAZAMIENTO,SI,NO,NO,SI,NO,SI,NO,NO,NO,
190,455,AYACUCHO,CANGALLO,CANGALLO,07.- AYACUCHO,OFICINA REGISTRAL AUXILIAR,ORA,ORA HOSPITAL DE APOYO CANGALLO (MINSA),08:45 a 16:30,Jirón Santa Rosa N° 110,OPERATIVO,SI,NO,NO,SI,SI,SI,NO,NO,NO,
191,172,CUSCO,LA CONVENCION,PICHARI,07.- AYACUCHO,PUNTO DE ATENCION PERMANENTE,PAP,PAP PICHARI,08:45 a 16:45,Avenida BRASIL S/N,OPERATIVO,NO,NO,SI,SI,SI,NO,SI,SI,NO,
192,77,APURIMAC,CHINCHEROS,CHINCHEROS,07.- AYACUCHO,PUNTO DE ATENCION PERMANENTE,PAP,PAP CHINCHEROS,08:45 a 16:45,Jirón COTABAMBAS N° 121,OPERATIVO,NO,NO,SI,SI,SI,NO,SI,SI,NO,
193,500,AYACUCHO,LA MAR,SAMUGARI,07.- AYACUCHO,PUNTO DE ATENCION PERMANENTE,PAP,PAP SAMUGARI -PALMAPAMPA,08:45 a 16:45,Jirón Los Laureles S/N – Palmapampa Distrital de Samugari,OPERATIVO,NO,NO,SI,SI,SI,NO,SI,SI,NO,
194,620,AYACUCHO,LA MAR,TAMBO,07.- AYACUCHO,OFICINA REGISTRAL AUXILIAR,ORA,ORA TAMBO (MINSA),08:45 a 16:30,Jirón Lima s/n,OPERATIVO,SI,NO,NO,SI,SI,SI,NO,NO,NO,
195,628,AYACUCHO,HUAMANGA,JESUS NAZARENO,07.- AYACUCHO,OFICINA REGISTRAL AUXILIAR,ORA,ORA HOSPITAL DE APOYO JESUS NAZARENO (MINSA),08:45 a 16:30,Jirón Ciro Alegría Nº 547,OPERATIVO,SI,NO,NO,SI,SI,SI,NO,NO,NO,
196,73,APURIMAC,ANDAHUAYLAS,TALAVERA,07.- AYACUCHO,OFICINA REGISTRAL,OR,OR ANDAHUAYLAS,08:45 a 16:45,Jirón Amauta N° 311,OPERATIVO,si,si,si,si,si,si,si,si,SI,
197,458,APURIMAC,CHINCHEROS,ANCCO HUALLO,07.- AYACUCHO,OFICINA REGISTRAL AUXILIAR,ORA,ORA  CENTRO DE SALUD URIPA  (MINSA),08:45 a 16:30,Avenida  Túpac Amaru S/N – URIPA,OPERATIVO,SI,NO,NO,SI,SI,SI,NO,NO,NO,
198,459,APURIMAC,ANDAHUAYLAS,ANDAHUAYLAS,07.- AYACUCHO,OFICINA REGISTRAL AUXILIAR,ORA,ORA HOSPITAL REGIONAL DOCENTE  HUGO PESCE PESCETTO ANDAHUAYLAS (MINSA),08:45 a 16:30,Avenida Hugo Pesce Pesceto S/N,OPERATIVO,SI,NO,NO,SI,SI,SI,NO,NO,NO,
199,357,AYACUCHO,HUANTA,SIVIA,07.- AYACUCHO,OFICINA REGISTRAL AUXILIAR,ORA,ORA HOSPITAL DE APOYO DE SIVIA (MINSA),08:45 a 16:30,Jirón Gervacio Santillana S/N,DESPLAZAMIENTO,SI,NO,NO,SI,SI,SI,NO,NO,NO,
200,699,CUSCO,LA CONVENCION,KIMBIRI,07.- AYACUCHO,OFICINA REGISTRAL AUXILIAR,ORA,ORA CENTRO DE SALUD SAN JUAN DE KIMBIRI (MINSA),08:45 a 16:30,Avenida Aeropuerto S/N,DESPLAZAMIENTO,SI,NO,NO,SI,SI,SI,NO,NO,NO,
201,629,CUSCO,LA CONVENCION,PICHARI,07.- AYACUCHO,OFICINA REGISTRAL AUXILIAR,ORA,ORA HOSPITAL DE APOYO PICHARI (MINSA),08:45 a 16:30,Jirón Amazonas s/n,OPERATIVO,SI,NO,NO,SI,SI,SI,NO,NO,NO,
202,457,APURIMAC,CHINCHEROS,CHINCHEROS,07.- AYACUCHO,OFICINA REGISTRAL AUXILIAR,ORA,ORA HOSPITAL DE APOYO CHINCHEROS (MINSA),08:45 a 16:30,Avenida Fernando Belaunde Terry S/N,OPERATIVO,SI,NO,NO,SI,SI,SI,NO,NO,NO,
203,631,AYACUCHO,CANGALLO,LOS MOROCHUCOS,07.- AYACUCHO,OFICINA REGISTRAL AUXILIAR,ORA,ORA PAMPA CANGALLO (MINSA),08:45 a 16:30,Avenida María Arguedas S/N,OPERATIVO,SI,NO,NO,SI,SI,SI,NO,NO,NO,
204,1186,AYACUCHO,HUAMANGA,SAN JUAN BAUTISTA,07.- AYACUCHO,OFICINA REGISTRAL AUXILIAR,ORA,ORA SAN JUAN BAUTISTA,08:45 a 16:30,AV. MALVINAS S/N,DESPLAZAMIENTO,SI,NO,NO,SI,SI,SI,NO,NO,NO,
205,52,AREQUIPA,AREQUIPA,AREQUIPA,08.- AREQUIPA,OFICINA REGISTRAL AUXILIAR,ORA,ORA HOSPITAL REGIONAL HONORIO DELGADO ESPINOZA (MINSA),08:45 a 16:30,Avenida Daniel Alcides Carrión N° 505,OPERATIVO,SI,SI,NO,SI,SI,SI,NO,NO,NO,
206,54,TACNA,TACNA,TACNA,08.- AREQUIPA,OFICINA REGISTRAL AUXILIAR,ORA,ORA TACNA (MINSA),08:45 a 16:30,Calle Blondel S/N,OPERATIVO,SI,SI,NO,SI,SI,SI,NO,NO,NO,
207,91,AREQUIPA,AREQUIPA,AREQUIPA,08.- AREQUIPA,OFICINA REGISTRAL,OR,OR AREQUIPA,08:45 a 16:45,Calle San Juan de Dios N° 122 y Santo Domingo N° 101,OPERATIVO,SI,SI,SI,SI,SI,NO,SI,SI,SI,
208,92,AREQUIPA,CAYLLOMA,CHIVAY,08.- AREQUIPA,PUNTO DE ATENCION PERMANENTE,PAP,PAP CAYLLOMA,08:45 a 16:45,Calle Siglo XX S/N,OPERATIVO,SI,NO,SI,SI,SI,NO,SI,SI,NO,
209,93,AREQUIPA,CAMANA,CAMANA,08.- AREQUIPA,AGENCIA,AG,AG CAMANA,08:45 a 16:45,Avenida Mariscal Castilla N° 221,OPERATIVO,SI,NO,SI,SI,SI,NO,SI,SI,NO,
210,94,AREQUIPA,CARAVELI,CARAVELÍ,08.- AREQUIPA,PUNTO DE ATENCION PERMANENTE,PAP,PAP CARAVELI,08:45 a 16:45,Jirón Bolivar S/N,DESPLAZAMIENTO,SI,NO,SI,SI,SI,NO,SI,SI,NO,
211,95,AREQUIPA,CASTILLA,APLAO,08.- AREQUIPA,PUNTO DE ATENCION PERMANENTE,PAP,PAP CASTILLA,08:45 a 16:45,Calle Progreso S/N,OPERATIVO,SI,NO,SI,SI,SI,NO,SI,SI,NO,
212,96,AREQUIPA,CONDESUYOS,CHUQUIBAMBA,08.- AREQUIPA,PUNTO DE ATENCION PERMANENTE,PAP,PAP CONDESUYOS,08:45 a 16:45,Avenida Alameda S/N - Los Tres Errantes,OPERATIVO,SI,NO,SI,SI,SI,NO,SI,SI,NO,
213,97,AREQUIPA,ISLAY,MOLLENDO,08.- AREQUIPA,AGENCIA,AG,AG ISLAY,08:45 a 16:45,Jiron Arequipa Nº 261 ,OPERATIVO,SI,SI,SI,SI,SI,NO,SI,SI,SI,
214,98,AREQUIPA,LA UNION,COTAHUASI,08.- AREQUIPA,PUNTO DE ATENCION PERMANENTE,PAP,PAP LA UNION,08:45 a 16:45,Calle Centenario N° 202 - Cotahuasi,OPERATIVO,SI,NO,SI,SI,SI,NO,SI,SI,NO,
215,145,MOQUEGUA,MARISCAL NIETO,MOQUEGUA,08.- AREQUIPA,OFICINA REGISTRAL AUXILIAR,ORA,ORA HOSPITAL REGIONAL MOQUEGUA (MINSA),08:45 a 16:30,Avenida Simón Bolívar N° 505,OPERATIVO,SI,SI,NO,SI,SI,SI,NO,NO,NO,
216,481,MOQUEGUA,MARISCAL NIETO,SAN ANTONIO,08.- AREQUIPA,AGENCIA,AG,AG MARISCAL NIETO,08:45 a 16:45,Avenida Central Mz D-4 Lt. 1,OPERATIVO,SI,SI,SI,SI,SI,NO,SI,SI,SI,
217,483,MOQUEGUA,ILO,ILO,08.- AREQUIPA,AGENCIA,AG,AG ILO,08:45 a 16:45,Jirón Ayacucho N° 529,OPERATIVO,SI,SI,SI,SI,SI,NO,SI,SI,SI,
218,511,AREQUIPA,CAYLLOMA,MAJES,08.- AREQUIPA,AGENCIA,AG,AG MAJES,08:45 a 16:45,Avenida Arequipa S/N - Tienda 06 del Estadio Almirante Miguel Grau - Pedregal,OPERATIVO,SI,NO,SI,SI,SI,NO,SI,SI,NO,
219,579,AREQUIPA,AREQUIPA,CAYMA,08.- AREQUIPA,AGENCIA,AG,AG CAYMA,08:45 a 16:45,Avenida Ramón Castilla S/N - Estadio La Tomilla,OPERATIVO,SI,SI,SI,SI,SI,NO,SI,SI,SI,
220,621,TACNA,TACNA,TACNA,08.- AREQUIPA,AGENCIA,AG,AG TACNA,08:45 a 16:45,Calle Deustua Nº 173,OPERATIVO,SI,SI,SI,SI,SI,NO,SI,SI,SI,
221,725,AREQUIPA,AREQUIPA,AREQUIPA,08.- AREQUIPA,OFICINA REGISTRAL AUXILIAR,ORA,ORA HOSPITAL III GOYENECHE (MINSA),08:45 a 16:30,Avenida Goyeneche N° 100,OPERATIVO,SI,SI,NO,SI,SI,SI,NO,NO,NO,
222,726,AREQUIPA,CAMANA,CAMANA,08.- AREQUIPA,OFICINA REGISTRAL AUXILIAR,ORA,ORA HOSPITAL DE CAMANA (MINSA),08:45 a 16:30,Avenida Lima 550,OPERATIVO,SI,SI,NO,SI,SI,SI,NO,NO,NO,
223,762,AREQUIPA,AREQUIPA,PAUCARPATA,08.- AREQUIPA,MEJOR ATENCION AL CIUDADANO,MAC,MAC - AREQUIPA,08:30 a 16:30,Avenida Porongoche N° 500 Paucarpata - Centro Comercial Mall Aventura ,OPERATIVO,SI,SI,SI,SI,SI,NO,SI,SI,SI,
224,727,AREQUIPA,CAYLLOMA,MAJES,08.- AREQUIPA,OFICINA REGISTRAL AUXILIAR,ORA,ORA HOSPITAL CENTRAL DE MAJES- ANGEL GABRIEL CHURA GALLEGOS (MINSA),08:45 a 16:30, Asentamiento B1 lote 1 Irrig. Majes,OPERATIVO,SI,SI,NO,SI,SI,SI,NO,NO,NO,
225,839,MOQUEGUA,MARISCAL NIETO,MOQUEGUA,08.- AREQUIPA,MEJOR ATENCION AL CIUDADANO,MAC,MAC - MOQUEGUA,08:30 a 16:30,"Avenida Circunvalación 1B Sub lote 1-A, Moquegua",OPERATIVO,SI,SI,SI,SI,SI,NO,SI,SI,SI,
226,1040,AREQUIPA,AREQUIPA,AREQUIPA,08.- AREQUIPA,PUNTO DE ATENCION PERMANENTE,PAP,PAP PASEO CENTRAL,08:45 a 16:45,Calle Arturo Ibañez S/N,OPERATIVO,SI,NO,SI,SI,SI,NO,SI,SI,NO,
227,750,AREQUIPA,AREQUIPA,CERRO COLORADO,08.- AREQUIPA,OFICINA REGISTRAL AUXILIAR,ORA,C.S. MARITZA CAMPOS DIAZ (MINSA),08:45 a 16:30,Calle Yavari S/N,OPERATIVO,SI,SI,NO,SI,SI,SI,NO,NO,NO,
228,336,AREQUIPA,AREQUIPA,PAUCARPATA,08.- AREQUIPA,OFICINA REGISTRAL AUXILIAR,ORA,HOSPITAL EDMUNDO ESCOMEL (ESSALUD),08:45 a 16:30,Avenida EL Cayro S/N,OPERATIVO,SI,SI,NO,SI,SI,SI,NO,NO,NO,
229,514,AREQUIPA,AREQUIPA,AREQUIPA,08.- AREQUIPA,OFICINA REGISTRAL AUXILIAR,ORA,HOSPITAL CARLOS ALBERTO SEGUIN ESCOBEDO (ESSALUD),08:45 a 16:30,Calle Peral S/N,OPERATIVO,SI,SI,NO,SI,SI,SI,NO,NO,NO,
230,338,AREQUIPA,AREQUIPA,YANAHUARA,08.- AREQUIPA,OFICINA REGISTRAL AUXILIAR,ORA,ORA HOSPITAL III YANAHUARA (ESSALUD),08:45 a 16:30,Avenida Zamácola S/N,OPERATIVO,SI,SI,NO,SI,SI,SI,NO,NO,NO,
231,600020,AREQUIPA,AREQUIPA,AREQUIPA,08.- AREQUIPA,PLATAFORMA VIRTUAL MULTISERVICIOS,PVM,PVM - OR AREQUIPA,08:45 a 16:45,Calle San Juan de Dios N° 122 y Santo Domingo N° 101,OPERATIVO,NO,NO,SI,NO,NO,NO,SI,NO,NO,
232,60,CUSCO,CUSCO,SANTIAGO,09.- CUSCO,OFICINA REGISTRAL AUXILIAR,ORA,ORA ANTONIO LORENA DEL CUSCO (MINSA),08:45 a 16:30,Calle Carlos Ugarte S/N Urb. Primavera Cuartel Agustín Gamarra,OPERATIVO,SI,NO,NO,SI,SI,SI,NO,NO,NO,
233,61,CUSCO,CUSCO,WANCHAQ,09.- CUSCO,OFICINA REGISTRAL AUXILIAR,ORA,ORA HOSPITAL NACIONAL ADOLFO GUEVARA VELASCO (ESSALUD),08:45 a 16:30,Avenida Ancelmo Alvarez S/N,OPERATIVO,SI,NO,NO,SI,SI,SI,NO,NO,NO,
234,71,APURIMAC,ABANCAY,ABANCAY,09.- CUSCO,OFICINA REGISTRAL,OR,OR ABANCAY,08:45 a 16:45,Avenida La Victoria Nº 214,OPERATIVO,SI,SI,SI,SI,SI,SI,SI,SI,SI,
235,72,APURIMAC,AYMARAES,CHALHUANCA,09.- CUSCO,PUNTO DE ATENCION NO PERMANENTE,PANP,PANP AYMARAES,08:45 a 16:45, Plaza de Armas S/N (Gobernatura De Chalhuanca),DESPLAZAMIENTO,NO,NO,SI,SI,SI,NO,NO,NO,NO,
236,74,APURIMAC,ANTABAMBA,ANTABAMBA,09.- CUSCO,PUNTO DE ATENCION NO PERMANENTE,PANP,PANP ANTABAMBA,08:45 a 16:45, Plaza de Armas S / N,DESPLAZAMIENTO,NO,NO,SI,SI,SI,NO,NO,NO,NO,
237,75,APURIMAC,COTABAMBAS,TAMBOBAMBA,09.- CUSCO,PUNTO DE ATENCION PERMANENTE,PAP,PAP TAMBOBAMBA,08:45 a 16:45,Avenida Perú - Plaza de Armas S/N - 3er Piso,OPERATIVO,SI,SI,SI,SI,SI,NO,SI,SI,SI,
238,76,APURIMAC,GRAU,CHUQUIBAMBILLA,09.- CUSCO,PUNTO DE ATENCION NO PERMANENTE,PANP,PANP GRAU,08:45 a 16:45, Plaza de Armas S / N,DESPLAZAMIENTO,NO,NO,SI,SI,SI,NO,NO,NO,NO,
239,191,CUSCO,CUSCO,CUSCO,09.- CUSCO,OFICINA REGISTRAL,OR,OR CUSCO,08:45 a 16:45,Avenida El Sol N° 272,OPERATIVO,SI,SI,SI,SI,SI,SI,SI,SI,SI,
240,192,CUSCO,ACOMAYO,ACOMAYO,09.- CUSCO,PUNTO DE ATENCION NO PERMANENTE,PANP,PANP ACOMAYO,08:45 a 16:45, Plaza de Armas S/N,DESPLAZAMIENTO,NO,NO,SI,SI,SI,NO,NO,NO,NO,
241,193,CUSCO,ANTA,ANTA ,09.- CUSCO,PUNTO DE ATENCION PERMANENTE,PAP,PAP ANTA,08:45 a 16:45,"Jirón Jaquijahuana  S / N, Izcuchaca",OPERATIVO,SI,SI,SI,SI,SI,NO,SI,SI,SI,
242,194,CUSCO,CALCA,CALCA,09.- CUSCO,AGENCIA,AG,AG CALCA,08:45 a 16:45, Plaza de Armas S/N,OPERATIVO,SI,SI,SI,SI,SI,NO,SI,SI,SI,
243,195,CUSCO,CANAS,YANAOCA,09.- CUSCO,PUNTO DE ATENCION PERMANENTE,PAP,PAP CANAS,08:45 a 16:45, Plaza de Armas S/N,OPERATIVO,NO,NO,SI,SI,SI,NO,NO,NO,NO,
244,196,CUSCO,CANCHIS,SICUANI,09.- CUSCO,AGENCIA,AG,AG CANCHIS,08:45 a 16:45,Avenida Túpac Amaru N° 163,OPERATIVO,SI,SI,SI,SI,SI,NO,SI,SI,SI,
245,197,CUSCO,CHUMBIVILCAS,SANTO TOMAS,09.- CUSCO,PUNTO DE ATENCION PERMANENTE,PAP,PAP CHUMBIVILCAS,08:45 a 16:45,Avenida Perú S / N (Ruedo de Toros),OPERATIVO,SI,SI,SI,SI,SI,NO,SI,SI,SI,
246,198,CUSCO,ESPINAR,ESPINAR,09.- CUSCO,PUNTO DE ATENCION PERMANENTE,PAP,PAP ESPINAR,08:45 a 16:45,Calle Teatro S/N  ,OPERATIVO,SI,SI,SI,SI,SI,NO,SI,SI,SI,
247,199,CUSCO,LA CONVENCION,SANTA ANA,09.- CUSCO,AGENCIA,AG,AG LA CONVENCION,08:45 a 16:45,Avenida Grau Nº 238,OPERATIVO,SI,SI,SI,SI,SI,NO,SI,SI,SI,
248,200,CUSCO,PARURO,PARURO,09.- CUSCO,PUNTO DE ATENCION NO PERMANENTE,PANP,PANP PARURO,08:45 a 16:45, Plaza de Armas S/N,DESPLAZAMIENTO,NO,NO,SI,SI,SI,NO,NO,NO,NO,
249,201,CUSCO,PAUCARTAMBO,PAUCARTAMBO,09.- CUSCO,PUNTO DE ATENCION PERMANENTE,PAP,PAP PAUCARTAMBO - JR9,08:45 a 16:45,Jirón Enrique Yabar S/N,DESPLAZAMIENTO,SI,NO,SI,SI,SI,NO,SI,SI,NO,
250,202,CUSCO,QUISPICANCHI,URCOS,09.- CUSCO,PUNTO DE ATENCION PERMANENTE,PAP,PAP QUISPICANCHI,08:45 a 16:45,Jirón Huáscar N° 181,OPERATIVO,SI,SI,SI,SI,SI,NO,SI,SI,SI,
251,203,CUSCO,URUBAMBA,URUBAMBA,09.- CUSCO,PUNTO DE ATENCION PERMANENTE,PAP,PAP URUBAMBA,08:45 a 16:45,Avenida Conchatupa S/N,OPERATIVO,SI,SI,SI,SI,SI,NO,SI,SI,SI,
252,341,MADRE DE DIOS,TAHUAMANU,IBERIA,09.- CUSCO,AGENCIA,AG,AG IBERIA,08:45 a 16:45,Avenida Máximo Rodríguez N° 124 Plaza de Armas,OPERATIVO,SI,SI,SI,SI,SI,NO,SI,SI,SI,
253,348,APURIMAC,ABANCAY,ABANCAY,09.- CUSCO,OFICINA REGISTRAL AUXILIAR,ORA,ORA HOSPITAL REGIONAL GUILLERMO DIAZ DE LA VEGA (MINSA),08:45 a 16:30,Avenida Daniel Alcides Carrión S/N,OPERATIVO,SI,NO,NO,SI,SI,SI,NO,NO,NO,
254,461,MADRE DE DIOS,TAMBOPATA,TAMBOPATA,09.- CUSCO,OFICINA REGISTRAL,OR,OR TAMBOPATA,08:45 a 16:45,Jirón Lambayeque N° 159,OPERATIVO,SI,SI,SI,SI,SI,SI,SI,SI,SI,
255,462,MADRE DE DIOS,MANU,MANU,09.- CUSCO,PUNTO DE ATENCION NO PERMANENTE,PANP,PANP MANU,08:45 a 16:45,Avenida Esperanza S/N - Local Municipal,DESPLAZAMIENTO,NO,NO,SI,SI,SI,NO,NO,NO,NO,
256,495,CUSCO,ACOMAYO,POMACANCHI,09.- CUSCO,AGENCIA,AG,AG POMACANCHI,08:45 a 16:45, Plaza de Armas S/N,DESPLAZAMIENTO,NO,NO,SI,SI,SI,NO,NO,NO,NO,
257,599,CUSCO,CUSCO,CUSCO,09.- CUSCO,OFICINA REGISTRAL AUXILIAR,ORA,ORA HOSPITAL DE APOYO DEPARTAMENTAL CUSCO (MINSA),08:45 a 16:30,Avenida La Cultura S/N,OPERATIVO,SI,NO,NO,SI,SI,SI,NO,NO,NO,
258,606,CUSCO,CANCHIS,SICUANI,09.- CUSCO,OFICINA REGISTRAL AUXILIAR,ORA,ORA SICUANI (MINSA),08:45 a 16:30,Avenida Manuel Callo Zevallos N° 519 - Hospital MINSA Sicuani,OPERATIVO,SI,NO,NO,SI,SI,SI,NO,NO,NO,
259,633,MADRE DE DIOS,TAMBOPATA,TAMBOPATA,09.- CUSCO,OFICINA REGISTRAL AUXILIAR,ORA,ORA SANTA ROSA (MINSA),08:45 a 16:30,Jirón Cajamarca N° 171,DESPLAZAMIENTO,SI,NO,NO,SI,SI,SI,NO,NO,NO,
260,648,CUSCO,LA CONVENCION,SANTA ANA,09.- CUSCO,OFICINA REGISTRAL AUXILIAR,ORA,ORA QUILLABAMBA (MINSA),08:45 a 16:30,Avenida General Gamarra S/N - Hospital Quillabamba,OPERATIVO,SI,NO,NO,SI,SI,SI,NO,NO,NO,
261,657,CUSCO,ESPINAR,ESPINAR,09.- CUSCO,OFICINA REGISTRAL AUXILIAR,ORA,ORA ESPINAR (MINSA),08:45 a 16:30,Calle Domingo Huarca Cruz S/N Barrio Túpac Amaru  - Hospital Espinar,OPERATIVO,SI,NO,NO,SI,SI,SI,NO,NO,NO,
262,713,MADRE DE DIOS,TAHUAMANU,IBERIA,09.- CUSCO,OFICINA REGISTRAL AUXILIAR,ORA,ORA SAN MARTIN DE PORRES DE IBERIA (MINSA),08:45 a 16:30,Calle Mocopata S/N,OPERATIVO,SI,NO,NO,SI,SI,SI,NO,NO,NO,
263,349,APURIMAC,COTABAMBAS,TAMBOBAMBA,09.- CUSCO,OFICINA REGISTRAL AUXILIAR,ORA,ORA TAMBOBAMBA (MINSA),08:45 a 16:30, Hospital Tambobamba,OPERATIVO,SI,NO,NO,SI,SI,SI,NO,NO,NO,
264,793,APURIMAC,COTABAMBAS,HAQUIRA,09.- CUSCO,PUNTO DE ATENCION PERMANENTE,PAP,PAP HAQUIRA,08:45 a 16:45, Plaza de armas S/N-Haquira,DESPLAZAMIENTO,SI,SI,SI,SI,SI,NO,SI,SI,SI,
265,728,CUSCO,CHUMBIVILCAS,SANTO TOMAS,09.- CUSCO,OFICINA REGISTRAL AUXILIAR,ORA,ORA SANTO TOMAS (MINSA),08:45 a 16:30,Calle  Andres Avelino Caceres - Hospital Santo Tomas  ,DESPLAZAMIENTO,SI,NO,NO,SI,SI,SI,NO,NO,NO,
266,920,CUSCO,CHUMBIVILCAS,VELILLE,09.- CUSCO,PUNTO DE ATENCION NO PERMANENTE,PANP,PANP VELILLE,08:45 a 16:45, Plaza de Armas - Municipalidad Distrital Velille,DESPLAZAMIENTO,NO,NO,SI,SI,SI,NO,SI,SI,NO,
267,919,CUSCO,CALCA,YANATILE,09.- CUSCO,PUNTO DE ATENCION NO PERMANENTE,PANP,PANP YANATILE,08:45 a 16:45, Plaza de Armas - Municipalidad Distrital Yanatile,DESPLAZAMIENTO,NO,NO,SI,SI,SI,NO,SI,SI,NO,
268,921,APURIMAC,ABANCAY,CURAHUASI,09.- CUSCO,PUNTO DE ATENCION NO PERMANENTE,PANP,PANP CURAHUASI,08:45 a 16:45, Coliseo Cerrado - Municipalidad de Curahuasi,DESPLAZAMIENTO,NO,NO,SI,SI,SI,NO,SI,SI,NO,
269,1132,CUSCO,CUSCO,SANTIAGO,09.- CUSCO,AGENCIA,AG,AGENCIA SANTIAGO,08:15 a 16:15,Calle Giraldo Ruiz Caro S/N,OPERATIVO,SI,SI,SI,SI,SI,NO,SI,SI,SI,
270,1165,CUSCO,CUSCO,WANCHAQ,09.- CUSCO,MEJOR ATENCION AL CIUDADANO,MAC,MAC - CUSCO,08:30 a 16:30,Avenida Collasuyo 2964 - Real Plaza Cusco,OPERATIVO,SI,SI,SI,SI,SI,NO,SI,SI,SI,
271,343,MADRE DE DIOS,TAMBOPATA,INAMBARI,09.- CUSCO,AGENCIA,AG,AG INAMBARI,08:45 a 16:45, Plaza de Armas - Municipalidad Provincial de Inambari,DESPLAZAMIENTO,NO,NO,SI,SI,SI,NO,SI,SI,NO,
272,600021,CUSCO,CUSCO,CUSCO,09.- CUSCO,PLATAFORMA VIRTUAL MULTISERVICIOS,PVM,PVM - OR CUSCO,08:45 a 16:45,Avenida El Sol N° 272,OPERATIVO,NO,NO,SI,NO,NO,NO,NO,NO,NO,
273,600,CUSCO,CUSCO,SANTIAGO,09.- CUSCO,OFICINA REGISTRAL AUXILIAR,ORA,ORA BELEMPAMPA (MINSA),08:45 a 13:00,Plazoleta Belen S/N,OPERATIVO,SI,NO,NO,SI,SI,SI,NO,NO,NO,
274,8,LIMA,LIMA ,JESÚS MARÍA,10.- LIMA,OFICINA REGISTRAL AUXILIAR,ORA,ORA HOSPITAL NACIONAL EDGARDO REBAGLIATI MARTINS (ESSALUD),08:45 a 16:30,Avenida SALAVERRY CDRA. 13 - PUERTA 6,OPERATIVO,SI,NO,NO,SI,NO,SI,NO,NO,NO,
275,11,CALLAO,CALLAO,CALLAO,10.- LIMA,OFICINA REGISTRAL AUXILIAR,ORA,ORA NAC. DANIEL A. CARRIÓN (MINSA),08:45 a 16:30,Avenida Guardia Chalaca Nº 2176 - Bellavista,OPERATIVO,SI,NO,NO,SI,NO,SI,NO,NO,NO,
276,12,LIMA,LIMA,SAN JUAN DE LURIGANCHO,10.- LIMA,OFICINA REGISTRAL AUXILIAR,ORA,ORA HOSPITAL SAN JUAN DE LURIGANCHO (MINSA),08:45 a 16:30,Avenida Canto Grande S/N - Altura del paradero 10,OPERATIVO,SI,NO,NO,SI,NO,SI,NO,NO,NO,
277,14,LIMA,LIMA,EL AGUSTINO,10.- LIMA,OFICINA REGISTRAL AUXILIAR,ORA,ORA HOSPITAL NACIONAL HIPOLITO UNANUE (MINSA),08:45 a 16:30,Avenida Cesar Vallejo Nº 1390 ,OPERATIVO,SI,NO,NO,SI,NO,SI,NO,NO,NO,
278,51,LIMA,LIMA,LIMA,10.- LIMA,OFICINA REGISTRAL AUXILIAR,ORA,ORA INSTITUTO NACIONAL MATERNO PERINATAL (MINSA),08:45 a 16:30,Jirón Miroquesada Nº 941 - Lima,OPERATIVO,SI,SI,NO,SI,SI,SI,NO,NO,NO,
279,58,CALLAO,CALLAO,VENTANILLA,10.- LIMA,OFICINA REGISTRAL,OR,OR VENTANILLA,08:45 a 16:45,Avenida Pachacutec N° 225 - Sector B - Grupo Residencial B1 - Mz. F1 ,OPERATIVO,SI,SI,SI,SI,SI,SI,SI,SI,SI,
280,114,LIMA,LIMA,SANTIAGO DE SURCO,10.- LIMA,OFICINA REGISTRAL,OR,OR SURCO - HIGUERETA,08:45 a 16:45,Avenida Santiago de Surco Nº 2807 Urb. Residencial Higuereta,OPERATIVO,SI,SI,SI,SI,SI,SI,SI,SI,SI,
281,168,LIMA,LIMA,SAN BORJA,10.- LIMA,OFICINA REGISTRAL,OR,OR SAN BORJA,08:45 a 16:45,Avenida San Luis N° 1673 Urb. Jacaranda II,OPERATIVO,SI,SI,SI,SI,SI,SI,SI,SI,SI,
282,169,LIMA,LIMA,COMAS,10.- LIMA,OFICINA REGISTRAL,OR,OR COMAS III,08:45 a 16:45,Avenida San Felipe Nº 830 Urb. San Felipe,OPERATIVO,SI,SI,SI,SI,SI,SI,SI,SI,SI,
283,174,LIMA,LIMA,LIMA,10.- LIMA,OFICINA REGISTRAL,OR,OR QUILCA,08:45 a 16:45,Jirón Quilca Nº 501 y 525 ,OPERATIVO,SI,SI,SI,SI,SI,SI,SI,SI,SI,
284,175,LIMA,LIMA,LIMA,10.- LIMA,AGENCIA,AG,AG ANCASH,08:45 a 16:45,Jirón Ancash Nº 336-340 y 344 (Frente a la Plazuela San Francisco) - Lima,OPERATIVO,SI,SI,SI,SI,SI,NO,SI,SI,SI,
285,187,LIMA,LIMA,VILLA MARÍA DEL TRIUNFO,10.- LIMA,OFICINA REGISTRAL AUXILIAR,ORA,ORA DANIEL ALCIDES CARRION (MINSA),08:45 a 16:30,Avenida Pachacutec N° 3470 - Pasando el Terminal Pesquero.,OPERATIVO,SI,NO,NO,SI,NO,SI,NO,NO,NO,
286,335,CALLAO,CALLAO,BELLAVISTA,10.- LIMA,MEJOR ATENCION AL CIUDADANO,MAC,MAC - CALLAO,08:30 a 16:30,Avenida Oscar R. Benavides N° 3866 - Centro Comercial Mall Aventura Plaza,OPERATIVO,SI,SI,SI,SI,SI,NO,SI,SI,SI,
287,371,LIMA,LIMA,LIMA,10.- LIMA,OFICINA REGISTRAL,OR,OR LIMA,08:45 a 16:45,Jirón Nicolás de Piérola N 545,OPERATIVO,SI,SI,SI,SI,SI,SI,SI,SI,SI,
288,372,LIMA,LIMA,ATE,10.- LIMA,OFICINA REGISTRAL (DESCENTRALIZADA),OR,OR ATE - Complejo Deportivo Ollantaytambo,08:45 a 16:45,Av. Alfonso Ugarte s/n  Complejo Deportivo Ollantaytambo,OPERATIVO,SI,NO,SI,SI,NO,NO,NO,NO,SI,
289,372,LIMA,LIMA,ATE,10.- LIMA,OFICINA REGISTRAL (DESCENTRALIZADA),OR,OR ATE - Mac Express de Puruchuco,08:45 a 13:00 - 14:00 a 16:45 ,Av. Javier Pardo Este N° 8680  Mac Express - Agencia Municipal Real Plaza de Puruchuco.,OPERATIVO,NO,SI,NO,NO,SI,SI,SI,SI,SI,
290,376,LIMA,LIMA,COMAS,10.- LIMA,OFICINA REGISTRAL,OR,OR COMAS I,08:45 a 16:45,"Avenida Tupac Amaru N° 5527 - 5531 - 5535, Urb Huaquillay 2da Etapa",OPERATIVO,SI,SI,SI,SI,SI,SI,SI,SI,SI,
291,379,LIMA,LIMA,LURIN,10.- LIMA,OFICINA REGISTRAL,OR,OR LURIN,08:45 a 16:45,"MZ B, Lote 5 Asociación de Vivienda Familiar Centinela - Lurin",OPERATIVO,SI,SI,SI,SI,SI,SI,SI,SI,SI,
292,380,LIMA,LIMA,MIRAFLORES,10.- LIMA,OFICINA REGISTRAL,OR,OR MIRAFLORES,08:45 a 16:45,Avenida Ernesto Diez Canseco N° 230,OPERATIVO,SI,SI,SI,SI,SI,SI,SI,SI,SI,
293,382,LIMA,LIMA,PUENTE PIEDRA,10.- LIMA,OFICINA REGISTRAL,OR,OR PUENTE PIEDRA,08:45 a 16:45,Jirón Ricardo Palma Nº 241,OPERATIVO,SI,SI,SI,SI,SI,SI,SI,SI,SI,
294,386,LIMA,LIMA,SAN JUAN DE LURIGANCHO,10.- LIMA,OFICINA REGISTRAL,OR,OR SAN JUAN DE LURIGANCHO,08:45 a 16:45,Avenida Las Flores Lote 1 Mz. G Urb. Canto Grande Unidad 7,OPERATIVO,SI,SI,SI,SI,SI,SI,SI,SI,SI,
295,387,LIMA,LIMA,SAN JUAN DE MIRAFLORES,10.- LIMA,OFICINA REGISTRAL,OR,OR SAN JUAN DE MIRAFLORES,08:45 a 16:45,Avenida Guillermo Billinghurst  N° 767 – 769 Mz. F Lote 18 Urb. SJM Parcela D,OPERATIVO,SI,SI,SI,SI,SI,SI,SI,SI,SI,
296,389,LIMA,LIMA,SAN MARTÍN DE PORRES,10.- LIMA,OFICINA REGISTRAL,OR,OR SAN MARTIN DE PORRES,08:45 a 16:45,Avenida Eduardo de Habich Nº 590 - 592 con Pedro Paulet N° 589,OPERATIVO,SI,SI,SI,SI,SI,SI,SI,SI,SI,
297,391,LIMA,CAJATAMBO,CAJATAMBO,10.- LIMA,AGENCIA,AG,AG CAJATAMBO,08:45 a 16:45,Jirón Bolognesi S/N - Comisiones de Regantes -Frente plaza de Armas,OPERATIVO,NO,NO,SI,SI,SI,NO,SI,SI,NO,
298,392,LIMA,CANTA,CANTA,10.- LIMA,AGENCIA,AG,AG CANTA,08:45 a 16:45,Jirón Independencia Nº 308 Municipio (Plaza de Armas),OPERATIVO,NO,NO,SI,SI,SI,NO,SI,SI,NO,
299,393,LIMA,CAÑETE,SAN VICENTE DE CAÑETE,10.- LIMA,AGENCIA,AG,AG CAÑETE,08:45 a 16:45,Avenida Los Libertadores Mz. D-3 Lote 4 Urbanización Tercer Mundo,OPERATIVO,SI,SI,SI,SI,SI,NO,SI,SI,SI,
300,394,LIMA,HUAURA,HUACHO,10.- LIMA,AGENCIA,AG,AG HUACHO,08:45 a 16:45,Avenida Grau Nº 295,OPERATIVO,SI,SI,SI,SI,SI,NO,SI,SI,SI,
301,395,LIMA,HUAROCHIRI,MATUCANA,10.- LIMA,AGENCIA,AG,AG MATUCANA,08:45 a 16:45,Jirón Tacna S/N  - Centro Civico,OPERATIVO,SI,NO,SI,SI,SI,NO,NO,NO,NO,
302,396,LIMA,YAUYOS,YAUYOS,10.- LIMA,AGENCIA,AG,AG YAUYOS,08:45 a 16:45,Plaza Plaza Constitución Nº 110,OPERATIVO,NO,NO,SI,SI,SI,NO,SI,SI,NO,
303,397,LIMA,HUARAL,HUARAL,10.- LIMA,AGENCIA,AG,AG HUARAL,08:45 a 16:45,Pasaje el Palmo esquina con Calle Huaquilla (DEMUNA HUARAL),OPERATIVO,SI,SI,SI,SI,SI,NO,SI,SI,SI,
304,398,LIMA,BARRANCA,BARRANCA,10.- LIMA,OFICINA REGISTRAL,OR,OR BARRANCA,08:45 a 16:45,Avenida Independencia N° 674 - 676 - 678,OPERATIVO,SI,SI,SI,SI,SI,SI,SI,SI,SI,
305,399,LIMA,OYON,OYON,10.- LIMA,AGENCIA,AG,AG OYON,08:45 a 16:45,Jirón Unión 216,OPERATIVO,NO,NO,SI,SI,SI,NO,SI,SI,NO,
306,401,LIMA,LIMA,LURIGANCHO,10.- LIMA,OFICINA REGISTRAL,OR,OR CHOSICA,08:45 a 16:45,Jirón Chucuito Nº 248 ,OPERATIVO,SI,SI,SI,SI,SI,SI,SI,SI,SI,
307,404,LIMA,LIMA,PACHACAMAC,10.- LIMA,OFICINA REGISTRAL,OR,OR PACHACAMAC,08:45 a 16:45,Avenida Paul Poblet N° 3111 - Dentro del Mercado Jumbo,OPERATIVO,SI,SI,SI,SI,SI,SI,SI,SI,SI,
308,405,LIMA,LIMA,JESÚS MARÍA,10.- LIMA,OFICINA REGISTRAL,OR,OR JESUS MARIA,08:45 a 16:45,Jirón Talara N° 130-132-134 y 136 Jesús Maria,OPERATIVO,SI,SI,SI,SI,SI,SI,SI,SI,SI,
309,421,LIMA,LIMA,CIENEGUILLA,10.- LIMA,OFICINA REGISTRAL,OR,OR CIENEGUILLA,08:45 a 16:45,"Avenida San Martin Lote 15, Zona ""D"" Manzana ""D"" Centro Poblado Tambo Viejo",OPERATIVO,NO,SI,NO,NO,SI,SI,SI,SI,SI,
310,423,LIMA,LIMA,SANTA ANITA,10.- LIMA,OFICINA REGISTRAL,OR,OR SANTA ANITA,08:45 a 16:45,"Avenida Los Eucaliptos Nº 947, Urbanización Universal",OPERATIVO,SI,SI,SI,SI,SI,SI,SI,SI,SI,
311,430,LIMA,LIMA,INDEPENDENCIA,10.- LIMA,OFICINA REGISTRAL,OR,OR INDEPENDENCIA,08:45 a 16:45,Calle Los Andes Nº 486 Urb. Industrial Panamericana Norte,OPERATIVO,SI,SI,SI,SI,SI,SI,SI,SI,SI,
312,544,CALLAO,CALLAO,VENTANILLA,10.- LIMA,MEJOR ATENCION AL CIUDADANO,MAC,MAC - VENTANILLA,08:30 a 16:30,Avenida La Playa S/N altura la Urb. Zona Comercial frente a la Plaza Cívica ,OPERATIVO,SI,SI,SI,SI,SI,NO,SI,SI,SI,
313,550,LIMA,LIMA,JESÚS MARÍA,10.- LIMA,AGENCIA,AG,AG 06 DE AGOSTO,08:45 a 16:45,Avenida 06 de Agosto N° 856,OPERATIVO,NO,NO,NO,NO,SI,NO,SI,SI,NO,
314,574,CALLAO,CALLAO,MI PERÚ,10.- LIMA,PUNTO DE ATENCION PERMANENTE,PAP,PAP MI PERU,08:45 a 16:45, Mz. G7 Lt. 06 Mi Perú  interior de la Sede Municipal.,OPERATIVO,SI,NO,SI,SI,SI,NO,NO,NO,NO,
315,577,LIMA,LIMA,SAN MARTÍN DE PORRES,10.- LIMA,OFICINA REGISTRAL AUXILIAR,ORA,ORA NACIONAL CAYETANO HEREDIA (MINSA),08:45 a 16:30,Jirón Honorio Delgado N° 262 - Urb. Ingeniería / Obstetricia,OPERATIVO,SI,NO,NO,SI,NO,SI,NO,NO,NO,
316,640,LIMA,HUAURA,HUACHO,10.- LIMA,OFICINA REGISTRAL AUXILIAR,ORA,ORA HOSPITAL GENERAL DE HUACHO (MINSA),08:45 a 16:30,Avenida Jose Arnaldo Arambulo La Rosa N° 251,OPERATIVO,SI,SI,NO,SI,SI,SI,NO,NO,NO,
317,661,CALLAO,CALLAO,CALLAO,10.- LIMA,OFICINA REGISTRAL,OR,OR CALLAO,08:45 a 16:45,Avenida Dos de Mayo N° 440 - 446,OPERATIVO,SI,SI,SI,SI,SI,SI,SI,SI,SI,
318,696,LIMA,LIMA,SAN BORJA,10.- LIMA,AGENCIA,AG,AG ATENCIONES ESPECIALES DE SAN BORJA,08:45 a 16:45,Avenida Javier Prado N° 2388 -2386 - 2392,OPERATIVO,SI,SI,SI,SI,SI,NO,NO,NO,SI,
319,717,LIMA,LIMA,EL AGUSTINO,10.- LIMA,MEJOR ATENCION AL CIUDADANO,MAC,MAC - LIMA ESTE,08:30 a 16:30,Avenida Carretera Central 111 Mall Aventura Santa Anita Nivel 2,OPERATIVO,SI,SI,SI,SI,SI,NO,SI,NO,SI,
320,729,CALLAO,CALLAO,CARMEN DE LA LEGUA REYNOSO,10.- LIMA,OFICINA REGISTRAL AUXILIAR,ORA,ORA HOSPITAL SAN JOSE (MINSA),08:45 a 16:30,Jirón Las Magnolias 475 Carmen de la Legua-Reynoso,OPERATIVO,SI,SI,NO,SI,SI,SI,NO,NO,NO,
321,730,CALLAO,CALLAO,VENTANILLA,10.- LIMA,OFICINA REGISTRAL AUXILIAR,ORA,ORA HOSPITAL DE VENTANILLA (MINSA),08:45 a 16:30,Avenida Pedro Beltran S/N Ventanilla - Hospital de Ventanilla,OPERATIVO,SI,SI,NO,SI,SI,SI,NO,NO,NO,
322,739,LIMA,CAÑETE,SAN LUIS,10.- LIMA,OFICINA REGISTRAL AUXILIAR,ORA,ORA HOSPITAL REZOLA (MINSA),08:45 a 16:30,Calle Distrito de San Luis S/N,OPERATIVO,SI,SI,NO,SI,SI,SI,NO,NO,NO,
323,740,LIMA,BARRANCA,BARRANCA,10.- LIMA,OFICINA REGISTRAL AUXILIAR,ORA,ORA HOSPITAL DE BARRANCA (MINSA),08:45 a 16:30,Avenida Nicolás de Piérola Nº 210 -224,OPERATIVO,SI,SI,NO,SI,SI,SI,NO,NO,NO,
324,753,LIMA,HUARAL,HUARAL,10.- LIMA,OFICINA REGISTRAL AUXILIAR,ORA,ORA HOSPITAL SAN JUAN BAUTISTA HUARAL (MINSA),08:45 a 16:30,Calle Tacna Nº 120 Urb. San Juan I,OPERATIVO,SI,SI,NO,SI,SI,SI,NO,NO,NO,
325,754,LIMA,LIMA ,COMAS,10.- LIMA,OFICINA REGISTRAL AUXILIAR,ORA,ORA HOSPITAL NACIONAL SERGIO E. BERNALES (MINSA),08:45 a 16:30,"Avenida Túpac Amaru N° 8000, Collique, Comas.",OPERATIVO,SI,SI,NO,SI,SI,SI,NO,NO,NO,
326,755,LIMA,LIMA,LIMA,10.- LIMA,OFICINA REGISTRAL AUXILIAR,ORA,ORA NACIONAL DOS DE MAYO (MINSA),08:45 a 16:30,Avenida Parque Historia De La Medicina Peruana S/N Altura Cuadra 13 Av Grau,OPERATIVO,SI,SI,NO,SI,SI,SI,NO,NO,NO,
327,757,LIMA,LIMA,ATE ,10.- LIMA,OFICINA REGISTRAL AUXILIAR,ORA,ORA HOSPITAL DE HUAYCAN (MINSA),08:45 a 16:30,Avenida José C.Mariátegui S/N Zona B - A.H.Huaycán S/N Ate Lima Lima,OPERATIVO,SI,SI,NO,SI,SI,SI,NO,NO,NO,
328,796,LIMA,LIMA,SAN JUAN DE MIRAFLORES,10.- LIMA,MEJOR ATENCION AL CIUDADANO,MAC,MAC - LIMA SUR,08:30 a 16:30,Avenida Circunvalación 1583- San Juan de Miraflores,OPERATIVO,SI,NO,SI,SI,SI,NO,SI,SI,SI,
329,808,LIMA,LIMA,COMAS,10.- LIMA,MEJOR ATENCION AL CIUDADANO,MAC,MAC - LIMA NORTE,08:30 a 16:30,Avenida Los Angeles N° 602 2do piso - Cc Mall Plaza ,OPERATIVO,SI,SI,SI,SI,SI,NO,SI,SI,SI,
330,490 /600013,LIMA,LIMA,JESUS MARIA,10.- LIMA,PLATAFORMA VIRTUAL MULTISERVICIOS,PVM,PVM - JESUS MARIA (2.0 y 3.0),08:45 a 16:45,Jirón Talara N° 130,OPERATIVO,NO,NO,NO,NO,NO,NO,SI,NO,NO,
331,478,LIMA,LIMA,SANTIAGO DE SURCO,10.- LIMA,PLATAFORMA VIRTUAL MULTISERVICIOS,PVM,PVM - JOCKEY PLAZA (2.0),08:45 a 16:45,Avenida Javier Prado Este N° 4200 ( Centro Financiero del Centro Comercial),OPERATIVO,NO,NO,NO,NO,NO,NO,SI,NO,NO,
332,499,LIMA,LIMA,SURQUILLO,10.- LIMA,PLATAFORMA VIRTUAL MULTISERVICIOS,PVM,PVM - OPEN PLAZA ANGAMOS (2.0),08:45 a 16:45,Avenida Cruce Angamos N° 1805 con Tomas Marsano,OPERATIVO PARCIAL,NO,NO,NO,NO,NO,NO,SI,NO,NO,
333,493,LIMA,LIMA,CHORRILLOS,10.- LIMA,PLATAFORMA VIRTUAL MULTISERVICIOS,PVM,PVM - PLAZA LIMA SUR (2.0),08:45 a 16:45, Prolongación Paseo  de la Republica S/N Urb. Matellini (2do nivel del Centro Comercial) ,OPERATIVO,NO,NO,NO,NO,NO,NO,SI,NO,NO,
334,724,CALLAO,CALLAO,VENTANILLA,10.- LIMA,PLATAFORMA VIRTUAL MULTISERVICIOS,PVM,PVM - VENTANILLA (2.0),08:45 a 16:45,Avenida La Playa S/N altura la Urb. Zona Comercial frente a la Plaza Cívica ,OPERATIVO,NO,NO,NO,NO,NO,NO,SI,NO,NO,
335,494,CALLAO,CALLAO,BELLAVISTA,10.- LIMA,PLATAFORMA VIRTUAL MULTISERVICIOS,PVM,PVM - MALL AVENTURA PLAZA - CALLAO (2.0),08:45 a 16:45,Avenida Oscar R. Benavides N° 3866 - Centro Comercial Mall Aventura Plaza,INOPERATIVA,NO,NO,NO,NO,NO,NO,NO,NO,NO,
336,547/600011,LIMA,LIMA,MIRAFLORES,10.- LIMA,PLATAFORMA VIRTUAL MULTISERVICIOS,PVM,PVM - MIRAFLORES (2.0 y 3.0),08:45 a 16:45,Avenida Diez Canseco N° 230,OPERATIVO,NO,NO,NO,NO,NO,NO,SI,NO,NO,
337,775/600023,LIMA,LIMA,INDEPENDENCIA,10.- LIMA,PLATAFORMA VIRTUAL MULTISERVICIOS,PVM,PVM - INDEPENDENCIA (2.0 y 3.0),08:45 a 16:45,Calle Los Andes Nº 486 Urb. Industrial Panamericana Norte,OPERATIVO,NO,NO,NO,NO,NO,NO,SI,NO,NO,
338,489,LIMA,LIMA,LURIN,10.- LIMA,PLATAFORMA VIRTUAL MULTISERVICIOS,PVM,PVM - OR LURIN (2.0),08:45 a 16:45,Mz. B Lote 5 Asociación de Vivienda Centinela (detrás del polideportivo),OPERATIVO,NO,NO,NO,NO,NO,NO,SI,NO,NO,
339,17,LIMA,LIMA,SANTA ANITA,10.- LIMA,OFICINA REGISTRAL AUXILIAR,ORA,ORA HOSP. JORGE VOTO BERNALES (ESSALUD),08:45 a 16:30,"Carretera CARRETERA CENTRAL KM. 3,5 - SANTA ANITA",OPERATIVO,SI,NO,NO,SI,NO,SI,NO,NO,NO,
340,186,LIMA,LIMA,CERCADO DE LIMA,10.- LIMA,OFICINA REGISTRAL AUXILIAR,ORA,HOSP. NAC DOC MADRE Y NIÑO  SAN BARTOLOME (MINSA),08:45 a 16:30,Avenida ALFONSO UGARTE 825 - LIMA,OPERATIVO,SI,NO,NO,SI,NO,SI,NO,NO,NO,
341,183,LIMA,LIMA,CHORRILLOS,10.- LIMA,OFICINA REGISTRAL AUXILIAR,ORA,CMI VIRGEN DEL CARMEN  (MINSA),08:45 a 16:30,Avenida LEOPOLDO ARIAS 200 FRENTE AL COLISEO MARISCAL CACERES,OPERATIVO PARCIAL,SI,NO,NO,SI,NO,SI,NO,NO,NO,
342,13,LIMA,LIMA,PUENTE PIEDRA,10.- LIMA,OFICINA REGISTRAL AUXILIAR,ORA,ORA HOSPITAL PUENTE PIEDRA (MINSA),08:45 a 16:30,Avenida SAENZ PEÑA S/N KM 30,OPERATIVO,SI,NO,NO,SI,NO,SI,NO,NO,NO,
343,492,LIMA,LIMA,SAN JUAN DE LURIGANCHO,10.- LIMA,PLATAFORMA VIRTUAL MULTISERVICIOS,PVM,PVM - SAN JUAN DE LURIGANCHO (2.0),08:45 a 16:45,Avenida Las Flores 260-262  Urb. San Rafael,OPERATIVO PARCIAL,NO,NO,NO,NO,NO,NO,NO,NO,NO,
344,40,ANCASH,OCROS,OCROS,10.- LIMA,AGENCIA,AG,AG OCROS,08:45 a 16:45, Plaza de Armas S/N (MUNICIPIO),OPERATIVO,NO,NO,SI,SI,SI,NO,SI,SI,NO,
345,1183,LIMA,HUARAL,CHANCAY,10.- LIMA,AGENCIA,AG,AG CHANCAY,08:45 a 16:45,Avenida 1ro de mayo s/n cdra 03,OPERATIVO,SI,NO,SI,SI,SI,NO,SI,SI,NO,
346,9,LIMA,LIMA,PUEBLO LIBRE,10.- LIMA,OFICINA REGISTRAL AUXILIAR,ORA,ORA HOSPITAL SANTA ROSA,08:45 a 16:30,Avenida Bolivar Crda. 8 Pueblo Libre ,OPERATIVO,SI,NO,NO,SI,NO,SI,NO,NO,NO,
347,769,LIMA,LIMA,INDEPENDENCIA,10.- LIMA,OFICINA REGISTRAL AUXILIAR,ORA,ORA  CMI TAHUANTINSUYO BAJO,08:45 a 16:30,Avenida Chinchaysullo cdra 4 Independencia,OPERATIVO,SI,SI,NO,SI,SI,SI,NO,NO,NO,
348,114,LIMA,LIMA,SURQUILLO,10.- LIMA,AGENCIA,AG,AG. INSTITUTO NACIONAL DE ENFERMEDADES NEOPLASICAS,08:45 a 16:45,Av. Angamos Este 2520 - Surquillo (puerta emergencia del INEN),OPERATIVO PARCIAL,SI,NO,SI,SI,NO,NO,NO,NO,NO,
349,491,LIMA,LIMA,SAN MARTIN DE PORRES,10.- LIMA,PLATAFORMA VIRTUAL MULTISERVICIOS,PVM,PVM - OR SAN MARTIN DE PORRES (2.0 y 3.0),08:45 a 16:45,Av. Eduardo de Habich 592,OPERATIVO,NO,NO,NO,NO,NO,NO,SI,NO,NO,
350,600003,LIMA,LIMA,SAN JUAN DE MIRAFLORES,10.- LIMA,PLATAFORMA VIRTUAL MULTISERVICIOS,PVM,PVM - MALL  LIMA SUR (3.0),08:45 a 16:45,"Av. Los Lirios s/n, altura de  puente Atocongo",OPERATIVO,NO,NO,NO,NO,NO,NO,SI,NO,NO,
351,600006,LIMA,LIMA,COMAS,10.- LIMA,PLATAFORMA VIRTUAL MULTISERVICIOS,PVM,PVM - OR COMAS I (3.0),08:45 a 16:45,"Av. Tupac Amaru N° 5527 - 5531 - 5535, Urb Huaquillay 2da Etapa",OPERATIVO,NO,NO,NO,NO,NO,NO,SI,NO,NO,
352,600012,LIMA,LIMA,SAN BORJA,10.- LIMA,PLATAFORMA VIRTUAL MULTISERVICIOS,PVM,PVM - OR SAN BORJA (3.0),08:45 a 16:45,Av. San Luis N° 1673 Urb. Jacaranda II,OPERATIVO,NO,NO,NO,NO,NO,NO,SI,NO,NO,
353,600002,LIMA,LIMA,LIMA- CERCADO,10.- LIMA,PLATAFORMA VIRTUAL MULTISERVICIOS,PVM,PVM - OR LIMA (3.0),08:45 a 16:45,Av. Nicolas de Pierola 545,OPERATIVO,NO,NO,NO,NO,NO,NO,SI,NO,NO,
354,600005,LIMA,LIMA,LIMA - CERCADO,10.- LIMA,PLATAFORMA VIRTUAL MULTISERVICIOS,PVM,PVM - AGENCIA ANCASH (3.0),08:45 a 16:45,Jr. Ancash 336-340 Cercado,OPERATIVO,NO,NO,NO,NO,NO,NO,SI,NO,NO,
355,600009,LIMA,BARRANCA,BARRANCA,10.- LIMA,PLATAFORMA VIRTUAL MULTISERVICIOS,PVM,PVM - OR BARRANCA (3.0),08:45 a 16:45,Av. Prolongacion Independencia 250,OPERATIVO,NO,NO,NO,NO,NO,NO,SI,NO,NO,
356,758,LIMA,LIMA,VILLA EL SALVADOR,10.- LIMA,OFICINA REGISTRAL AUXILIAR,ORA,ORA HOSPITAL EMERGENCIA VILLA EL SALVADOR,08:45 a 16:30,Avenida  Pastor Sevilla cruce Av. 200 millas VES,OPERATIVO,SI,SI,NO,SI,SI,SI,NO,NO,NO,
357,19,PUNO,PUNO,PUNO,11.- PUNO,OFICINA REGISTRAL AUXILIAR,ORA,ORA MANUEL NUÑEZ BUTRON,08:45 a 16:45,El Sol N° 1022,OPERATIVO,SI,NO,NO,SI,SI,SI,NO,NO,NO,NO
358,89,PUNO,PUNO,PUNO,11.- PUNO,OFICINA REGISTRAL AUXILIAR,ORA,ORA HOSPITAL BASE III (PUNO) - RED ASISTENCIAL PUNO,08:45 a 16:45,Francisco Cáceres Jara Nº 600,OPERATIVO,SI,NO,NO,SI,SI,SI,NO,NO,NO,NO
359,90,PUNO,SAN ROMAN,JULIACA,11.- PUNO,OFICINA REGISTRAL AUXILIAR,ORA,ORA CARLOS MONGE MEDRANO,08:45 a 16:45,Carretera a Huancane Km 2,OPERATIVO,SI,NO,NO,SI,SI,SI,NO,NO,NO,NO
360,108,PUNO,EL COLLAO ,ILAVE ,11.- PUNO,OFICINA REGISTRAL AUXILIAR,ORA,ORA ILAVE,08:45 a 16:45,Atahualpa Nº 825,OPERATIVO,SI,NO,NO,SI,SI,SI,NO,NO,NO,NO
361,118,PUNO,SAN ROMAN,JULIACA,11.- PUNO,OFICINA REGISTRAL AUXILIAR,ORA,ORA HOSPITAL BASE III JULIACA - ESSALUD - RED ASISTENCIAL JULIACA,08:45 a 16:45,José Santos Chocano S/N - La Capilla,OPERATIVO,SI,NO,NO,SI,SI,SI,NO,NO,NO,NO
362,551,PUNO,PUNO,PUNO,11.- PUNO,OFICINA REGISTRAL,OR,OR PUNO,08:45 a 16:45,Arequipa N° 1143 - 1145 Barrio Victoria,OPERATIVO,SI,SI,SI,SI,SI,SI,SI,SI,SI,SI
363,552,PUNO,AZANGARO,AZANGARO,11.- PUNO,PUNTO DE ATENCION PERMANENTE,PAP,PAP AZANGARO,08:45 a 16:45,Azangaro N° 160  (Palacio Municipal),OPERATIVO,SI,NO,SI,SI,SI,NO,SI,SI,NO,SI
364,553,PUNO,CARABAYA,MACUSANI,11.- PUNO,PUNTO DE ATENCION PERMANENTE,PAP,PAP CARABAYA,08:45 a 16:45,Raimondi N° 116,OPERATIVO,NO,NO,SI,SI,SI,NO,SI,SI,NO,SI
365,554,PUNO,CHUCUITO,JULI,11.- PUNO,PUNTO DE ATENCION PERMANENTE,PAP,PAP CHUCUITO,08:45 a 16:45,Ilave 235 - Mercado Central Municipio,OPERATIVO,NO,NO,SI,SI,SI,NO,SI,SI,NO,SI
366,555,PUNO,HUANCANE,HUANCANE,11.- PUNO,PUNTO DE ATENCION PERMANENTE,PAP,PAP HUANCANE,08:45 a 16:45,Moquegua N° 104 - Barrio Progreso,OPERATIVO,NO,NO,SI,SI,SI,NO,SI,SI,NO,SI
367,556,PUNO,LAMPA,LAMPA,11.- PUNO,PUNTO DE ATENCION PERMANENTE,PAP,PAP LAMPA,08:45 a 16:45,Alfonso Ugarte N° 343,OPERATIVO,NO,NO,SI,SI,SI,NO,SI,SI,NO,SI
368,557,PUNO,MELGAR,AYAVIRI,11.- PUNO,PUNTO DE ATENCION PERMANENTE,PAP,PAP MELGAR,08:45 a 16:45,Jorge Chavez N°  550,OPERATIVO,SI,NO,SI,SI,SI,NO,SI,SI,NO,SI
369,558,PUNO,SANDIA,SANDIA,11.- PUNO,PUNTO DE ATENCION PERMANENTE,PAP,PAP SANDIA,08:45 a 16:45,Juliaca S/N - Mercado Central Sandia,OPERATIVO,NO,NO,SI,SI,SI,NO,SI,SI,NO,SI
370,559,PUNO,SAN ROMAN,JULIACA,11.- PUNO,AGENCIA,AG,AG SAN ROMAN,08:45 a 16:45,Brascesco N° 181 ,OPERATIVO,SI,SI,SI,SI,SI,NO,SI,SI,SI,SI
371,560,PUNO,YUNGUYO,YUNGUYO,11.- PUNO,PUNTO DE ATENCION PERMANENTE,PAP,PAP YUNGUYO,08:45 a 16:45,Grau Nº 240,OPERATIVO,NO,NO,SI,SI,SI,NO,SI,SI,NO,SI
372,561,PUNO,SAN ANTONIO DE PUTINA,PUTINA,11.- PUNO,PUNTO DE ATENCION PERMANENTE,PAP,PAP PUTINA,08:45 a 16:45,Plaza de Armas S/N (Palacio Municipal),OPERATIVO,NO,NO,SI,SI,SI,NO,SI,SI,NO,SI
373,562,PUNO,EL COLLAO,ILAVE,11.- PUNO,PUNTO DE ATENCION PERMANENTE,PAP,PAP EL COLLAO,08:45 a 16:45,Bolognesi S/N - Coliseo Cubierto Ilave Oficina N° 02,OPERATIVO,SI,NO,SI,SI,SI,NO,SI,SI,NO,SI
374,563,PUNO,MOHO,MOHO,11.- PUNO,PUNTO DE ATENCION PERMANENTE,PAP,PAP MOHO,08:45 a 16:45,Circunvalación S/N Terminal Terrestre,DESPLAZAMIENTO,NO,NO,SI,SI,SI,NO,NO,NO,NO,NO
375,634,PUNO,AZANGARO,AZANGARO,11.- PUNO,OFICINA REGISTRAL AUXILIAR,ORA,ORA CARLOS CORNEJO ROSELLO,08:45 a 16:45,Francisco Bolognesi N° 557,OPERATIVO,SI,NO,NO,SI,SI,SI,NO,NO,NO,NO
376,635,PUNO,CHUCUITO,JULI,11.- PUNO,OFICINA REGISTRAL AUXILIAR,ORA,ORA JULI,08:45 a 16:45,Panamericana S/N,OPERATIVO,SI,NO,NO,SI,SI,SI,NO,NO,NO,NO
377,636,PUNO,HUANCANE,HUANCANE,11.- PUNO,OFICINA REGISTRAL AUXILIAR,ORA,ORA HOSPITAL LUCIO ALDAZABAL PAUCA,08:45 a 16:45,Santa Cruz S/N,OPERATIVO,SI,NO,NO,SI,SI,SI,NO,NO,NO,NO
378,637,PUNO,MELGAR,AYAVIRI,11.- PUNO,OFICINA REGISTRAL AUXILIAR,ORA,ORA SAN JUAN DE DIOS (AYAVIRI),08:45 a 16:45,Progreso S/N,OPERATIVO,SI,NO,NO,SI,SI,SI,NO,NO,NO,NO
379,759,PUNO,SAN ROMÁN,JULIACA,11.- PUNO,OFICINA REGISTRAL AUXILIAR,ORA,ORA CENTRO DE SALUD CLAS SANTA ADRIANA,08:45 a 16:45,Pachacutec S/N,OPERATIVO,SI,NO,NO,SI,SI,SI,NO,NO,NO,NO
380,639,PUNO,SANDIA,SANDIA,11.- PUNO,OFICINA REGISTRAL AUXILIAR,ORA,ORA HOSPITAL SANDIA,CERRADO,Arica N° 448,INOPERATIVO,NO,NO,NO,NO,NO,NO,NO,NO,NO,NO
381,792,PUNO,SAN ROMÁN,SAN MIGUEL,11.- PUNO,PUNTO DE ATENCION PERMANENTE,PAP,PAP SAN MIGUEL - JR11,08:45 a 16:45,Palacio Municipal S/N,OPERATIVO,SI,NO,SI,SI,SI,NO,SI,SI,NO,SI
382,791,PUNO,CHUCUITO,DESAGUADERO,11.- PUNO,PUNTO DE ATENCION PERMANENTE,PAP,PAP DESAGUADERO,08:45 a 16:45,28 de Julio N° 305 - Desaguadero,OPERATIVO,NO,NO,SI,SI,SI,NO,NO,NO,NO,SI
383,823,PUNO,PUNO,PUNO,11.- PUNO,PUNTO DE ATENCION PERMANENTE,PAP,PAP UNA PUNO,CERRADO,Floral N° 1153 - Ciudad Universitaria,INOPERATIVO,NO,NO,NO,NO,NO,NO,NO,NO,NO,NO
384,824,PUNO,PUNO,ACORA,11.- PUNO,PUNTO DE ATENCION PERMANENTE,PAP,PAP ACORA,08:45 a 16:45,Plaza de Armas (Palacio Municipal),OPERATIVO,NO,NO,SI,SI,SI,NO,NO,NO,NO,SI
385,1184,PUNO,SAN ROMAN,JULIACA,11.- PUNO,CENTRO DE MEJOR ATENCION AL CIUDADANO,MAC,MAC PUNO,08:45 a 16:45,San Martin lote 07,OPERATIVO,SI,SI,SI,SI,SI,NO,SI,SI,SI,SI
386,1185,PUNO,CARABAYA,CRUCERO,11.- PUNO,PUNTO DE ATENCION NO PERMANENTE,PANP,PANP CRUCERO,08:45 a 16:45,Plaza de Armas S/N,DESPLAZAMIENTO,NO,NO,SI,SI,SI,NO,SI,SI,NO,NO
387,18,ICA,ICA,ICA,12.- ICA,OFICINA REGISTRAL AUXILIAR,ORA,ORA REGIONAL DE ICA (MINSA),08:45 a 16:30,Avenida Huacachina S/N,OPERATIVO,SI,SI,NO,SI,SI,SI,NO,NO,NO,
388,125,AYACUCHO,LUCANAS,PUQUIO,12.- ICA,AGENCIA,AG,AG LUCANAS,08:45 a 16:45,Jirón San Pedro  Nº 216,OPERATIVO,SI,SI,SI,SI,SI,NO,SI,SI,SI,
389,126,AYACUCHO,PARINACOCHAS,CORACORA,12.- ICA,AGENCIA,AG,AG PARINACOCHAS,08:45 a 16:45,Jirón Bolognesi N° 419 Plaza de Armas,OPERATIVO,SI,NO,SI,SI,SI,NO,SI,SI,NO,
390,150,ICA,ICA,PARCONA,12.- ICA,PUNTO DE ATENCION PERMANENTE,PAP,PAP PARCONA,08:45 a 16:45,Avenida Jhon F. Kennedy N° 500 con Calle Lima S/N (Costado del Palacio Municipal),OPERATIVO,SI,SI,SI,SI,SI,NO,SI,SI,SI,
391,271,ICA,ICA,ICA,12.- ICA,OFICINA REGISTRAL,OR,OR ICA,08:45 a 16:45,Avenida San Martin N° 1366 Mz. M-02 Lt. 035. Urb. San Isidro ,OPERATIVO,SI,SI,SI,SI,SI,NO,SI,SI,SI,
392,272,ICA,CHINCHA,CHINCHA ALTA,12.- ICA,AGENCIA,AG,AG CHINCHA,08:45 a 16:45,Calle Los Angeles N° 300,OPERATIVO,SI,SI,SI,SI,SI,NO,SI,SI,SI,
393,273,ICA,NASCA,NASCA,12.- ICA,AGENCIA,AG,AG NASCA,08:45 a 16:45,Calle Fermin del Castillo N° 270,OPERATIVO,SI,SI,SI,SI,SI,NO,SI,SI,SI,
394,274,ICA,PISCO,PISCO,12.- ICA,AGENCIA,AG,AG PISCO,08:45 a 16:45,Calle San Juan de Dios N° 288,OPERATIVO,SI,SI,SI,SI,SI,NO,SI,SI,SI,
395,275,ICA,PALPA,PALPA,12.- ICA,AGENCIA,AG,AG PALPA,08:45 a 16:45,Calle Portal de Escribanos Nº 145,OPERATIVO,SI,NO,SI,SI,SI,NO,SI,SI,NO,
396,330,AYACUCHO,LUCANAS,CABANA,12.- ICA,PUNTO DE ATENCION NO PERMANENTE,PAP,PAP CABANA ,08:45 a 16:45,Jirón Jorge Chavez N° 272 ,DESPLAZAMIENTO,NO,NO,SI,SI,SI,NO,SI,SI,NO,
397,346,AYACUCHO,LUCANAS,PUQUIO,12.- ICA,OFICINA REGISTRAL AUXILIAR,ORA,ORA FELIPE HUAMAN POMA DE AYALA (MINSA),08:45 a 16:30,Avenida Arnaldo Alvarado S/N ,OPERATIVO,SI,SI,NO,SI,SI,SI,NO,NO,NO,
398,347,AYACUCHO,PARINACOCHAS,CORACORA,12.- ICA,OFICINA REGISTRAL AUXILIAR,ORA,ORA HOSPITAL DE APOYO DE CORACORA (MINSA),08:45 a 16:30,Avenida La Cultura S/N,OPERATIVO,SI,SI,NO,SI,SI,SI,NO,NO,NO,
399,354,ICA,ICA,ICA,12.- ICA,OFICINA REGISTRAL AUXILIAR,ORA,ORA SANTA MARIA DEL SOCORRO (MINSA),08:45 a 16:30,Calle Castrovirreyna N° 759,OPERATIVO,SI,SI,NO,SI,SI,SI,NO,NO,NO,
400,355,ICA,PISCO,PISCO,12.- ICA,OFICINA REGISTRAL AUXILIAR,ORA,ORA SAN JUAN DE DIOS (MINSA),08:45 a 16:30,Avenida Fermín Tanguis S/N (Altura del Fundo Alto de la Luna),OPERATIVO,SI,SI,NO,SI,SI,SI,NO,NO,NO,
401,356,ICA,CHINCHA,CHINCHA ALTA,12.- ICA,OFICINA REGISTRAL AUXILIAR,ORA,ORA SAN JOSE DE CHINCHA (MINSA),08:45 a 16:30,Avenida Abelardo Alva Maurtua Nº 600,OPERATIVO,SI,SI,NO,SI,SI,SI,NO,NO,NO,
402,469,AYACUCHO,LUCANAS,LARAMATE,12.- ICA,PUNTO DE ATENCION NO PERMANENTE,PANP,PANP LARAMATE,08:45 a 16:45,Jirón Ica S/N,DESPLAZAMIENTO,NO,NO,SI,SI,SI,NO,NO,NO,NO,
403,507,ICA,NASCA,NASCA,12.- ICA,OFICINA REGISTRAL AUXILIAR,ORA,ORA HOSPITAL DE APOYO DE NASCA (MINSA),08:45 a 16:30,Calle Callao S/N - 5ta Cuadra,OPERATIVO,SI,SI,NO,SI,SI,SI,NO,NO,NO,
404,233,ICA,ICA,ICA,12.- ICA,OFICINA REGISTRAL AUXILIAR,ORA,ORA AUGUSTO HERNANDEZ MENDOZA (ESSALUD),08:45 a 16:30,Calle José Matias Manzanilla S/N,OPERATIVO,SI,SI,NO,SI,SI,SI,NO,NO,NO,
405,876,ICA,NASCA,MARCONA,12.- ICA,PUNTO DE ATENCION PERMANENTE,PAP,PAP MARCONA,08:45 a 16:45,Calle Andres Avelino Caceres S/N,CIERRE TEMPORAL,SI,NO,SI,SI,SI,NO,NO,NO,NO,
406,1193,ICA,ICA,ICA,12.- ICA,MEJOR ATENCION AL CIUDADANO,MAC,MAC - ICA,08:30 a 16:30,Avenida Los Maestros S/N C.C. Mega Plaza Segundo Piso,OPERATIVO,SI,SI,SI,SI,SI,NO,SI,SI,SI,
407,600018,ICA,ICA,ICA,12.- ICA,PLATAFORMAS VIRTUALES MULTISERVICIOS,PVM,PVM ICA,08:45 a 16:45,Avenida Los Maestros S/N C.C. Mega Plaza Segundo Piso,OPERATIVO,NO,NO,SI,SI,NO,NO,SI,NO,NO,
408,143,UCAYALI,CORONEL PORTILLO,CALLERIA,13.- PUCALLPA,OFICINA REGISTRAL AUXILIAR,ORA,ORA HOSPITAL REGIONAL DE PUCALLPA (MINSA),08:45 a 16:30,Jirón Luis Escavino N° 317,OPERATIVO,SI,NO,NO,SI,SI,SI,NO,NO,NO,
409,248,HUANUCO,PUERTO INCA,PUERTO INCA,13.- PUCALLPA,PUNTO DE ATENCION PERMANENTE,PAP,PAP PUERTO INCA,08:45 a 16:45,Jirón Vulcano S/N,OPERATIVO,NO,NO,SI,SI,SI,NO,NO,NO,NO,
410,337,UCAYALI,CORONEL PORTILLO,YARINACOCHA,13.- PUCALLPA,OFICINA REGISTRAL AUXILIAR,ORA,ORA HOSPITAL AMAZÓNICO - YARINACOCHA (MINSA),08:45 a 16:30,Jirón Aguaytia N° 605,OPERATIVO,SI,NO,NO,SI,SI,SI,NO,NO,NO,
411,646,UCAYALI,ATALAYA,RAIMONDI,13.- PUCALLPA,OFICINA REGISTRAL AUXILIAR,ORA,ORA ATALAYA,08:45 a 16:30,Calle Lima S/N  MZ.142 LT01 Piso 1 y 2 Urbanización Mario Pezo,OPERATIVO,SI,si,NO,SI,SI,SI,NO,NO,NO,
412,435,LORETO,UCAYALI,CONTAMANA,13.- PUCALLPA,PUNTO DE ATENCION PERMANENTE,PAP,PAP CONTAMANA,08:45 a 16:45,Calle Nuevo Loreto Mz.38C  Lt.5B,OPERATIVO,SI,SI,SI,SI,SI,NO,SI,SI,SI,
413,542,UCAYALI,PADRE ABAD,IRAZOLA ,13.- PUCALLPA,AGENCIA,AG,AG IRAZOLA ,08:45 a 16:45,Calle Progreso S/N ,OPERATIVO,SI,SI,SI,SI,SI,NO,NO,SI,NO,
414,701,UCAYALI,CORONEL PORTILLO,CALLERIA,13.- PUCALLPA,OFICINA REGISTRAL,OR,OR PUCALLPA,08:45 a 16:45,"Jirón 09 de Diciembre N° 378 y Tacna Nº 891 Mz. 07 Lt. Acumulado 1-B, independiente.",OPERATIVO,SI,SI,SI,SI,SI,SI,SI,SI,SI,
415,702,UCAYALI,PADRE ABAD,PADRE ABAD,13.- PUCALLPA,PUNTO DE ATENCION PERMANENTE,PAP,PAP PADRE ABAD,08:45 a 16:45,Avenida Grau Nº 214,OPERATIVO,SI,SI,SI,SI,SI,NO,SI,SI,SI,
416,703,UCAYALI,ATALAYA,RAIMONDI,13.- PUCALLPA,PUNTO DE ATENCION PERMANENTE,PAP,PAP ATALAYA,08:45 a 16:45,Jirón Rioja Nº 659,OPERATIVO,NO,NO,SI,SI,SI,NO,NO,NO,NO,
417,704,UCAYALI,PURUS,PURUS,13.- PUCALLPA,PUNTO DE ATENCION PERMANENTE,PAP,PAP PURUS,08:45 a 16:45,Avenida Purus S/N,OPERATIVO,NO,NO,SI,SI,SI,NO,SI,SI,NO,
418,723,UCAYALI,ATALAYA,TAHUANIA,13.- PUCALLPA,PUNTO DE ATENCION PERMANENTE,PAP,PAP TAHUANIA,08:45 a 16:45,Jirón 7 de Junio  S/N,OPERATIVO,NO,NO,SI,SI,SI,NO,NO,NO,NO,
419,828,UCAYALI,CORONEL PORTILLO,CALLERIA,13.- PUCALLPA,MEJOR ATENCION AL CIUDADANO,MAC,MAC - UCAYALI,08:30 a 16:30,Avenida Centenario 1642 (2do piso) Centro Comercial Real Plaza,OPERATIVO,SI,SI,SI,SI,SI,NO,SI,SI,SI,
420,15,HUANCAVELICA,HUANCAVELICA,IZCUCHACA,14.- HUANCAVELICA,PUNTO DE ATENCION PERMANENTE,PAP,PAP IZCUCHACA,08:45 a 16:45,Avenida Ferrocarril  S/N ,OPERATIVO,NO,NO,SI,SI,SI,NO,SI,SI,NO,
421,16,HUANCAVELICA,ACOBAMBA,PAUCARA,14.- HUANCAVELICA,PUNTO DE ATENCION PERMANENTE,PAP,PAP PAUCARA,08:45 a 16:45, Plaza Mayor S/N,OPERATIVO,NO,NO,SI,SI,SI,NO,SI,SI,NO,
422,20,HUANCAVELICA,HUANCAVELICA,HUANCAVELICA,14.- HUANCAVELICA,OFICINA REGISTRAL AUXILIAR,ORA,ORA HOSPITAL REGIONAL ZACARIAS CORREA VALDIVIA (MINSA),08:45 a 16:30,Avenida Andrés Avelino Cáceres S/N - Barrio Yananaco,OPERATIVO,SI,NO,NO,SI,NO,SI,NO,NO,NO,
423,618,HUANCAVELICA,HUANCAVELICA,HUANCAVELICA,14.- HUANCAVELICA,OFICINA REGISTRAL AUXILIAR,ORA,ORA HUANDO (MINSA),08:45 a 16:30,Calle Cementerio s/n,OPERATIVO,SI,NO,NO,SI,SI,SI,NO,NO,NO,
424,62,HUANCAVELICA,HUANCAVELICA,ASCENSIÓN,14.- HUANCAVELICA,OFICINA REGISTRAL AUXILIAR,ORA,ORA HOSPITAL II HUANCAVELICA (ESSALUD),08:45 a 16:30,Avenida Teresa de Jurnet S/N,OPERATIVO,SI,NO,NO,SI,NO,SI,NO,NO,NO,
425,221,HUANCAVELICA,HUANCAVELICA,HUANCAVELICA,14.- HUANCAVELICA,OFICINA REGISTRAL,OR,OR HUANCAVELICA,08:45 a 16:45,"Avenida San Cristóbal Nº 384, 386 y 388",OPERATIVO,SI,SI,SI,SI,SI,SI,SI,SI,SI,
426,222,HUANCAVELICA,ACOBAMBA,ACOBAMBA,14.- HUANCAVELICA,OFICINA REGISTRAL,OR,OR ACOBAMBA,08:45 a 16:45,Jirón Dos De Mayo N° 459,OPERATIVO,SI,SI,SI,SI,SI,SI,SI,SI,SI,
427,223,HUANCAVELICA,ANGARAES,LIRCAY,14.- HUANCAVELICA,OFICINA REGISTRAL,OR,OR ANGARAES,08:45 a 16:45,Avenida Centenario S/N - Barrio de Pueblo Nuevo - Dentro del Centro Civico,OPERATIVO,SI,SI,SI,SI,SI,SI,SI,SI,SI,
428,224,HUANCAVELICA,CASTROVIRREYNA,CASTROVIRREYNA,14.- HUANCAVELICA,OFICINA REGISTRAL,OR,OR CASTROVIRREYNA,08:45 a 16:45,Avenida Los Libertadores S/N,OPERATIVO,SI,SI,SI,SI,SI,SI,SI,SI,SI,
429,225,HUANCAVELICA,TAYACAJA,PAMPAS,14.- HUANCAVELICA,OFICINA REGISTRAL,OR,OR TAYACAJA,08:45 a 16:45,Jirón Manco Capac S/N con Jirón Alfonso Ugarte Cordova y Necochea - Coliseo Multiuso,OPERATIVO,NO,SI,SI,SI,SI,SI,SI,SI,SI,
430,226,HUANCAVELICA,HUAYTARA,HUAYTARA,14.- HUANCAVELICA,OFICINA REGISTRAL,OR,OR HUAYTARA,08:45 a 16:45,Calle 24 de Junio S/N - 2do piso Centro Cívico ,OPERATIVO,SI,SI,SI,SI,SI,SI,SI,SI,SI,
431,227,HUANCAVELICA,CHURCAMPA,CHURCAMPA,14.- HUANCAVELICA,OFICINA REGISTRAL,OR,OR CHURCAMPA,08:45 a 16:45,Jirón Real N° 255,OPERATIVO,SI,SI,SI,SI,SI,SI,SI,SI,SI,
432,362,HUANCAVELICA,TAYACAJA,PAMPAS,14.- HUANCAVELICA,OFICINA REGISTRAL AUXILIAR,ORA,ORA HOSPITAL DE PAMPAS (MINSA),08:45 a 16:30,Jirón Bolívar S/N ,OPERATIVO,SI,NO,NO,SI,SI,SI,NO,NO,NO,
433,467,HUANCAVELICA,ANGARAES,LIRCAY,14.- HUANCAVELICA,OFICINA REGISTRAL AUXILIAR,ORA,ORA LIRCAY (MINSA),08:45 a 16:30,Avenida Esmeralda S/N,DESPLAZAMIENTO,SI,NO,NO,SI,SI,SI,NO,NO,NO,
434,498,HUANCAVELICA,TAYACAJA,SURCUBAMBA,14.- HUANCAVELICA,AGENCIA,AG,AG SURCUBAMBA,08:45 a 16:45,Calle Alfonso Ugarte S/N,OPERATIVO,NO,NO,SI,SI,SI,NO,SI,SI,NO,
435,510,HUANCAVELICA,TAYACAJA,COLCABAMBA,14.- HUANCAVELICA,AGENCIA,AG,AG COLCABAMBA,08:45 a 16:45,Avenida Centenario S/N,OPERATIVO,NO,NO,SI,SI,SI,NO,SI,SI,NO,
436,598,HUANCAVELICA,HUANCAVELICA,YAULI,14.- HUANCAVELICA,OFICINA REGISTRAL AUXILIAR,ORA,ORA YAULI (MINSA),08:45 a 16:30,Avenida Jorge Chávez S/N,OPERATIVO,SI,NO,NO,SI,SI,SI,NO,NO,NO,
437,468,HUANCAVELICA,ACOBAMBA,PAUCARA,14.- HUANCAVELICA,OFICINA REGISTRAL AUXILIAR,ORA,ORA PAUCARA (MINSA),08:45 a 16:30,Calle Lircay s/n,OPERATIVO,SI,NO,NO,SI,SI,SI,NO,NO,NO,
438,651,HUANCAVELICA,CHURCAMPA,CHURCAMPA,14.- HUANCAVELICA,OFICINA REGISTRAL AUXILIAR,ORA,ORA CHURCAMPA (MINSA),08:45 a 16:30,Calle Ricardo Palma N° 535 (Instalaciones del Centro de Salud),DESPLAZAMIENTO,SI,NO,NO,SI,SI,SI,NO,NO,NO,
439,59,PASCO,PASCO,YANACANCHA,15.- HUANUCO,OFICINA REGISTRAL AUXILIAR,ORA,ORA DR. DANIEL ALCIDES CARRION GARCIA (MINSA),08:45 a 16:30,Avenida Los Incas S/N Urb. San Juan,OPERATIVO,SI,NO,NO,SI,SI,SI,NO,NO,NO,
440,115,PASCO,OXAPAMPA,PUERTO BERMUDEZ,15.- HUANUCO,PUNTO DE ATENCION PERMANENTE,PAP,PAP PUERTO BERMÚDEZ,08:45 a 16:45,Avenida Remigio Morales Bermúdez S/N,OPERATIVO,SI,NO,SI,SI,SI,NO,SI,SI,NO,
441,116,PASCO,PASCO,HUARIACA,15.- HUANUCO,PUNTO DE ATENCION PERMANENTE,PAP,PAP HUARIACA,08:45 a 16:45,Jirón 28 de Julio Nº 129,OPERATIVO,NO,NO,SI,SI,SI,NO,NO,NO,NO,
442,144,HUANUCO,HUANUCO,HUÁNUCO,15.- HUANUCO,OFICINA REGISTRAL AUXILIAR,ORA,ORA HOSPITAL REGIONAL HERMILIO VALDIZAN (MINSA),08:45 a 16:30,Jirón Hermilio Valdizan Nº 950,OPERATIVO,SI,NO,NO,SI,SI,SI,NO,NO,NO,
443,170,PASCO,PASCO,PAUCARTAMBO,15.- HUANUCO,PUNTO DE ATENCION PERMANENTE,PAP,PAP PAUCARTAMBO,08:45 a 16:45, Plaza 28 de Julio S/N,OPERATIVO,NO,NO,SI,SI,SI,NO,SI,SI,NO,
444,241,HUANUCO,HUANUCO,HUÁNUCO,15.- HUANUCO,OFICINA REGISTRAL,OR,OR HUANUCO,08:45 a 16:45,Jirón 28 de Julio N° 825,OPERATIVO,SI,SI,SI,SI,SI,SI,SI,SI,SI,
445,242,HUANUCO,AMBO,AMBO,15.- HUANUCO,PUNTO DE ATENCION PERMANENTE,PAP,PAP AMBO,08:45 a 16:45,"Jirón 28 de Julio 697, Centro Cívico",OPERATIVO,SI,NO,SI,SI,SI,NO,NO,NO,NO,
446,243,HUANUCO,DOS DE MAYO,LA UNION,15.- HUANUCO,PUNTO DE ATENCION PERMANENTE,PAP,PAP DOS DE MAYO,08:45 a 16:45,Jirón Lourdes N° 221,OPERATIVO,NO,NO,SI,SI,SI,NO,NO,NO,NO,
447,244,HUANUCO,HUAMALIES,LLATA,15.- HUANUCO,PUNTO DE ATENCION PERMANENTE,PAP,PAP HUAMALIES,08:45 a 16:45,Jirón Huánuco N° 242,OPERATIVO,SI,NO,SI,SI,SI,NO,NO,NO,NO,
448,245,HUANUCO,MARAÑON,HUACRACHUCO,15.- HUANUCO,PUNTO DE ATENCION PERMANENTE,PAP,PAP MARAÑON,08:45 a 16:45,Avenida 28 De Julio N° 602 ,OPERATIVO,NO,NO,SI,SI,SI,NO,SI,SI,NO,
449,246,HUANUCO,LEONCIO PRADO,RUPA-RUPA,15.- HUANUCO,PUNTO DE ATENCION PERMANENTE,PAP,PAP LEONCIO PRADO,08:45 a 16:45,Jirón Chiclayo N° 585,OPERATIVO,SI,SI,SI,SI,SI,NO,SI,SI,SI,
450,247,HUANUCO,PACHITEA,PANAO,15.- HUANUCO,PUNTO DE ATENCION PERMANENTE,PAP,PAP PACHITEA,08:45 a 16:45,Jirón Espinar N° 121,OPERATIVO,SI,SI,SI,SI,SI,NO,SI,SI,SI,
451,250,HUANUCO,LAURICOCHA,JESÚS,15.- HUANUCO,PUNTO DE ATENCION PERMANENTE,PAP,PAP LAURICOCHA,08:45 a 16:45,Jirón Cristobal Colon S/N,DESPLAZAMIENTO,NO,NO,SI,SI,SI,NO,NO,NO,NO,
452,251,HUANUCO,YAROWILCA,CHAVINILLO,15.- HUANUCO,PUNTO DE ATENCION PERMANENTE,PAP,PAP YAROWILCA,08:45 a 16:45,Jirón Virgen de Fátima S/N,OPERATIVO,SI,NO,SI,SI,SI,NO,SI,SI,NO,
453,340,PASCO,PASCO,CHAUPIMARCA,15.- HUANUCO,OFICINA REGISTRAL AUXILIAR,ORA,ORA HOSPITAL II PASCO (ESSALUD),08:45 a 16:30, Barrio La Esperanza - Casa de Piedra,OPERATIVO,SI,NO,NO,SI,SI,SI,NO,NO,NO,
454,365,HUANUCO,PACHITEA,PANAO,15.- HUANUCO,OFICINA REGISTRAL AUXILIAR,ORA,ORA PANAO (MINSA),08:45 a 16:30,Jirón Grau Nº 193,OPERATIVO,SI,NO,NO,SI,SI,SI,NO,NO,NO,
455,366,HUANUCO,LEONCIO PRADO,RUPA-RUPA,15.- HUANUCO,OFICINA REGISTRAL AUXILIAR,ORA,ORA HOSPITAL TINGO MARIA (MINSA),08:45 a 16:30,Av. Ucayali Nº 114 ,OPERATIVO,SI,NO,NO,SI,SI,SI,NO,NO,NO,
456,367,HUANUCO,LEONCIO PRADO,JOSÉ CRESPO Y CASTILLO,15.- HUANUCO,OFICINA REGISTRAL AUXILIAR,ORA,ORA AUCAYACU (MINSA),08:45 a 16:30,Jirón Grau S/N cuadra 4,OPERATIVO,SI,NO,NO,SI,SI,SI,NO,NO,NO,
457,368,HUANUCO,HUAMALIES,LLATA,15.- HUANUCO,OFICINA REGISTRAL AUXILIAR,ORA,ORA LLATA (MINSA),08:45 a 16:30,Jr. 28 de Julio Nº 216,DESPLAZAMIENTO,SI,NO,NO,SI,SI,SI,NO,NO,NO,
458,451,HUANUCO,DOS DE MAYO,LA UNION,15.- HUANUCO,OFICINA REGISTRAL AUXILIAR,ORA,ORA LA UNION (MINSA),08:45 a 16:30,Jirón Dos de Mayo N° 185,OPERATIVO,SI,NO,NO,SI,SI,SI,NO,NO,NO,
459,477,HUANUCO,LEONCIO PRADO,JOSÉ CRESPO Y CASTILLO,15.- HUANUCO,PUNTO DE ATENCION PERMANENTE,PAP,PAP JOSE CRESPO Y CASTILLO,08:45 a 16:45,Jirón Maria Parado de Bellido S/N Cuadra 4,OPERATIVO,SI,NO,SI,SI,SI,NO,SI,SI,NO,
460,497,HUANUCO,LAURICOCHA,BAÑOS,15.- HUANUCO,AGENCIA,AG,AG BAÑOS,08:45 a 16:45, Plaza de Armas S/N,DESPLAZAMIENTO,NO,NO,SI,SI,SI,NO,NO,NO,NO,
461,501,PASCO,PASCO,YANACANCHA,15.- HUANUCO,AGENCIA,AG,AG PASCO,08:45 a 16:45," Centro Comercial ""Sector Dos de San Juan Pampa Edif. 4 Tienda 3 San Juan-Yanacancha",OPERATIVO,SI,SI,SI,SI,SI,NO,SI,SI,SI,
462,502,PASCO,DANIEL ALCIDES CARRION,YANAHUANCA,15.- HUANUCO,PUNTO DE ATENCION PERMANENTE,PAP,PAP DANIEL ALCIDES CARRIÓN,08:45 a 16:45,Jirón Jorge Chavez S/N Plaza Principal,OPERATIVO,NO,NO,SI,SI,SI,NO,SI,SI,NO,
463,503,PASCO,OXAPAMPA,OXAPAMPA,15.- HUANUCO,PUNTO DE ATENCION PERMANENTE,PAP,PAP OXAPAMPA,08:45 a 16:45,Jirón Huancabamba S/N Mz. 162 Estadio Municipal Oxapampa,OPERATIVO,SI,SI,SI,SI,SI,NO,SI,SI,SI,
464,541,SAN MARTIN,TOCACHE,UCHIZA,15.- HUANUCO,AGENCIA,AG,AG UCHIZA,08:45 a 16:45,Avenida Atahualpa N° 920,OPERATIVO,NO,NO,SI,SI,SI,NO,NO,NO,NO,
465,580,PASCO,OXAPAMPA,PALCAZÚ,15.- HUANUCO,AGENCIA,AG,AG PALCAZU,08:45 a 16:45,Avenida Juan Santos Atahualpa Mz. U Lt. 01,OPERATIVO,SI,NO,SI,SI,SI,NO,SI,SI,NO,
466,588,SAN MARTIN,TOCACHE,TOCACHE,15.- HUANUCO,PUNTO DE ATENCION PERMANENTE,PAP,PAP TOCACHE,08:45 a 16:45,Jirón San Juan Cdra 7 S/N Centro Cívico,OPERATIVO,SI,SI,SI,SI,SI,NO,SI,SI,SI,
467,596,HUANUCO,HUANUCO,CHINCHAO,15.- HUANUCO,OFICINA REGISTRAL AUXILIAR,ORA,ORA ACOMAYO (MINSA),08:45 a 16:30,Pasaje Iguarizo S/N Mz. 6 Lt. 02,DESPLAZAMIENTO,SI,NO,NO,SI,SI,SI,NO,NO,NO,
468,650,SAN MARTIN,TOCACHE,TOCACHE,15.- HUANUCO,OFICINA REGISTRAL AUXILIAR,ORA,ORA HOSPITAL DE TOCACHE (MINSA),08:45 a 16:30,Jirón Ricardo Palma N° 550,OPERATIVO,SI,NO,NO,SI,SI,SI,NO,NO,NO,
469,653,HUANUCO,HUANUCO,SANTA MARIA DEL VALLE,15.- HUANUCO,OFICINA REGISTRAL AUXILIAR,ORA,ORA SANTA MARIA DEL VALLE (MINSA),08:45 a 16:30,Jirón Libertad  S/N Intersección Carretera Central ,DESPLAZAMIENTO,SI,NO,NO,SI,SI,SI,NO,NO,NO,
470,749,HUANUCO,HUANUCO ,AMARILIS ,15.- HUANUCO,OFICINA REGISTRAL AUXILIAR,ORA,ORA CARLOS SHOWING FERRARI (MINSA),08:45 a 16:30,Jirón Micaela Bastidas S/N Paucarbamba ,OPERATIVO,SI,NO,NO,SI,SI,SI,NO,NO,NO,
471,660,PASCO,OXAPAMPA,OXAPAMPA,15.- HUANUCO,OFICINA REGISTRAL AUXILIAR,ORA,ORA HOSPITAL ERNESTO GERMAN GUZMAN GONZALES (MINSA),08:45 a 16:30,Jirón Eduardo Loechle S/N - Chontabamba,DESPLAZAMIENTO,SI,NO,NO,SI,SI,SI,NO,NO,NO,
472,802,HUANUCO,HUANUCO,HUANUCO,15.- HUANUCO,MEJOR ATENCION AL CIUDADANO,MAC,MAC - HUÁNUCO,08:30 a 16:30,"Jirón Independencia N° 1601, Centro Comercial Real Plaza, Primer Piso",OPERATIVO,SI,SI,SI,SI,SI,NO,SI,SI,SI,
473,597,HUANUCO,PACHITEA,UMARI,15.- HUANUCO,OFICINA REGISTRAL AUXILIAR,ORA,ORA TAMBILLO UMARI (MINSA),08:45 a 16:30,Carretera Huanuco - Panao Km 37,OPERATIVO,SI,NO,NO,SI,SI,SI,NO,NO,NO,
474,644,HUANUCO,YAROWILCA,CHAVINILLO,15.- HUANUCO,OFICINA REGISTRAL AUXILIAR,ORA,ORA CHAVINILLO (MINSA),08:45 a 16:30,Avenida San Juan N° 102,DESPLAZAMIENTO,SI,NO,NO,SI,SI,SI,NO,NO,NO,
475,548,PASCO,OXAPAMPA,CONSTITUCIÓN,15.- HUANUCO,AGENCIA,AG,AG CONSTITUCION,08:45 a 16:45,Avenida Fernando Belaunde S/N 4ta Etapa del Distrito de Constitución,DESPLAZAMIENTO,NO,NO,SI,SI,SI,NO,NO,NO,NO,
476,1,AMAZONAS,CHACHAPOYAS,CHACHAPOYAS,16.- AMAZONAS,OFICINA REGISTRAL,OR,OR CHACHAPOYAS,08:45 a 16:45,Jirón Ortiz Arrieta 1135- 1137,OPERATIVO,SI,SI,SI,SI,SI,NO,SI,SI,SI,
477,2,AMAZONAS,BAGUA,BAGUA,16.- AMAZONAS,PUNTO DE ATENCION PERMANENTE,PAP,PAP BAGUA,08:45 a 16:45,Jirón Los Cedros Nº 263,OPERATIVO,SI,SI,SI,SI,SI,NO,SI,SI,SI,
478,3,AMAZONAS,BONGARA,JAZAN,16.- AMAZONAS,AGENCIA,AG,AG BONGARA,08:45 a 16:45,Avenida Marginal  Nº 100 -Pedro Ruíz,OPERATIVO,SI,NO,SI,SI,SI,NO,SI,SI,NO,
479,4,AMAZONAS,LUYA ,LUYA ,16.- AMAZONAS,AGENCIA,AG,AG LUYA,08:45 a 16:45,Jirón Diego Mori Zuta N° 447,INOPERATIVO,SI,NO,SI,SI,SI,NO,NO,NO,NO,
480,5,AMAZONAS,RODRIGUEZ DE MENDOZA,SAN NICOLÁS,16.- AMAZONAS,AGENCIA,AG,AG RODRIGUEZ DE MENDOZA,08:45 a 16:45,Jirón Victor Mori N° 204,OPERATIVO,SI,NO,SI,SI,SI,NO,NO,NO,NO,
481,6,AMAZONAS,CONDORCANQUI,NIEVA,16.- AMAZONAS,PUNTO DE ATENCION PERMANENTE,PAP,PAP CONDORCANQUI,08:45 a 16:45,Calle Gonzalo puerta S/N,OPERATIVO,S,NO,SI,SI,SI,NO,SI,SI,NO,
482,7,AMAZONAS,UTCUBAMBA,BAGUA GRANDE,16.- AMAZONAS,PUNTO DE ATENCION PERMANENTE,PAP,PAP UTCUBAMBA,08:45 a 16:45,Jirón Simón Bolivar N° 545,OPERATIVO,SI,SI,SI,SI,SI,NO,SI,SI,SI,
483,158,CAJAMARCA,JAEN,JAEN,16.- AMAZONAS,OFICINA REGISTRAL,OR,OR JAEN,08:45 a 16:45,Calle Mariscal Ureta Nº 915,OPERATIVO,SI,SI,SI,SI,SI,NO,SI,SI,SI,
484,161,CAJAMARCA,SAN IGNACIO,SAN IGNACIO,16.- AMAZONAS,PUNTO DE ATENCION PERMANENTE,PAP,PAP SAN IGNACIO,08:45 a 16:45,Pasaje Santa Rosa 107 - 109 - cuadra 1,INOPERATIVO,SI,NO,SI,SI,SI,NO,SI,SI,NO,
485,234,AMAZONAS,BAGUA,IMAZA,16.- AMAZONAS,OFICINA REGISTRAL,OR,OR IMAZA,08:45 a 16:45,Avenida Awajun 751 Centro Poblado Chiriaco,OPERATIVO ,SI,SI,SI,SI,SI,SI,SI,SI,SI,
486,363,AMAZONAS,CHACHAPOYAS,CHACHAPOYAS,16.- AMAZONAS,OFICINA REGISTRAL AUXILIAR,ORA,ORA HOSPITAL REGIONAL VIRGEN DE FATIMA (MINSA),08:45 a 16:30,Pasaje Daniel Alcides Carrión N° 035,OPERATIVO,SI,SI,NO,SI,SI,SI,NO,NO,NO,
487,452,AMAZONAS,BAGUA,BAGUA,16.- AMAZONAS,OFICINA REGISTRAL AUXILIAR,ORA,ORA HOSPITAL DE APOYO GUSTAVO LANATTA LUJAN (MINSA),08:45 a 16:30,Avenida Héroes de Cenepa N°980,OPERATIVO,SI,SI,NO,SI,SI,SI,NO,NO,NO,
488,453,CAJAMARCA,JAEN,JAEN,16.- AMAZONAS,OFICINA REGISTRAL AUXILIAR,ORA,ORA HOSPITAL GENERAL DE JAEN (MINSA),08:45 a 16:30,Prolongación Huamantanga s/n,OPERATIVO,SI,SI,NO,SI,SI,SI,NO,NO,NO,
489,471,AMAZONAS,BAGUA,IMAZA,16.- AMAZONAS,OFICINA REGISTRAL AUXILIAR,ORA,ORA CHIRIACO (MINSA),08:45 a 16:30,Calle Junin S/N,OPERATIVO,SI,SI,NO,SI,SI,SI,NO,NO,NO,
490,472,AMAZONAS,UTCUBAMBA,BAGUA GRANDE,16.- AMAZONAS,OFICINA REGISTRAL AUXILIAR,ORA,ORA HOSPITAL DE APOYO SANTIAGO APOSTOL DE UTCUBAMBA (MINSA),08:45 a 16:30,Jirón San Felipe Santiago N°111,OPERATIVO,SI,SI,NO,SI,SI,SI,NO,NO,NO,
491,476,CAJAMARCA,SAN IGNACIO,SAN IGNACIO,16.- AMAZONAS,OFICINA REGISTRAL AUXILIAR,ORA,ORA SAN IGNACIO (MINSA),08:45 a 16:30,"Avenida Abelardo Quiñones S/N, Sector Santiago",OPERATIVO,SI,SI,NO,SI,SI,SI,NO,NO,NO,
492,619,AMAZONAS,BONGARA,FLORIDA,16.- AMAZONAS,OFICINA REGISTRAL AUXILIAR,ORA,ORA POMACOCHAS (MINSA),08:45 a 16:30,Jirón Pomacochas S/N ,OPERATIVO ,SI,SI,NO,SI,SI,SI,NO,NO,NO,
493,344,AMAZONAS,CONDORCANQUI,NIEVA,16.- AMAZONAS,OFICINA REGISTRAL AUXILIAR,ORA,ORA SANTA MARIA DE NIEVA (MINSA),08:45 a 16:30,Jirón Javier Pérez de Cuellar S/N Mz. N Lt. 03 Asent.Humano Héctor Peas Tsegkuan,OPERATIVO,SI,SI,NO,SI,SI,SI,NO,NO,NO,
494,652,AMAZONAS,UTCUBAMBA,LONYA GRANDE,16.- AMAZONAS,OFICINA REGISTRAL AUXILIAR,ORA,ORA LONYA GRANDE (MINSA),08:45 a 16:30,Jirón Alto Amazonas 340,OPERATIVO ,SI,SI,SI,SI,SI,SI,NO,NO,NO,
495,475,AMAZONAS,CONDORCANQUI,RIO SANTIAGO,16.- AMAZONAS,OFICINA REGISTRAL AUXILIAR,ORA,ORA GALILEA (MINSA),08:45 a 16:30,Jirón La Amistad S/N,OPERATIVO,SI,SI,NO,SI,SI,SI,NO,NO,NO,
496,720,CAJAMARCA,JAEN,PUCARA,16.- AMAZONAS,PUNTO DE ATENCION PERMANENTE,PAP,PAP PUCARA,08:45 a 16:45,Jiron Lindo 548,INOPERATIVO,SI,NO,SI,SI,SI,NO,NO,NO,NO,
