N¯,DEPARTAMENTO,PROVINCIA,DISTRITO,OFICINAS REGIONALES/U.O.,NOMBRE LOCAL,"ESTADO
",HORARIO DE ATENCI‡N AL PUBLICO,NOMBRE DE LA VIA
1,LAMBAYEQUE,CHICLAYO,CHICLAYO,01.- PIURA,ORA HOSPITAL REGIONAL DOCENTE LAS MERCEDES,OPERATIVO,08:45 a 16:30,Luis Gonz†les  Nß 635
2,LAMBAYEQUE,CHICLAYO,CHICLAYO,01.- PIURA,ORA HOSPITAL ALMANZOR AGUINAGA ASENJO,OPERATIVO,08:45 a 16:30,Plaza de la Seguridad Social S/N
3,PIURA,SULLANA,SULLANA,01.- PIURA,ORA HOSPITAL DE APOYO II-SULLANA,OPERATIVO,08:45 a 16:30,Santa Rosa S/N
4,CAJAMARCA,CUTERVO,CUTERVO,01.- PIURA,PAP CUTERVO,OPERATIVO,08:45 a 16:45,Jr. Comercio N¯ 1103 Mz. 203 Lt. 14-Urb. Los Jardines 
5,CAJAMARCA,CHOTA,CHOTA,01.- PIURA,AG CHOTA,OPERATIVO,08:45 a 16:45,Jr. 30 de Agosto N¯ 848
6,CAJAMARCA,SANTA CRUZ,SANTA CRUZ,01.- PIURA,PAP SANTA CRUZ,OPERATIVO,08:45 a 16:30,Domingo Negr¢n Nß 399
7,LAMBAYEQUE,CHICLAYO,JOSE LEONARDO ORTIZ,01.- PIURA,OR JOSê LEONARDO ORTIZ,OPERATIVO,08:45 a 16:45,Cacique Cinto Nß 317 Urb. Latina
8,PIURA,AYABACA,FR÷AS,01.- PIURA,OR FRIAS,OPERATIVO,08:45 a 16:30,Lima Nß 235 - 2do piso
9,LAMBAYEQUE,CHICLAYO,CHICLAYO,01.- PIURA,OR CHICLAYO,OPERATIVO,08:45 a 16:45,Balta N¯ 680 y esquina con Av. Elias Aguirre
10,LAMBAYEQUE,FERRE•AFE,FERRE•AFE,01.- PIURA,PAP FERRE•AFE,OPERATIVO,08:45 a 16:45,Tres Mar°as Nß 717 ? B
11,LAMBAYEQUE,LAMBAYEQUE,LAMBAYEQUE,01.- PIURA,PAP LAMBAYEQUE,OPERATIVO,08:45 a 16:45,Huamachuco N¯ 342
12,CAJAMARCA,CUTERVO,CUTERVO,01.- PIURA,ORA SANTA MARIA DE CUTERVO,OPERATIVO,08:45 a 16:30,Ica S/N
13,CAJAMARCA,CHOTA,CHOTA,01.- PIURA,ORA HOSPITAL DE APOYO CHOTA - JOSE SOTO CADENILLAS,OPERATIVO,08:45 a 16:30,Ezequiel Montoya N¶ 718
14,PIURA,PIURA,PIURA,01.- PIURA,OR PIURA,OPERATIVO,08:45 a 16:45,Libertad Nß 568
15,PIURA,AYABACA,AYABACA,01.- PIURA,PAP AYABACA,OPERATIVO,08:45 a 16:30,Bolognesi N¯ 181
16,PIURA,HUANCABAMBA,HUANCABAMBA,01.- PIURA,PAP HUANCABAMBA,OPERATIVO,08:45 a 16:30,Complejo Terminal Terrestre S/N - Stand 14
17,PIURA,MORROPON,CHULUCANAS,01.- PIURA,AG CHULUCANAS,OPERATIVO,08:45 a 16:45,Jr. Cuzco N¯ 300
18,PIURA,PAITA,PAITA,01.- PIURA,PAP PAITA,OPERATIVO,08:45 a 16:30,San Martin S/N Plaza de Armas - Municipalidad de Paita
19,PIURA,SULLANA,SULLANA,01.- PIURA,OR SULLANA,OPERATIVO,08:45 a 16:45,Leoncio Prado Nß 517 
20,PIURA,TALARA,PARI•AS,01.- PIURA,AG TALARA,OPERATIVO,08:45 a 16:45,M†rtires Petroleros B-3 Conjunto Habitacional - Talara
21,PIURA,SECHURA,SECHURA,01.- PIURA,PAP SECHURA,OPERATIVO,08:45 a 16:30,Dos de Mayo Nß 618 - Plaza de Armas - Municipalidad de Sechura
22,PIURA,PIURA,TAMBO GRANDE,01.- PIURA,PAP TAMBOGRANDE,OPERATIVO,08:45 a 16:30,Jr. Salitral Nß 241
23,PIURA,PIURA,PIURA,01.- PIURA,MAC - PIURA,OPERATIVO,08:30 a 16:30,Sanchez Cerro con Wiesse Centro Comercial Real Plaza
24,PIURA,PAITA,PAITA,01.- PIURA,ORA HOSPITAL LAS MERCEDES-PAITA,OPERATIVO,08:45 a 16:30,Zona Industrial Sector II Mz. H Lt. 1 Jr. Los Pescadores S/N 
25,TUMBES,TUMBES,TUMBES,01.- PIURA,OR TUMBES,OPERATIVO,08:45 a 16:45,Tumbes Nß 550
26,TUMBES,CONTRALMIRANTE VILLAR,ZORRITOS,01.- PIURA,PANP CONTRALMIRANTE VILLAR - ZORRITOS,DESPLAZAMIENTO,08:45 a 16:30,Grau Nß 305
27,TUMBES,ZARUMILLA,ZARUMILLA,01.- PIURA,PAP ZARUMILLA,OPERATIVO,08:45 a 16:30,El EjÇrrcito Nß 105 - Interior Biblioteca Municipal
28,LAMBAYEQUE,LAMBAYEQUE,OLMOS,01.- PIURA,PANP OLMOS,DESPLAZAMIENTO,08:45 a 16:30,A. B. Legu°a/Calle Alfonso Ugarte
29,PIURA,PIURA,TAMBO GRANDE,01.- PIURA,ORA TAMBO GRANDE,OPERATIVO,08:45 a 16:30,"Froilan Alama,, AA.HH.Froilan Alama"
30,LAMBAYEQUE,LAMBAYEQUE,LAMBAYEQUE,01.- PIURA,ORA HOSPITAL PROVINCIAL DOCENTE BELEN-LAMBAYEQUE,OPERATIVO,08:45 a 16:30,Ram¢n Castilla Nß 597
31,TUMBES,TUMBES,TUMBES,01.- PIURA,ORA HOSPITAL REGIONAL JOSE ALFREDO MENDOZA OLAVARRIA JAMO II-2,OPERATIVO,08:45 a 16:30,24 de Julio Nß 565 
32,PIURA,PIURA,CATACAOS,01.- PIURA,ORA CENTRO DE SALUD MATERNO INFANTIL-CATACAOS,OPERATIVO,08:45 a 16:30,Cayetano Heredia 1108 - Catacos
33,PIURA,PIURA,Veintises de Octubre,01.- PIURA,ORA HOSPITAL DE LA AMISTAD PERU - COREA SANTA ROSA II-2,OPERATIVO,08:45 a 16:30,Prolongaci¢n Av. Grau/Av. Chulucanas 
34,LA LIBERTAD,TRUJILLO,TRUJILLO,02.- TRUJILLO,ORA REGIONAL DOCENTE DE TRUJILLO,OPERATIVO,08:45 a 16:30,Mansiche Nß 795
35,CAJAMARCA,CAJAMARCA,CAJAMARCA,02.- TRUJILLO,ORA REGIONAL CAJAMARCA,OPERATIVO,08:45 a 16:30,Larry Jhonson S/N Cdra. 8
36,LA LIBERTAD,TRUJILLO,TRUJILLO,02.- TRUJILLO,ORA HOSPITAL BELEN DE TRUJILLO,OPERATIVO,08:45 a 16:30,Bol°var Nß 350
37,CAJAMARCA,CAJAMARCA,CAJAMARCA,02.- TRUJILLO,OR CAJAMARCA,OPERATIVO,08:45 a 16:45,Del Comercio Nß 633
38,CAJAMARCA,CAJABAMBA,CAJABAMBA,02.- TRUJILLO,PAP CAJABAMBA,OPERATIVO,08:45 a 16:45,Miguel Grau Nß 224-226-228 Mz. 31 Lt. 2 
39,CAJAMARCA,CELENDIN,CELEND÷N,02.- TRUJILLO,PAP CELENDIN,OPERATIVO,08:45 a 16:45,Pardo N¯ 610
40,CAJAMARCA,CONTUMAZA,CONTUMAZµ,02.- TRUJILLO,PAP CONTUMAZA,OPERATIVO,08:45 a 16:45,Miguel Grau Nß 212
41,CAJAMARCA,HUALGAYOC,BAMBAMARCA,02.- TRUJILLO,PAP HUALGAYOC,OPERATIVO,08:45 a 16:45,07 de Junio Nß 470
42,CAJAMARCA,SAN MIGUEL,SAN MIGUEL,02.- TRUJILLO,PAP SAN MIGUEL,OPERATIVO,08:45 a 16:45,Bolognesi N¯ 364
43,CAJAMARCA,SAN MARCOS,PEDRO GµLVEZ,02.- TRUJILLO,PAP SAN MARCOS,OPERATIVO,08:45 a 16:45,Jr. Alfonso Ugarte N¯ 325 (Mz. 46 Lt. 17 Centro Poblado San Marcos).
44,CAJAMARCA,SAN PABLO,SAN PABLO,02.- TRUJILLO,PAP SAN PABLO,OPERATIVO,08:45 a 16:30,Plaza de Armas S/N
45,LA LIBERTAD,TRUJILLO,VICTOR LARCO HERRERA,02.- TRUJILLO,OR TRUJILLO II,OPERATIVO,08:45 a 16:45,"V°ctor Larco N¯ 1096. Unidad 01, Local Comercial 01, Mz.05, Lte.01 AA.HH. Vista Alegre."
46,LA LIBERTAD,PATAZ,PARCOY,02.- TRUJILLO,OR PARCOY,OPERATIVO,08:45 a 16:45,San Mart°n N¯ 859
47,LA LIBERTAD,TRUJILLO,TRUJILLO,02.- TRUJILLO,OR TRUJILLO I,OPERATIVO,08:45 a 16:45,Pablo Casals Mz. A Lt. 6 Urb. Los Cedros
48,LA LIBERTAD,BOLIVAR,BOL÷VAR,02.- TRUJILLO,PAP BOLIVAR,OPERATIVO,08:45 a 16:45,Bolivar S/N - Mz. 20 Lt. 8
49,LA LIBERTAD,SANCHEZ CARRION,HUAMACHUCO,02.- TRUJILLO,AG SANCHEZ CARRION,OPERATIVO,08:45 a 16:45,Alfonso Ugarte N¯ 567
50,LA LIBERTAD,OTUZCO,OTUZCO,02.- TRUJILLO,AG OTUZCO,OPERATIVO,08:45 a 16:45,Pasaje El°as Armas Castillo Lt. 5-E1 Mz. 28
51,LA LIBERTAD,PACASMAYO,SAN PEDRO DE LLOC,02.- TRUJILLO,AG PACASMAYO,OPERATIVO,08:45 a 16:45,Alianza Nß 524
52,LA LIBERTAD,PATAZ,TAYABAMBA,02.- TRUJILLO,PAP PATAZ,OPERATIVO,08:45 a 16:45,Sucre 337 1er Piso Centro Civico
53,LA LIBERTAD,SANTIAGO DE CHUCO,SANTIAGO DE CHUCO,02.- TRUJILLO,PAP SANTIAGO DE CHUCO,OPERATIVO,08:45 a 16:45,Luis de La Puente Uceda  Nß 1120
54,LA LIBERTAD,ASCOPE,ASCOPE,02.- TRUJILLO,PAP ASCOPE,OPERATIVO,08:45 a 16:45,"Miguel Grau N¯ 879, Centro Poblado Ascope Mz. 33. Lt. 10 - 1er Piso"
55,LA LIBERTAD,CHEPEN,CHEPêN,02.- TRUJILLO,PAP CHEPEN,OPERATIVO,08:45 a 16:45,Calle San Pedro N¯ 610. Centro Poblado ChepÇn Sector V Mz. 130 Lt. 03
56,LA LIBERTAD,JULCAN,JULCµN,02.- TRUJILLO,PAP JULCAN,OPERATIVO,08:45 a 16:45,28 de Julio Nß 201 Centro Civico - Julc†n
57,LA LIBERTAD,GRAN CHIMU,CASCAS,02.- TRUJILLO,PAP GRAN CHIMU,OPERATIVO,08:45 a 16:45,Progreso S/N Cdra. 3
58,LA LIBERTAD,VIRU,VIRU,02.- TRUJILLO,PAP VIRU,OPERATIVO,08:45 a 16:45, Mz. A Lt. N¯ 08 Urb. Las Palmeras
59,CAJAMARCA,HUALGAYOC,BAMBAMARCA,02.- TRUJILLO,ORA BAMBAMARCA - TITO VILLAR CABEZAS,OPERATIVO,08:45 a 16:30,Av. Ricardo Palma Nß 689
60,CAJAMARCA,CELENDIN,CELEND÷N,02.- TRUJILLO,ORA DE APOYO CELENDIN,OPERATIVO,08:45 a 16:30,T£pac Amaru Cdra. 4
61,CAJAMARCA,CAJABAMBA,CAJABAMBA,02.- TRUJILLO,ORA HOSPITAL NUESTRA SE•ORA DEL ROSARIO,OPERATIVO,08:45 a 16:30,La Torre N¯ 277
62,CAJAMARCA,SAN MARCOS,PEDRO GµLVEZ,02.- TRUJILLO,ORA SAN MARCOS,OPERATIVO,08:45 a 16:30,Av. 28 de Julio S/N Cdra.2
63,LA LIBERTAD,TRUJILLO,EL PORVENIR,02.- TRUJILLO,OR EL PORVENIR,OPERATIVO,08:45 a 16:45,Gabriel Aguilar Nß 1657. 2do piso.
64,LA LIBERTAD,TRUJILLO,EL PORVENIR,02.- TRUJILLO,OR ALTO TRUJILLO,OPERATIVO,08:45 a 16:45,Centro Poblado Alto Trujillo-Barrio 3 Mz T Lt. 2
65,CAJAMARCA,CAJAMARCA,CAJAMARCA,02.- TRUJILLO,ORA SIMON BOLIVAR,OPERATIVO,08:45 a 16:30,Mario Urteaga N¯ 500
66,LA LIBERTAD,PACASMAYO,GUADALUPE,02.- TRUJILLO,ORA DE APOYO TOMµS LAFORA,OPERATIVO,08:45 a 16:30,La Victoria S/N
67,CAJAMARCA,CAJAMARCA,LOS BA•OS DEL INCA,02.- TRUJILLO,ORA BA•OS DEL INCA,OPERATIVO,08:45 a 16:30,Pachac£tec N¯ 489
68,LA LIBERTAD,TRUJILLO,LA ESPERANZA,02.- TRUJILLO,ORA DISTRITAL JERUSALEN,OPERATIVO,08:45 a 16:30,1 Barrio 3 Mz. 20 Lt. 02 Sector JerusalÇn
69,LA LIBERTAD,PATAZ,CHILLIA,02.- TRUJILLO,AG CHILLIA,OPERATIVO,08:45 a 16:45,Miraflores S/N
70,LA LIBERTAD,SANTIAGO DE CHUCO,SANTIAGO DE CHUCO,02.- TRUJILLO,ORA DE APOYO CESAR ABRAHAM VALLEJO MENDOZA,OPERATIVO,08:45 a 16:30,Gustavo Pinillo S/N - Barrio San Cristobal
71,LA LIBERTAD,CHEPEN,CHEPEN,02.- TRUJILLO,ORA DE APOYO CHEPEN,OPERATIVO,08:45 a 16:30,28 de Julio S/N
72,LA LIBERTAD,SANCHEZ CARRION,HUAMACHUCO,02.- TRUJILLO,ORA DE APOYO LEONCIO PRADO,OPERATIVO,08:45 a 16:30,10 de Julio N¯ 209
73,LA LIBERTAD,OTUZCO,OTUZCO,02.- TRUJILLO,ORA DE APOYO OTUZCO ELPIDIO BEROVIDES PEREZ,OPERATIVO,08:45 a 16:30,Progreso N¯ 385
74,LA LIBERTAD,ASCOPE,PAIJAN,02.- TRUJILLO,ORA PAIJAN,OPERATIVO,08:45 a 16:30,V°a Panamericana S/N 
75,CAJAMARCA,CONTUMAZA,CHILETE,02.- TRUJILLO,PANP CHILETE,OPERATIVO,08:45 a 16:45,Arequipa N¯ 330
76,CAJAMARCA,CAJAMARCA,CAJAMARCA,02.- TRUJILLO,MAC - CAJAMARCA,OPERATIVO,08:30 a 16:30,Via De Evitamiento. Jr. El Mutuy y Av. La Cantuta - Cajamarca - Centro Comercial Real Plaza 2do. Piso
77,LA LIBERTAD,TRUJILLO,TRUJILLO,02.- TRUJILLO,MAC LA LIBERTAD,OPERATIVO,08:30 a 16:30,"Centro Comercial Real Plaza de Trujillo -Fundo Las Casuarinas, Sub Lote predio A; Intersecci¢n , Av. F†tima 1345, Trujillo, La Libertad"
78,SAN MARTIN,SAN MARTIN,TARAPOTO,03.- TARAPOTO,ORA HOSPITAL TARAPOTO,OPERATIVO,08:45 a 16:30,Angel Delgado Morey Nß 503
79,LORETO,DATEM DEL MARA•ON,BARRANCA,03.- TARAPOTO,PAP DATEM DEL MARA•ON,OPERATIVO,08:45 a 16:45,Tigre Mz. 31 Lt. 08 - San Lorenzo
80,SAN MARTIN,RIOJA,NUEVA CAJAMARCA,03.- TARAPOTO,AG NUEVA CAJAMARCA,OPERATIVO,08:45 a 16:45, Fernando Belaunde Terry Altura del Km. 447.50 
81,LORETO,ALTO AMAZONAS,YURIMAGUAS,03.- TARAPOTO,AG ALTO AMAZONAS,OPERATIVO,08:45 a 16:45,Mariscal Castilla N¯ 411
82,SAN MARTIN,MOYOBAMBA ,MOYOBAMBA,03.- TARAPOTO,ORA HOSPITAL MOYOBAMBA,OPERATIVO,08:45 a 16:30,Grau cuadra 4
83,SAN MARTIN,MOYOBAMBA ,MOYOBAMBA,03.- TARAPOTO,AG MOYOBAMBA,OPERATIVO,08:45 a 16:45,Dos de Mayo Mz. 1530 Lt. 14 (837)
84,SAN MARTIN,HUALLAGA,SAPOSOA,03.- TARAPOTO,AG HUALLAGA,OPERATIVO,08:45 a 16:45,Lima N¯ 591
85,SAN MARTIN,LAMAS,LAMAS,03.- TARAPOTO,AG LAMAS,OPERATIVO,08:45 a 16:45,San Mart°n N¯ 984
86,SAN MARTIN,MARISCAL CACERES,JUANJUI,03.- TARAPOTO,AG MARISCAL CACERES,OPERATIVO,08:45 a 16:45,Eduardo Pe§a Meza N¯ 772 
87,SAN MARTIN,RIOJA,RIOJA,03.- TARAPOTO,OR RIOJA,OPERATIVO,08:45 a 16:45,Angaiza N¯ 530
88,SAN MARTIN,SAN MARTIN ,TARAPOTO,03.- TARAPOTO,OR TARAPOTO,OPERATIVO,08:45 a 16:45,JimÇnez Pimentel N¯ 280 
89,SAN MARTIN,BELLAVISTA,BELLAVISTA,03.- TARAPOTO,AG BELLAVISTA,OPERATIVO,08:45 a 16:45,Huallaga - Iquitos Mz. 7 Lt. 27 - A.  1er. Piso
90,SAN MARTIN,PICOTA,PICOTA,03.- TARAPOTO,AG PICOTA,OPERATIVO,08:45 a 16:45,"Sim¢n Bol°var, cuadra 4"
91,SAN MARTIN,EL DORADO ,SAN JOSE DE SISA,03.- TARAPOTO,AG EL DORADO,OPERATIVO,08:45 a 16:45,Comercio N¯ 610
92,LORETO,DATEM DEL MARA•ON,BARRANCA,03.- TARAPOTO,ORA SAN LORENZO - NUCLEO BASE,OPERATIVO,08:45 a 16:30,Daniel Alcides Carri¢n S/N - Barrio Huacachina
93,SAN MARTIN,SAN MARTIN ,LA BANDA DE SHILCAYO,03.- TARAPOTO,AG LA BANDA DE SHILCAYO,OPERATIVO,08:45 a 16:45,Yurimaguas N¯ 340
94,SAN MARTIN,MARISCAL CACERES,JUANJUI,03.- TARAPOTO,ORA HOSPITAL JUANJUI,OPERATIVO,08:45 a 16:30,Arica N¯ 205
95,SAN MARTIN,RIOJA,RIOJA,03.- TARAPOTO,ORA HOSPITAL DE RIOJA,OPERATIVO,08:45 a 16:30,T£pac Amaru S/N
96,LORETO,ALTO AMAZONAS,LAGUNAS,03.- TARAPOTO,AG LAGUNAS,DESPLAZAMIENTO,08:45 a 16:45,CALLE FITZCARRALD C-9
97,LORETO,ALTO AMAZONAS,YURIMAGUAS,03.- TARAPOTO,ORA HOSPITAL SANTA GEMA YURIMAGUAS,OPERATIVO,08:45 a 16:30,CALLE HUALLAGA  C-4
98,LORETO,MAYNAS,PUNCHANA,04.- IQUITOS,"ORA HOSPITAL REGIONAL DE LORETO ""FELIPE ARRIOLA IGLESIAS""",OPERATIVO,08:45 a 16:30,28 de Julio S/N
99,LORETO,MAYNAS,IQUITOS,04.- IQUITOS,"ORA HOSPITAL IQUITOS ""CESAR GARAYAR GARCIA""",OPERATIVO,08:45 a 16:30,Libertad cuadra 4
100,LORETO,MAYNAS,BELêN,04.- IQUITOS,OR BELEN,OPERATIVO,08:45 a 16:45,Miraflores S/N P. J. 09 de Octubre
101,LORETO,MAYNAS,TENIENTE MANUEL CLAVERO,04.- IQUITOS,PAP SOPLIN VARGAS,OPERATIVO,08:45 a 16:30,Plaza de Armas S/N 28 de Julio
102,LORETO,MAYNAS,IQUITOS,04.- IQUITOS,OR IQUITOS,OPERATIVO,08:45 a 16:45,Pr¢spero Nß 201
103,LORETO,LORETO,NAUTA,04.- IQUITOS,PAP NAUTA,OPERATIVO,08:45 a 16:30,Grau Nß 305 Centro
104,LORETO,REQUENA,REQUENA,04.- IQUITOS,PAP REQUENA,OPERATIVO,08:45 a 16:30,San Antonio S/N Anexo Hotel Municipal
105,LORETO,MARISCAL RAMON CASTILLA,RAMON CASTILLA,04.- IQUITOS,PAP MARISCAL RAMON CASTILLA - CABALLOCOCHA,OPERATIVO,08:45 a 16:30,Ayacucho Mz. 22 Lt. 4 C con Amazonas S/N - Local Municipal
106,LORETO,MAYNAS,SAN JUAN BAUTISTA,04.- IQUITOS,OR SAN JUAN BAUTISTA,OPERATIVO,08:45 a 16:45,Abelardo Qui§ones Nß 2371 Km. 2.5 
107,LORETO,MARISCAL RAMON CASTILLA,YAVARI,04.- IQUITOS,PAP YAVARI,OPERATIVO,08:45 a 16:30,Dos de Julio S/N Local Municipal
108,LORETO,MAYNAS,PUTUMAYO,04.- IQUITOS,PAP PUTUMAYO,OPERATIVO,08:45 a 16:30,LOCAL MUNICIPAL
109,LORETO,MAYNAS,PUNCHANA,04.- IQUITOS,PAP PUNCHANA,OPERATIVO,08:45 a 16:30,"Trujillo esquina con Calle Cusco, cuadra 5"
110,LORETO,REQUENA,REQUENA,04.- IQUITOS,ORA REQUENA,OPERATIVO,08:45 a 16:30,M†rtires del PetrolÇo S/N - Malecon Grau
111,LORETO,MARISCAL RAMON CASTILLA,RAMON CASTILLA,04.- IQUITOS,ORA CABALLOCOCHA,OPERATIVO,08:45 a 16:30,Progreso N¯ 425
112,LORETO,MAYNAS,PUNCHANA,04.- IQUITOS,MAC - LORETO,OPERATIVO,08:30 a 16:30,La Marina Nß  1338
113,ANCASH,SANTA,CHIMBOTE,05.- CHIMBOTE,OR SANTA,OPERATIVO,08:45 a 16:45,Jr. Enrique Palacios Nß 504-506 esquina con Jr. Ladislao Espinar Nß 401
114,ANCASH,SANTA,NUEVO CHIMBOTE,05.- CHIMBOTE,AG NUEVO CHIMBOTE,OPERATIVO,08:45 a 16:45,Mz. 74-75 Lt. 1 del Centro C°vico de la Municipalidad Distrital de Nuevo Chimbote 
115,ANCASH,HUARAZ,HUARAZ,05.- CHIMBOTE,AG HUARAZ,OPERATIVO,08:45 a 16:45,"JosÇ Larrea y Laredo N¯ 764,Mz. ""C"" Lote 6, Zona Central y Comercial - Huaraz"
116,ANCASH,HUAYLAS,CARAZ,05.- CHIMBOTE,AG HUAYLAS,OPERATIVO,08:45 a 16:45,Jr. Raimondi N¯ 215 - Caraz
117,ANCASH,HUARI,HUARI,05.- CHIMBOTE,AG HUARI,OPERATIVO,08:45 a 16:45,Libertad Mz P2 Lote 003
118,ANCASH,POMABAMBA,POMABAMBA,05.- CHIMBOTE,AG POMABAMBA,OPERATIVO,08:45 a 16:45,Huaraz No. 691 - Pomabamba
119,ANCASH,SIHUAS,SIHUAS,05.- CHIMBOTE,AG SIHUAS,OPERATIVO,08:45 a 16:45,Se§or de los Milagros Nß 211  Pueblo Pingullo
120,ANCASH,PALLASCA,PAMPAS,05.- CHIMBOTE,AG PAMPAS,OPERATIVO,08:45 a 16:45,Plaza de Armas S/N - Municipalidad Distrital de Pampas - 1er piso
121,ANCASH,CASMA,CASMA,05.- CHIMBOTE,PAP CASMA,OPERATIVO,08:45 a 16:45,"Lote 13, Manzana C,  Zona Centro Civico, Pasaje Hijuela "
122,ANCASH,HUARMEY,HUARMEY,05.- CHIMBOTE,PAP HUARMEY,OPERATIVO,08:45 a 16:45,1er. Pabell¢n de Centro Civico S/N - Huarmey
123,ANCASH,RECUAY,RECUAY,05.- CHIMBOTE,PAP RECUAY,OPERATIVO,08:45 a 16:45,Plaza de Armas Nß 180 Municipalidad Distrital de Recuay
124,ANCASH,CARHUAZ,CARHUAZ,05.- CHIMBOTE,PAP CARHUAZ,OPERATIVO,08:45 a 16:45,"La Merced Nß 1006  con Jir¢n Brasil Lote 7 de la Manzana  P1, Sector Independencia"
125,ANCASH,YUNGAY,YUNGAY,05.- CHIMBOTE,PAP YUNGAY,OPERATIVO,08:45 a 16:45,Av. Arias Grazziani Lt 1-2 Centro Civico Municipalidad Provincial Yungay
126,ANCASH,CARLOS FERMIN FITZCARRALD,SAN LU÷S,05.- CHIMBOTE,PAP CARLOS FERM÷N FITZCARRALD,OPERATIVO,08:45 a 16:45,Ram¢n Castilla N¯ 320 - 1er. piso Centro Civico de la Municipalidad Provincial de Carlos Fermin Fitscarrald
127,ANCASH,MARISCAL LUZURIAGA,PISCOBAMBA,05.- CHIMBOTE,PAP MARISCAL LUZURIAGA,OPERATIVO,08:45 a 16:45,San Pablo S/N - Plaza de Armas de Piscobamba
128,ANCASH,SANTA,CHIMBOTE,05.- CHIMBOTE,ORA LA CALETA,OPERATIVO,08:45 a 16:30,Malecon Grau S/N La Caleta
129,ANCASH,SANTA,CHIMBOTE,05.- CHIMBOTE,ORA HOSPITAL ESSALUD III CHIMBOTE,OPERATIVO,08:45 a 16:30,Circunvalaci¢n Nß 119 Urb. Laderas del Norte
130,ANCASH,SANTA,NUEVO CHIMBOTE,05.- CHIMBOTE,ORA ELEAZAR GUZMµN BARR‡N,OPERATIVO,08:45 a 16:30,Brasil S/N Urb. Santa Cristina
131,ANCASH,HUARAZ,HUARAZ,05.- CHIMBOTE,ORA V÷CTOR RAMOS GUARDIA,OPERATIVO,08:45 a 16:30,Mariscal Luzuriaga S/N Cdra 01 intercepci¢n con Jr. Pedro Villon cdra 10
132,ANCASH,HUAYLAS,CARAZ,05.- CHIMBOTE,ORA HOSPITAL DE APOYO CARAZ,OPERATIVO,08:45 a 16:30,9 de Octubre S/N
133,ANCASH,HUARI,HUARI,05.- CHIMBOTE,ORA HUARI,OPERATIVO,08:45 a 16:30,Circunvalaci¢n Baja S/N
134,ANCASH,CORONGO,CORONGO,05.- CHIMBOTE,PANP CORONGO,DESPLAZAMIENTO,08:45 a 16:45,"Jr. Grau N¯ 206, primer piso de la Municipalidad Provincial de Corongo"
135,ANCASH,PALLASCA,CABANA,05.- CHIMBOTE,PANP PALLASCA,DESPLAZAMIENTO,08:45 a 16:45,Plaza de Armas No. 103 (1er.Piso) Mz.A3 Lote 13
136,ANCASH,AIJA,AIJA,05.- CHIMBOTE,PANP AIJA,DESPLAZAMIENTO,08:45 a 16:45,"Jr. Gavino Uribe S/N Plaza de Armas, 1er piso de la Municipalidad Provincial de Aija"
137,ANCASH,BOLOGNESI,CHIQUIAN,05.- CHIMBOTE,PAP BOLOGNESI,DESPLAZAMIENTO,08:45 a 16:45,Tacna N¯ 320 Centro Civico -Plaza de Armas - Chiquian
138,ANCASH,YUNGAY,YANAMA,05.- CHIMBOTE,AG YANAMA,DESPLAZAMIENTO,08:45 a 16:45,Santa Rosa S/N - Plaza De Armas
139,ANCASH,MARISCAL LUZURIAGA,LLUMPA,05.- CHIMBOTE,PAP LLUMPA,DESPLAZAMIENTO,08:45 a 16:45,Plaza de Armas S/N
140,ANCASH,ASUNCION,CHACAS,05.- CHIMBOTE,PANP ASUNCION,DESPLAZAMIENTO,08:45 a 16:45,Atusparia S/N esquina con Jr. Lima
141,ANCASH,HUARI,CHAVIN DE HUANTAR,05.- CHIMBOTE,PANP CHAVIN DE HUANTAR,DESPLAZAMIENTO,08:45 a 16:45,San Mart°n S/N Centro C°vico de la Municipalidad Distrital de Chav°n de Huantar
142,ANCASH,HUARI,SAN MARCOS,05.- CHIMBOTE,PANP SAN MARCOS ,DESPLAZAMIENTO,08:45 a 16:45,Progreso N¯ 332 Plaza de Armas de San Marcos
143,HUANUCO,HUACAYBAMBA,HUACAYBAMBA,05.- CHIMBOTE,PANP HUACAYBAMBA,DESPLAZAMIENTO,08:45 a 16:45,"Av. El Ejercito S/N Barrio San Pedro, 1er piso Centro Civico de la Municipalidad Provincial de Huacaybamba"
144,ANCASH,ANTONIO RAIMONDI,LLAMELLIN,05.- CHIMBOTE,PANP ANTONIO RAIMONDI,DESPLAZAMIENTO,08:45 a 16:45,Sim¢n Bol°var N¯ 229
145,ANCASH,HUARI,UCO,05.- CHIMBOTE,PANP UCO,DESPLAZAMIENTO,08:45 a 16:45,Nicolas de PiÇrola S/N - Plaza de Armas
146,JUNIN,SATIPO,PANGOA,06.- HUANCAYO,PAP PANGOA,OPERATIVO,08:45 a 16:45,07 de Junio Nß 641 Plaza Principal Centro Civico
147,JUNIN,HUANCAYO,HUANCAYO,06.- HUANCAYO,"ORA REGIONAL DOCENTE MATERNO INFANTIL ""EL CARMEN""",OPERATIVO,08:45 a 16:30,Puno Nß 911
148,JUNIN,SATIPO,MAZAMARI,06.- HUANCAYO,PAP MAZAMARI,OPERATIVO,08:45 a 16:30,San Juan N¯ 353
149,JUNIN,HUANCAYO,EL TAMBO,06.- HUANCAYO,OR HUANCAYO,OPERATIVO,08:45 a 16:45,Julio Summar N¯ 351
150,JUNIN,CONCEPCION,CONCEPCI‡N,06.- HUANCAYO,PAP CONCEPCI‡N,OPERATIVO,08:45 a 16:45,Ricardo Palma S/N Mercado Modelo Interior 1 
151,JUNIN,JAUJA,JAUJA,06.- HUANCAYO,PAP JAUJA,OPERATIVO,08:45 a 16:45,Sucre N¯ 889
152,JUNIN,JUNIN,JUNIN,06.- HUANCAYO,PAP JUNIN,OPERATIVO,08:45 a 16:30,Sim¢n Bolivar N¯ 820
153,JUNIN,TARMA,TARMA,06.- HUANCAYO,AG TARMA,OPERATIVO,08:45 a 16:45,Arequipa Nß 939
154,JUNIN,YAULI,SANTA ROSA DE SACCO,06.- HUANCAYO,PAP YAULI,OPERATIVO,08:45 a 16:45,Miguel Grau N¯ 309
155,JUNIN,SATIPO,SATIPO,06.- HUANCAYO,PAP SATIPO,OPERATIVO,08:45 a 16:45,Micaela Bastidas y Jr. Augusto B. Leguia Centro Civico 
156,JUNIN,CHANCHAMAYO,LA MERCED,06.- HUANCAYO,AG CHANCHAMAYO,OPERATIVO,08:45 a 16:45,Tarma Nß 236
157,JUNIN,CHUPACA,CHUPACA,06.- HUANCAYO,PAP CHUPACA,OPERATIVO,08:45 a 16:45,Grau N¯ 195 - Centro C°vico
158,JUNIN,CHANCHAMAYO,PICHANAQUI,06.- HUANCAYO,PAP PICHANAQUI,OPERATIVO,08:45 a 16:45,Independencia S/N Coliseo Municipal
159,JUNIN,TARMA,TARMA,06.- HUANCAYO,ORA DE APOYO FELIX MAYORCA SOTO,OPERATIVO,08:45 a 16:30,Pacheco Nß 362
160,JUNIN,JAUJA ,JAUJA ,06.- HUANCAYO,ORA HOSPITAL DOMINGO OLAVEGOYA,OPERATIVO,08:45 a 16:30,San Mart°n Nß 1153 Urb. Olavegoya 
161,JUNIN,SATIPO,SATIPO,06.- HUANCAYO,ORA DE APOYO MANUEL HIGA ARAKAKI,DESPLAZAMIENTO,08:45 a 16:30,Daniel Alcides Carri¢n Nß 398
162,JUNIN,CHANCHAMAYO ,PICHANAQUI,06.- HUANCAYO,ORA HOSPITAL DE APOYO PICHANAQUI,OPERATIVO,08:45 a 16:30,San Mart°n S/N Pichanaki
163,JUNIN,HUANCAYO,HUANCAYO,06.- HUANCAYO,ORA LA LIBERTAD,DESPLAZAMIENTO,08:45 a 16:30,HUANCAS 695
164,JUNIN,CHANCHAMAYO,LA MERCED,06.- HUANCAYO,ORA HOSPITAL REGIONAL DOCENTE DE MEDICINA TROPICAL DR. JULIO DEMARINI CARO,OPERATIVO,08:45 a 16:30,Daniel A. Carrion S/N Av. Pampa Del Carmen S/N
165,JUNIN,HUANCAYO,EL TAMBO,06.- HUANCAYO,ORA HOSPITAL NACIONAL RAMIRO PRIALE,OPERATIVO,08:45 a 16:30,AV. INDEPENDENCIA Nß 266
166,JUNIN,SATIPO,PANGOA,06.- HUANCAYO,ORA HOSPITAL DE PANGOA,DESPLAZAMIENTO,08:45 a 16:30,La Cultura S/N
167,JUNIN,HUANCAYO,CHILCA,06.- HUANCAYO,ORA CHILCA,DESPLAZAMIENTO,08:45 a 16:30,HUMBOLT 900
168,AYACUCHO,HUAMANGA,AYACUCHO,07.- AYACUCHO,"ORA HOSPITAL REGIONAL DE AYACUCHO ""MIGUEL ANGEL MARISCAL LLERENA""",OPERATIVO,08:45 a 16:30,Av.Daniel Alcides Carri¢n S/N - 2da cuadra.
169,AYACUCHO,LA MAR,AYNA,07.- AYACUCHO,PAP AYNA -SAN FRANCISCO,OPERATIVO,08:45 a 16:45,28 de Julio S/N San Francisco
170,AYACUCHO,HUAMANGA,AYACUCHO,07.- AYACUCHO,OR HUAMANGA,OPERATIVO,08:45 a 16:45,"San Martin Nß 473, 475, 477 y 477A"
171,AYACUCHO,CANGALLO,CANGALLO,07.- AYACUCHO,PAP CANGALLO,OPERATIVO,08:45 a 16:45,Maria Parado de Bellido Nß 205
172,AYACUCHO,HUANTA,HUANTA,07.- AYACUCHO,AG HUANTA,OPERATIVO,08:45 a 16:45,Ayacucho N¯ 305
173,AYACUCHO,LA MAR,SAN MIGUEL,07.- AYACUCHO,PAP LA MAR,OPERATIVO,08:45 a 16:45,Maria Parado de Bellido S/N 
174,AYACUCHO,VICTOR FAJARDO,HUANCAPI,07.- AYACUCHO,PAP VICTOR FAJARDO,OPERATIVO,08:45 a 16:45,Plaza Principal Nß 127
175,AYACUCHO,HUANCA SANCOS,SANCOS,07.- AYACUCHO,PAP HUANCASANCOS,OPERATIVO,08:45 a 16:45,Progreso S/N Consejo Provincial de Huanca Sancos
176,AYACUCHO,VILCAS HUAMAN,VILCAS HUAMAN,07.- AYACUCHO,PAP VILCASHUAMAN,OPERATIVO,08:45 a 16:45,Los Incas Nß 318
177,AYACUCHO,SUCRE,QUEROBAMBA,07.- AYACUCHO,PAP SUCRE,OPERATIVO,08:45 a 16:45,San Martin S/N  Plaza de Armas Consejo Provincial de Sucre
178,AYACUCHO,HUANTA,HUANTA,07.- AYACUCHO,"ORA HOSPITAL DE APOYO HUANTA ""DANIEL ALCIDES CARRION""",OPERATIVO,08:45 a 16:30,Mariscal Castilla Nß 628
179,AYACUCHO,LA MAR,SAN MIGUEL,07.- AYACUCHO,ORA SAN MIGUEL,OPERATIVO,08:45 a 16:30,Ramon Castilla s/n
180,AYACUCHO,CANGALLO,CANGALLO,07.- AYACUCHO,ORA HOSPITAL DE APOYO CANGALLO,OPERATIVO,08:45 a 16:30,Santa Rosa N¯ 110
181,CUSCO,LA CONVENCION,PICHARI,07.- AYACUCHO,PAP PICHARI,OPERATIVO,08:45 a 16:45,BRASIL S/N
182,APURIMAC,CHINCHEROS,CHINCHEROS,07.- AYACUCHO,PAP CHINCHEROS,OPERATIVO,08:45 a 16:45,COTABAMBAS N¯ 121
183,AYACUCHO,LA MAR,SAMUGARI,07.- AYACUCHO,PAP SAMUGARI -PALMAPAMPA,OPERATIVO,08:45 a 16:45,Los Laureles S/N ? Palmapampa Distrital de Samugari
184,AYACUCHO,LA MAR,TAMBO,07.- AYACUCHO,ORA TAMBO,OPERATIVO,08:45 a 16:30,Lima s/n
185,AYACUCHO,HUAMANGA,JESUS NAZARENO,07.- AYACUCHO,ORA HOSPITAL DE APOYO JESUS NAZARENO,OPERATIVO,08:45 a 16:30,Ciro Alegr°a Nß 547
186,AYACUCHO,VILCAS HUAMAN,VILCAS HUAMAN,07.- AYACUCHO,ORA VILCASHUAMAN,OPERATIVO,08:45 a 16:30,Vilcasraymi S/N
187,APURIMAC,ANDAHUAYLAS,TALAVERA,07.- AYACUCHO,OR ANDAHUAYLAS,OPERATIVO,08:45 a 16:45,Amauta N¯ 311
188,APURIMAC,CHINCHEROS,ANCCO HUALLO,07.- AYACUCHO,ORA  CENTRO DE SALUD URIPAˇ,OPERATIVO,08:45 a 16:30, T£pac Amaru S/N ? URIPA
189,APURIMAC,ANDAHUAYLAS,ANDAHUAYLAS,07.- AYACUCHO,ORA HOSPITAL REGIONAL DOCENTE  HUGO PESCE PESCETTO ANDAHUAYLAS ,OPERATIVO,08:45 a 16:30,Hugo Pesce Pesceto S/N
190,AYACUCHO,HUANTA,SIVIA,07.- AYACUCHO,ORA HOSPITAL DE APOYO DE SIVIA,OPERATIVO,08:45 a 16:30,Gervacio Santillana S/N
191,CUSCO,LA CONVENCION,KIMBIRI,07.- AYACUCHO,ORA CENTRO DE SALUD SAN JUAN DE KIMBIRI,OPERATIVO,08:45 a 16:30,Aeropuerto S/N
192,CUSCO,LA CONVENCION,PICHARI,07.- AYACUCHO,ORA HOSPITAL DE APOYO PICHARI,OPERATIVO,08:45 a 16:30,Amazonas s/n
193,APURIMAC,CHINCHEROS,CHINCHEROS,07.- AYACUCHO,ORA HOSPITAL DE APOYO CHINCHEROS,OPERATIVO,08:45 a 16:30,Fernando Belaunde Terry S/N
194,AYACUCHO,CANGALLO,LOS MOROCHUCOS,07.- AYACUCHO,ORA PAMPA CANGALLO,OPERATIVO,08:45 a 16:30,Mar°a Arguedas S/N
195,AREQUIPA,AREQUIPA,AREQUIPA,08.- AREQUIPA,ORA HOSPITAL REGIONAL HONORIO DELGADO ESPINOZA,OPERATIVO,08:45 a 16:30,Daniel Alcides Carri¢n N¯ 505
196,TACNA,TACNA,TACNA,08.- AREQUIPA,ORA TACNA,OPERATIVO,08:45 a 16:30,Blondel S/N
197,AREQUIPA,AREQUIPA,AREQUIPA,08.- AREQUIPA,OR AREQUIPA,OPERATIVO,08:45 a 16:45,San Juan de Dios N¯ 122 y Santo Domingo N¯ 101
198,AREQUIPA,CAYLLOMA,CHIVAY,08.- AREQUIPA,PAP CAYLLOMA,OPERATIVO,08:45 a 16:45,Siglo XX S/N
199,AREQUIPA,CAMANA,CAMANA,08.- AREQUIPA,AG CAMANA,OPERATIVO,08:45 a 16:45,Mariscal Castilla N¯ 221
200,AREQUIPA,CARAVELI,CARAVEL÷,08.- AREQUIPA,PAP CARAVELI,OPERATIVO,08:45 a 16:45,Bolivar S/N
201,AREQUIPA,CASTILLA,APLAO,08.- AREQUIPA,PAP CASTILLA,OPERATIVO,08:45 a 16:45,Progreso S/N
202,AREQUIPA,CONDESUYOS,CHUQUIBAMBA,08.- AREQUIPA,PAP CONDESUYOS,OPERATIVO,08:45 a 16:45,Alameda S/N - Los Tres Errantes
203,AREQUIPA,ISLAY,MOLLENDO,08.- AREQUIPA,AG ISLAY,OPERATIVO,08:45 a 16:45,Arequipa Nß 261 
204,AREQUIPA,LA UNION,COTAHUASI,08.- AREQUIPA,PAP LA UNION,OPERATIVO,08:45 a 16:45,Centenario N¯ 202 - Cotahuasi
205,MOQUEGUA,MARISCAL NIETO,MOQUEGUA,08.- AREQUIPA,ORA HOSPITAL REGIONAL MOQUEGUA,OPERATIVO,08:45 a 16:30,Sim¢n Bol°var N¯ 505
206,MOQUEGUA,MARISCAL NIETO,MOQUEGUA,08.- AREQUIPA,AG MARISCAL NIETO,OPERATIVO,08:45 a 16:45,Lima Nß 676
207,MOQUEGUA,ILO,ILO,08.- AREQUIPA,AG ILO,OPERATIVO,08:45 a 16:45,Ayacucho N¯ 529
208,AREQUIPA,CAYLLOMA,MAJES,08.- AREQUIPA,AG MAJES,OPERATIVO,08:45 a 16:45,Arequipa S/N - Tienda 06 del Estadio Almirante Miguel Grau - Pedregal
209,AREQUIPA,AREQUIPA,CAYMA,08.- AREQUIPA,AG CAYMA,OPERATIVO,08:45 a 16:45,Ram¢n Castilla S/N - Estadio La Tomilla
210,TACNA,TACNA,TACNA,08.- AREQUIPA,AG TACNA,OPERATIVO,08:45 a 16:45,Deustua Nß 173
211,AREQUIPA,AREQUIPA,AREQUIPA,08.- AREQUIPA,ORA HOSPITAL III GOYENECHE,OPERATIVO,08:45 a 16:30,Goyeche N¯ 100
212,AREQUIPA,CAMANA,CAMANA,08.- AREQUIPA,ORA HOSPITAL DE CAMANA,OPERATIVO,08:45 a 16:30,Lima 550
213,AREQUIPA,AREQUIPA,PAUCARPATA,08.- AREQUIPA,MAC - AREQUIPA,OPERATIVO,08:30 a 16:30,Porongoche N¯ 500 Paucarpata - Centro Comercial Mall Aventura 
214,AREQUIPA,CAYLLOMA,MAJES,08.- AREQUIPA,ORA HOSPITAL CENTRAL DE MAJES- ANGEL GABRIEL CHURA GALLEGOS,OPERATIVO,08:45 a 16:30,Asentamiento B1 lote 1 Irrig. Majes
215,MOQUEGUA,MARISCAL NIETO,MOQUEGUA,08.- AREQUIPA,MAC - MOQUEGUA,OPERATIVO,08:30 a 16:30,"Circunvalaci¢n 1B Sub lote 1-A, Moquegua"
216,CUSCO,CUSCO,SANTIAGO,09.- CUSCO,ORA ANTONIO LORENA DEL CUSCO,OPERATIVO,08:45 a 16:30,Carlos Ugarte S/N Urb. Primavera Cuartel Agust°n Gamarra
217,CUSCO,CUSCO,WANCHAQ,09.- CUSCO,ORA HOSPITAL NACIONAL ADOLFO GUEVARA VELASCO,OPERATIVO,08:45 a 16:30,Micaela Bastidas S/N
218,APURIMAC,ABANCAY,ABANCAY,09.- CUSCO,OR ABANCAY,OPERATIVO,08:45 a 16:45,La Victoria Nß 214
219,APURIMAC,AYMARAES,CHALHUANCA,09.- CUSCO,PANP AYMARAES,DESPLAZAMIENTO,08:45 a 16:30,Plaza de Armas S/N (Gobernatura De Chalhuanca)
220,APURIMAC,ANTABAMBA,ANTABAMBA,09.- CUSCO,PANP ANTABAMBA,DESPLAZAMIENTO,08:45 a 16:30,Plaza de Armas S / N
221,APURIMAC,COTABAMBAS,TAMBOBAMBA,09.- CUSCO,PAP TAMBOBAMBA,OPERATIVO,08:45 a 16:30,Per£ - Plaza de Armas S/N - 3er Piso
222,APURIMAC,GRAU,CHUQUIBAMBILLA,09.- CUSCO,PANP GRAU,DESPLAZAMIENTO,08:45 a 16:30,Plaza de Armas S / N
223,CUSCO,CUSCO,CUSCO,09.- CUSCO,OR CUSCO,OPERATIVO,08:45 a 16:45,El Sol N¯ 272
224,CUSCO,ACOMAYO,ACOMAYO,09.- CUSCO,PANP ACOMAYO,DESPLAZAMIENTO,08:45 a 16:30,Plaza de Armas S/N
225,CUSCO,ANTA,ANTA ,09.- CUSCO,PAP ANTA,OPERATIVO,08:45 a 16:30,"Jaquijahuana  S / N, Izcuchaca"
226,CUSCO,CALCA,CALCA,09.- CUSCO,AG CALCA,OPERATIVO,08:45 a 16:45,Plaza de Armas S/N
227,CUSCO,CANAS,YANAOCA,09.- CUSCO,PAP CANAS,OPERATIVO,08:45 a 16:30,Plaza de Armas S/N
228,CUSCO,CANCHIS,SICUANI,09.- CUSCO,AG CANCHIS,OPERATIVO,08:45 a 16:45,T£pac Amaru N¯ 163
229,CUSCO,CHUMBIVILCAS,SANTO TOMAS,09.- CUSCO,PAP CHUMBIVILCAS,OPERATIVO,08:45 a 16:30,Per£ S / N (Ruedo de Toros)
230,CUSCO,ESPINAR,ESPINAR,09.- CUSCO,PAP ESPINAR,OPERATIVO,08:45 a 16:45,Teatro S/N  
231,CUSCO,LA CONVENCION,SANTA ANA,09.- CUSCO,AG LA CONVENCION,OPERATIVO,08:45 a 16:45,Grau Nß 238
232,CUSCO,PARURO,PARURO,09.- CUSCO,PANP PARURO,DESPLAZAMIENTO,08:45 a 16:30,Plaza de Armas S/N
233,CUSCO,PAUCARTAMBO,PAUCARTAMBO,09.- CUSCO,PAP PAUCARTAMBO - JR9,OPERATIVO,08:45 a 16:30,Enrique Yabar S/N
234,CUSCO,QUISPICANCHI,URCOS,09.- CUSCO,PAP QUISPICANCHI,OPERATIVO,08:45 a 16:45,Hu†scar N¯ 181
235,CUSCO,URUBAMBA,URUBAMBA,09.- CUSCO,PAP URUBAMBA,OPERATIVO,08:45 a 16:30,Conchatupa S/N
236,MADRE DE DIOS,TAHUAMANU,IBERIA,09.- CUSCO,AG IBERIA,OPERATIVO,08:45 a 16:30,M†ximo Rodr°guez N¯ 124 Plaza de Armas
237,APURIMAC,ABANCAY,ABANCAY,09.- CUSCO,ORA HOSPITAL REGIONAL GUILLERMO DIAZ DE LA VEGA,OPERATIVO,08:45 a 16:30,Daniel Alcides Carri¢n S/N
238,MADRE DE DIOS,TAMBOPATA,TAMBOPATA,09.- CUSCO,OR TAMBOPATA,OPERATIVO,08:45 a 16:45,Lambayeque N¯ 159
239,MADRE DE DIOS,MANU,MANU,09.- CUSCO,PANP MANU,DESPLAZAMIENTO,08:45 a 16:30,Esperanza S/N - Local Municipal
240,CUSCO,ACOMAYO,POMACANCHI,09.- CUSCO,AG POMACANCHI,DESPLAZAMIENTO,08:45 a 16:30,Plaza de Armas S/N
241,CUSCO,CUSCO,CUSCO,09.- CUSCO,ORA HOSPITAL DE APOYO DEPARTAMENTAL CUSCO,OPERATIVO,08:45 a 16:30,La Cultura S/N
242,CUSCO,CUSCO,SANTIAGO,09.- CUSCO,ORA BELEMPAMPA,OPERATIVO,08:45 a 16:30,21 de Mayo S/N
243,CUSCO,CANCHIS,SICUANI,09.- CUSCO,ORA SICUANI,OPERATIVO,08:45 a 16:30,Manuel Callo Zevallos N¯ 519 - Hospital MINSA Sicuani
244,MADRE DE DIOS,TAMBOPATA,TAMBOPATA,09.- CUSCO,ORA SANTA ROSA,OPERATIVO,08:45 a 16:30,Cajamarca N¯ 171
245,CUSCO,LA CONVENCION,SANTA ANA,09.- CUSCO,ORA QUILLABAMBA,OPERATIVO,08:45 a 16:30,General Gamarra S/N - Hospital Quillabamba
246,APURIMAC,AYMARAES,CHALHUANCA,09.- CUSCO,ORA CHALHUANCA,OPERATIVO,08:45 a 16:30,Bolivar S/N
247,CUSCO,ESPINAR,ESPINAR,09.- CUSCO,ORA ESPINAR,OPERATIVO,08:45 a 16:30,Domingo Huarca Cruz S/N Barrio T£pac Amaru  - Hospital Espinar
248,MADRE DE DIOS,TAHUAMANU,IBERIA,09.- CUSCO,ORA SAN MARTIN DE PORRES DE IBERIA,OPERATIVO,08:45 a 16:30,Mocopata S/N
249,APURIMAC,COTABAMBAS,TAMBOBAMBA,09.- CUSCO,ORA TAMBOBAMBA,OPERATIVO,08:45 a 16:30,Hospital Tambobamba
250,APURIMAC,COTABAMBAS,HAQUIRA,09.- CUSCO,PAP HAQUIRA,OPERATIVO,08:45 a 16:30,Plaza de armas S/N-Haquira
251,CUSCO,CHUMBIVILCAS,SANTO TOMAS,09.- CUSCO,ORA SANTO TOMAS,OPERATIVO,08:45 a 16:30, Andres Avelino Caceres - Hospital Santo Tomas  
252,LIMA,LIMA ,JESÈS MAR÷A,10.- LIMA,ORA HOSPITAL NACIONAL EDGARDO REBAGLIATI MARTINS,OPERATIVO,08:45 a 16:30,AV. SALAVERRY CDRA. 13 - PUERTA 6
253,CALLAO,CALLAO,CALLAO,10.- LIMA,ORA NAC. DANIEL A. CARRI‡N,OPERATIVO,08:45 a 16:30,Guardia Chalaca Nß 2176 - Bellavista
254,LIMA,LIMA,SAN JUAN DE LURIGANCHO,10.- LIMA,ORA HOSPITAL SAN JUAN DE LURIGANCHO,OPERATIVO,08:45 a 16:30,Canto Grande S/N - Altura del paradero 10
255,LIMA,LIMA,EL AGUSTINO,10.- LIMA,ORA HOSPITAL NACIONAL HIPOLITO UNANUE,OPERATIVO,08:45 a 16:30,Cesar Vallejo Nß 1390 
256,LIMA,LIMA,LIMA,10.- LIMA,ORA INSTITUTO NACIONAL MATERNO PERINATAL,OPERATIVO,08:45 a 16:30,Miroquesada Nß 941 - Lima
257,CALLAO,CALLAO,VENTANILLA,10.- LIMA,OR VENTANILLA,OPERATIVO,08:45 a 16:45,Pachacutec N¯ 225 - Sector B - Grupo Residencial B1 - Mz. F1 
258,LIMA,LIMA,SANTIAGO DE SURCO,10.- LIMA,OR SURCO - HIGUERETA,OPERATIVO,08:45 a 16:45,Santiago de Surco Nß 2807 Urb. Residencial Higuereta
259,LIMA,LIMA,SAN BORJA,10.- LIMA,OR SAN BORJA,OPERATIVO,08:45 a 16:45,San Luis N¯ 1673 Urb. Jacaranda II
260,LIMA,LIMA,COMAS,10.- LIMA,OR COMAS III,OPERATIVO,08:45 a 16:45,San Felipe Nß 830 Urb. San Felipe
261,LIMA,LIMA,LIMA,10.- LIMA,OR QUILCA,OPERATIVO,08:45 a 16:45,Quilca Nß 501 y 525 
262,LIMA,LIMA,LIMA,10.- LIMA,AG ANCASH,OPERATIVO,08:45 a 16:45,Ancash Nß 336-340 y 344 (Frente a la Plazuela San Francisco) - Lima
263,LIMA,LIMA,VILLA MAR÷A DEL TRIUNFO,10.- LIMA,ORA DANIEL ALCIDES CARRION,OPERATIVO,08:45 a 16:30,Pachacutec N¯ 3470 - Pasando el Terminal Pesquero.
264,CALLAO,CALLAO,BELLAVISTA,10.- LIMA,MAC - CALLAO,OPERATIVO,08:30 a 16:30,Oscar R. Benavides N¯ 3866 - Centro Comercial Mall Aventura Plaza
265,LIMA,LIMA,LIMA,10.- LIMA,OR LIMA,OPERATIVO,08:45 a 16:45,Av. Nicol†s de PiÇrola N 545
266,LIMA,LIMA,ATE,10.- LIMA,OR ATE,OPERATIVO,08:45 a 16:45,Industrial Nß 438
267,LIMA,LIMA,COMAS,10.- LIMA,OR COMAS I,OPERATIVO,08:45 a 16:45,"Tupac Amaru N¯ 5527 - 5531 - 5535, Urb Huaquillay 2da Etapa"
268,LIMA,LIMA,LURIN,10.- LIMA,OR LURIN,OPERATIVO,08:45 a 16:45,Simon Bolivar N¯ 267
269,LIMA,LIMA,MIRAFLORES,10.- LIMA,OR MIRAFLORES,OPERATIVO,08:45 a 16:45,Ernesto Diez Canseco N¯ 230
270,LIMA,LIMA,PUENTE PIEDRA,10.- LIMA,OR PUENTE PIEDRA,OPERATIVO,08:45 a 16:45,Ricardo Palma Nß 241
271,LIMA,LIMA,SAN JUAN DE LURIGANCHO,10.- LIMA,OR SAN JUAN DE LURIGANCHO,OPERATIVO,08:45 a 16:45,Las Flores Lote 1 Mz. G Urb. Canto Grande Unidad 7
272,LIMA,LIMA,SAN JUAN DE MIRAFLORES,10.- LIMA,OR SAN JUAN DE MIRAFLORES,OPERATIVO,08:45 a 16:45,Guillermo Billinghurst  N¯ 767 ? 769 Mz. F Lote 18 Urb. SJM Parcela D
273,LIMA,LIMA,SAN MART÷N DE PORRES,10.- LIMA,OR SAN MARTIN DE PORRES,OPERATIVO,08:45 a 16:45,Eduardo de Habich Nß 590 - 592 con Pedro Paulet N¯ 589
274,LIMA,CAJATAMBO,CAJATAMBO,10.- LIMA,AG CAJATAMBO,OPERATIVO,08:45 a 16:45,Bolognesi S/N - Comisiones de Regantes -Frente plaza de Armas
275,LIMA,CANTA,CANTA,10.- LIMA,AG CANTA,OPERATIVO,08:45 a 16:45,Independencia Nß 308 Municipio (Plaza de Armas)
276,LIMA,CA•ETE,SAN VICENTE DE CA•ETE,10.- LIMA,AG CA•ETE,OPERATIVO,08:45 a 16:45,Los Libertadores Mz. D-3 Lote 4 Urbanizaci¢n Tercer Mundo
277,LIMA,HUAURA,HUACHO,10.- LIMA,AG HUACHO,OPERATIVO,08:45 a 16:45,Grau Nß 295
278,LIMA,HUAROCHIRI,MATUCANA,10.- LIMA,AG MATUCANA,OPERATIVO,08:45 a 16:45,Tacna S/N  - Centro Civico
279,LIMA,YAUYOS,YAUYOS,10.- LIMA,AG YAUYOS,OPERATIVO,08:45 a 16:45,Plaza Constituci¢n Nß 110
280,LIMA,HUARAL,HUARAL,10.- LIMA,AG HUARAL,OPERATIVO,08:45 a 16:45,Los Pinos Nß 149 Mz E Lote 4 Pasaje Urb. El Rosario
281,LIMA,BARRANCA,BARRANCA,10.- LIMA,OR BARRANCA,OPERATIVO,08:45 a 16:45,Independencia N¯ 674 - 676 - 678
282,LIMA,OYON,OYON,10.- LIMA,AG OYON,OPERATIVO,08:45 a 16:45,Uni¢n 216
283,LIMA,LIMA,LURIGANCHO,10.- LIMA,OR CHOSICA,OPERATIVO,08:45 a 16:45,Chucuito Nß 248 
284,LIMA,LIMA,PACHACAMAC,10.- LIMA,OR PACHACAMAC,OPERATIVO,08:45 a 16:45,Paul Poblet N¯ 3111 - Dentro del Mercado Jumbo
285,LIMA,LIMA,JESÈS MAR÷A,10.- LIMA,OR JESUS MARIA,OPERATIVO,08:45 a 16:45,Talara N¯ 130-132-134 y 136 Jes£s Maria
286,LIMA,LIMA,CIENEGUILLA,10.- LIMA,OR CIENEGUILLA,OPERATIVO,08:45 a 16:45,"San Martin Lote 15, Zona ""D"" Manzana ""D"" Centro Poblado Tambo Viejo"
287,LIMA,LIMA,SANTA ANITA,10.- LIMA,OR SANTA ANITA,OPERATIVO,08:45 a 16:45,"Los Eucaliptos Nß 947, Urbanizaci¢n Universal"
288,LIMA,LIMA,INDEPENDENCIA,10.- LIMA,OR INDEPENDENCIA,OPERATIVO,08:45 a 16:45,Los Andes Nß 486 Urb. Industrial Panamericana Norte
289,CALLAO,CALLAO,VENTANILLA,10.- LIMA,MAC - VENTANILLA,OPERATIVO,08:30 a 16:30,La Playa S/N altura la Urb. Zona Comercial frente a la Plaza C°vica 
290,LIMA,LIMA,JESÈS MAR÷A,10.- LIMA,AG 06 DE AGOSTO,OPERATIVO,08:45 a 16:45,06 de Agosto N¯ 856
291,CALLAO,CALLAO,MI PERÈ,10.- LIMA,AG MI PERU,OPERATIVO,08:45 a 16:45,Mz. G7 Lt. 06 Mi Per£  interior de la Sede Municipal.
292,LIMA,LIMA,SAN MART÷N DE PORRES,10.- LIMA,ORA NACIONAL CAYETANO HEREDIA,OPERATIVO,08:45 a 16:30,Honorio Delgado N¯ 262 - Urb. Ingenier°a / Obstetricia
293,LIMA,HUAURA,HUACHO,10.- LIMA,ORA HOSPITAL GENERAL DE HUACHO,OPERATIVO,08:45 a 16:30,Jose Arnaldo Arambulo La Rosa N¯ 251
294,CALLAO,CALLAO,CALLAO,10.- LIMA,OR CALLAO,OPERATIVO,08:45 a 16:45,Dos de Mayo N¯ 440 - 446
295,LIMA,LIMA,SAN BORJA,10.- LIMA,AG ATENCIONES ESPECIALES DE SAN BORJA,OPERATIVO,08:45 a 16:45,Javier Prado N¯ 2388 -2386 - 2392
296,LIMA,LIMA,VILLA EL SALVADOR,10.- LIMA,OR VILLA EL SALVADOR,OPERATIVO,08:45 a 16:45,"Arriba Per£ Nß 640 Sector 2, Grupo 7, Mz J, Lt 05 "
297,LIMA,LIMA,EL AGUSTINO,10.- LIMA,MAC - LIMA ESTE,OPERATIVO,08:30 a 16:30,Ancash 2151 - Centro Comercial Agustino Plaza
298,CALLAO,CALLAO,CARMEN DE LA LEGUA REYNOSO,10.- LIMA,ORA HOSPITAL SAN JOSE,OPERATIVO,08:45 a 16:30,Las Magnolias 475 Carmen de la Legua-Reynoso
299,CALLAO,CALLAO,VENTANILLA,10.- LIMA,ORA HOSPITAL DE VENTANILLA,OPERATIVO,08:45 a 16:30,Pedro Beltran S/N Ventanilla - Hospital de Ventanilla
300,LIMA,CA•ETE,SAN VICENTE DE CA•ETE,10.- LIMA,ORA HOSPITAL REZOLA,OPERATIVO,08:45 a 16:30,San Mart°n Nß 120 -124 
301,LIMA,BARRANCA,BARRANCA,10.- LIMA,ORA HOSPITAL DE BARRANCA,OPERATIVO,08:45 a 16:30,Nicol†s de PiÇrola Nß 210 -224
302,LIMA,HUARAL,HUARAL,10.- LIMA,ORA HOSPITAL SAN JUAN BAUTISTA HUARAL,OPERATIVO,08:45 a 16:30,Tacna Nß 120 Urb. San Juan I
303,LIMA,LIMA ,COMAS,10.- LIMA,ORA HOSPITAL NACIONAL SERGIO E. BERNALES,OPERATIVO,08:45 a 16:30,"T£pac Amaru N¯ 8000, Collique, Comas."
304,LIMA,LIMA,LIMA,10.- LIMA,ORA NACIONAL DOS DE MAYO,OPERATIVO,08:45 a 16:30,Parque Historia De La Medicina Peruana S/N Altura Cuadra 13 Av Grau
305,LIMA,LIMA,ATE ,10.- LIMA,ORA HOSPITAL DE HUAYCAN,OPERATIVO,08:45 a 16:30,JosÇ C.Mari†tegui S/N Zona B - A.H.Huayc†n S/N Ate Lima Lima
306,LIMA,LIMA,SAN JUAN DE MIRAFLORES,10.- LIMA,MAC - LIMA SUR,OPERATIVO,08:30 a 16:30,Circunvalaci¢n 1583- San Juan de Miraflores
307,LIMA,LIMA,COMAS,10.- LIMA,MAC - LIMA NORTE,OPERATIVO,08:30 a 16:30,Los Angeles N¯ 602 2do piso - Cc Mall Plaza 
308,LIMA,LIMA,JESUS MARIA,10.- LIMA,PVM - JESUS MARIA ,OPERATIVO,08:45 a 16:45,Talara N¯ 130
309,LIMA,LIMA,SANTIAGO DE SURCO,10.- LIMA,PVM - JOCKEY PLAZA,OPERATIVO,08:45 a 16:45,Javier Prado Este N¯ 4200 ( Centro Financiero del Centro Comercial)
310,LIMA,LIMA,SURQUILLO,10.- LIMA,PVM - OPEN PLAZA ANGAMOS,OPERATIVO,08:45 a 16:45,Cruce Angamos N¯ 1805 con Tomas Marsano
311,LIMA,LIMA,CHORRILLOS,10.- LIMA,PVM - PLAZA LIMA SUR,OPERATIVO,08:45 a 16:45,Prolongaci¢n Paseo  de la Republica S/N Urb. Matellini (2do nivel del Centro Comercial) 
312,CALLAO,CALLAO,VENTANILLA,10.- LIMA,PVM VENTANILLA,OPERATIVO,08:45 a 16:45,La Playa S/N altura la Urb. Zona Comercial frente a la Plaza C°vica 
313,CALLAO,CALLAO,BELLAVISTA,10.- LIMA,PVM MALL AVENTURA PLAZA - CALLAO,OPERATIVO,08:45 a 16:45,Oscar R. Benavides N¯ 3866 - Centro Comercial Mall Aventura Plaza
314,LIMA,LIMA,CERCADO,10.- LIMA,PVM - REAL PLAZA CENTRO C÷VICO,OPERATIVO,08:45 a 16:45,Garcilaso de la Vega N¯ 1337
315,LIMA,LIMA,MIRAFLORES,10.- LIMA,PVM- MIRAFLORES,OPERATIVO,08:45 a 16:45,Diez Canseco N¯ 230
316,LIMA,LIMA,INDEPENDENCIA,10.- LIMA,PVM - INDEPENDENCIA,OPERATIVO,08:45 a 16:45,Los Andes Nß 486 Urb. Industrial Panamericana Norte
317,LIMA,LIMA,SAN JUAN DE LURIGANCHO,10.- LIMA,PVM - SAN JUAN DE LURIGANCHO ,OPERATIVO,08:45 a 16:45,Las Flores Lote Nz. 6 Urb . Canto Grande 
318,LIMA,LIMA,SANTA ANITA,10.- LIMA,ORA HOSP. JORGE VOTO BERNALES,OPERATIVO,08:45 a 16:45,"CARRETERA CENTRAL KM. 3,5 - SANTA ANITA"
319,LIMA,LIMA,VILLA MAR÷A DEL TRIUNFO,10.- LIMA,CMI JOSE CARLOS MARIATEGUI,OPERATIVO,08:45 a 16:45,"Necochea s/n, AH. Jose Carlos Mariategui, Villa Maria del Triunfo."
320,LIMA,LIMA,CERCADO,10.- LIMA,HOSP. NAC DOC MADRE Y NI•O  SAN BARTOLOME,OPERATIVO,08:45 a 16:45,ALFONSO UGARTE 825 - LIMA
321,PUNO,PUNO,PUNO,11.- PUNO,ORA MANUEL NU•EZ BUTRON,OPERATIVO,08:45 a 16:30,El Sol N¯ 1022
322,PUNO,PUNO,PUNO,11.- PUNO,ORA HOSPITAL BASE III (PUNO) - RED ASISTENCIAL PUNO,OPERATIVO,08:45 a 16:30,Francisco C†ceres Jara Nß 600
323,PUNO,SAN ROMAN,JULIACA,11.- PUNO,ORA CARLOS MONGE MEDRANO,OPERATIVO,08:45 a 16:30,Carretera a Huancane Km 2
324,PUNO,EL COLLAO ,ILAVE ,11.- PUNO,ORA ILAVE,OPERATIVO,08:45 a 16:30,Atahualpa Nß 825
325,PUNO,SAN ROMAN,JULIACA,11.- PUNO,ORA HOSPITAL BASE III JULIACA - ESSALUD - RED ASISTENCIAL JULIACA,OPERATIVO,08:45 a 16:30,JosÇ Santos Chocano S/N - La Capilla
326,PUNO,PUNO,PUNO,11.- PUNO,OR PUNO,OPERATIVO,08:45 a 16:45,Arequipa N¯ 1143 - 1145 Barrio Victoria
327,PUNO,AZANGARO,AZANGARO,11.- PUNO,PAP AZANGARO,OPERATIVO,08:45 a 16:45,Azangaro N¯ 160  (Palacio Municipal)
328,PUNO,CARABAYA,MACUSANI,11.- PUNO,PAP CARABAYA,OPERATIVO,08:45 a 16:45,Raimondi N¯ 116
329,PUNO,CHUCUITO,JULI,11.- PUNO,PAP CHUCUITO,OPERATIVO,08:45 a 16:45,Ilave 235 - Mercado Central Municipio
330,PUNO,HUANCANE,HUANCANE,11.- PUNO,PAP HUANCANE,OPERATIVO,08:45 a 16:45,Moquegua N¯ 104 - Barrio Progreso
331,PUNO,LAMPA,LAMPA,11.- PUNO,PAP LAMPA,OPERATIVO,08:45 a 16:45,Alfonso Ugarte N¯ 343
332,PUNO,MELGAR,AYAVIRI,11.- PUNO,PAP MELGAR,OPERATIVO,08:45 a 16:45,Jorge Chavez N¯  550
333,PUNO,SANDIA,SANDIA,11.- PUNO,PAP SANDIA,OPERATIVO,08:45 a 16:45,Juliaca S/N - Mercado Central Sandia
334,PUNO,SAN ROMAN,JULIACA,11.- PUNO,AG SAN ROMAN,OPERATIVO,08:45 a 16:45,Brascesco N¯ 181 
335,PUNO,YUNGUYO,YUNGUYO,11.- PUNO,PAP YUNGUYO,OPERATIVO,08:45 a 16:45,Grau Nß 240
336,PUNO,SAN ANTONIO DE PUTINA,PUTINA,11.- PUNO,PAP PUTINA,OPERATIVO,08:45 a 16:45,Plaza de Armas S/N (Palacio Municipal)
337,PUNO,EL COLLAO,ILAVE,11.- PUNO,PAP EL COLLAO,OPERATIVO,08:45 a 16:45,Bolognesi S/N - Coliseo Cubierto Ilave Oficina N¯ 02
338,PUNO,MOHO,MOHO,11.- PUNO,PAP MOHO,OPERATIVO,08:45 a 16:45,Circunvalaci¢n S/N Mercado Municipal
339,PUNO,AZANGARO,AZANGARO,11.- PUNO,ORA CARLOS CORNEJO ROSELLO,OPERATIVO,08:45 a 16:30,Francisco Bolognesi N¯ 557
340,PUNO,CHUCUITO,JULI,11.- PUNO,ORA JULI,OPERATIVO,08:45 a 16:30,Panamericana S/N
341,PUNO,HUANCANE,HUANCANE,11.- PUNO,ORA HOSPITAL LUCIO ALDAZABAL PAUCA,OPERATIVO,08:45 a 16:30,Santa Cruz S/N
342,PUNO,MELGAR,AYAVIRI,11.- PUNO,ORA SAN JUAN DE DIOS (AYAVIRI),OPERATIVO,08:45 a 16:30,Progreso S/N
343,PUNO,SAN ROMµN,JULIACA,11.- PUNO,ORA CENTRO DE SALUD CLAS SANTA ADRIANA,OPERATIVO,08:45 a 16:30,Pachacutec S/N
344,PUNO,SAN ROMµN,SAN MIGUEL,11.- PUNO,PAP SAN MIGUEL - JR11,OPERATIVO,08:45 a 16:45,Palacio Municipal S/N
345,PUNO,CHUCUITO,DESAGUADERO,11.- PUNO,PAP DESAGUADERO,OPERATIVO,08:45 a 16:45,28 de Julio N¯ 305 - Desaguadero
346,ICA,ICA,ICA,12.- ICA,ORA REGIONAL DE ICA,OPERATIVO,08:45 a 16:30,Huacachina S/N
347,AYACUCHO,LUCANAS,PUQUIO,12.- ICA,AG LUCANAS,OPERATIVO,08:45 a 16:45,San Pedro  Nß 216
348,AYACUCHO,PARINACOCHAS,CORACORA,12.- ICA,AG PARINACOCHAS,OPERATIVO,08:45 a 16:45,Bolognesi N¯ 419 Plaza de Armas
349,AYACUCHO,PAUCAR DEL SARA SARA,PAUSA,12.- ICA,PANP PAUCAR DEL SARA SARA,OPERATIVO,08:45 a 16:45,Miguel de Cervantes N¯ 455 (Palacio Municipal)
350,ICA,ICA,PARCONA,12.- ICA,PAP PARCONA,OPERATIVO,08:45 a 16:45,Jhon F. Kennedy N¯ 500 con Calle Lima S/N (Costado del Palacio Municipal)
351,ICA,ICA,ICA,12.- ICA,OR ICA,OPERATIVO,08:45 a 16:45,San Martin N¯ 1366 Mz. M-02 Lt. 035. Urb. San Isidro 
352,ICA,CHINCHA,CHINCHA ALTA,12.- ICA,AG CHINCHA,OPERATIVO,08:45 a 16:45,Los Angeles N¯ 300
353,ICA,NASCA,NASCA,12.- ICA,AG NASCA,OPERATIVO,08:45 a 16:45,Fermin del Castillo N¯ 270
354,ICA,PISCO,PISCO,12.- ICA,AG PISCO,OPERATIVO,08:45 a 16:45,San Juan de Dios N¯ 288
355,ICA,PALPA,PALPA,12.- ICA,AG PALPA,OPERATIVO,08:45 a 16:45,Portal de Escribanos Nß 145
356,AYACUCHO,LUCANAS,CABANA,12.- ICA,PAP CABANA ,OPERATIVO,08:45 a 16:45,Jorge Chavez N¯ 272 
357,AYACUCHO,LUCANAS,PUQUIO,12.- ICA,ORA FELIPE HUAMAN POMA DE AYALA,OPERATIVO,08:45 a 16:30,Arnaldo Alvarado S/N 
358,AYACUCHO,PARINACOCHAS,CORACORA,12.- ICA,ORA HOSPITAL DE APOYO DE CORACORA,OPERATIVO,08:45 a 16:30,La Cultura S/N
359,ICA,ICA,ICA,12.- ICA,ORA SANTA MARIA DEL SOCORRO,OPERATIVO,08:45 a 16:30,Castrovirreyna N¯ 759
360,ICA,PISCO,PISCO,12.- ICA,ORA SAN JUAN DE DIOS,OPERATIVO,08:45 a 16:30,Ferm°n Tanguis S/N (Altura del Fundo Alto de la Luna)
361,ICA,CHINCHA,CHINCHA ALTA,12.- ICA,ORA SAN JOSE DE CHINCHA,OPERATIVO,08:45 a 16:30,Abelardo Alva Maurtua Nß 600
362,AYACUCHO,LUCANAS,LARAMATE,12.- ICA,PANP LARAMATE,OPERATIVO,08:45 a 16:45,Ica S/N
363,ICA,NASCA,NASCA,12.- ICA,ORA DE APOYO DE NASCA,OPERATIVO,08:45 a 16:30,Callao S/N - 5ta Cuadra
364,UCAYALI,CORONEL PORTILLO,CALLERIA,13.- PUCALLPA,ORA HOSPITAL REGIONAL DE PUCALLPA,OPERATIVO,08:45 a 16:30,Agustin Cauper N¯ 285
365,HUANUCO,PUERTO INCA,PUERTO INCA,13.- PUCALLPA,PAP PUERTO INCA,OPERATIVO,08:45 a 16:45,Vulcano S/N
366,UCAYALI,CORONEL PORTILLO,YARINACOCHA,13.- PUCALLPA,ORA HOSPITAL AMAZ‡NICO - YARINACOCHA,OPERATIVO,08:45 a 16:30,Aguaytia N¯ 605
367,LORETO,UCAYALI,CONTAMANA,13.- PUCALLPA,PAP CONTAMANA,OPERATIVO,08:45 a 16:45,Nuevo Loreto Mz.38C  Lt.5B
368,UCAYALI,PADRE ABAD,IRAZOLA ,13.- PUCALLPA,AG IRAZOLA ,OPERATIVO,08:45 a 16:45,Jr. Progreso S/N 
369,UCAYALI,PADRE ABAD,PADRE ABAD,13.- PUCALLPA,ORA AGUAYTIA,OPERATIVO,08:45 a 16:30,Victor Pinedo / Palmeras Mz. 152A Junta Vecinal Pampayurac
370,UCAYALI,CORONEL PORTILLO,CALLERIA,13.- PUCALLPA,OR PUCALLPA,OPERATIVO,08:45 a 16:45,"09 de Diciembre N¯ 378 y Tacna Nß 891 Mz. 07 Lt. Acumulado 1-B, independiente."
371,UCAYALI,PADRE ABAD,PADRE ABAD,13.- PUCALLPA,PAP PADRE ABAD,OPERATIVO,08:45 a 16:45,Jr. Grau Nß 214
372,UCAYALI,ATALAYA,RAIMONDI,13.- PUCALLPA,PAP ATALAYA,OPERATIVO,08:45 a 16:45,Rioja Nß 659
373,UCAYALI,PURUS,PURUS,13.- PUCALLPA,PAP PURUS,OPERATIVO,08:45 a 16:45,Purus S/N
374,UCAYALI,ATALAYA,TAHUANIA,13.- PUCALLPA,PAP TAHUANIA,OPERATIVO,08:45 a 16:45,7 de Junio  S/N
375,HUANCAVELICA,HUANCAVELICA,IZCUCHACA,14.- HUANCAVELICA,PAP IZCUCHACA,OPERATIVO,08:45 a 16:45,Ferrocarril  S/N 
376,HUANCAVELICA,ACOBAMBA,PAUCARA,14.- HUANCAVELICA,PAP PAUCARA,OPERATIVO,08:45 a 16:45,Plaza Mayor S/N
377,HUANCAVELICA,HUANCAVELICA,HUANCAVELICA,14.- HUANCAVELICA,ORA HOSPITAL REGIONAL ZACARIAS CORREA VALDIVIA,OPERATIVO,08:45 a 16:30,AndrÇs Avelino C†ceres S/N - Barrio Yananaco
378,HUANCAVELICA,HUANCAVELICA,ASCENSI‡N,14.- HUANCAVELICA,ORA HOSPITAL II HUANCAVELICA,OPERATIVO,08:45 a 16:30,Teresa de Jurnet S/N
379,HUANCAVELICA,HUANCAVELICA,HUANCAVELICA,14.- HUANCAVELICA,OR HUANCAVELICA,OPERATIVO,08:45 a 16:45,"Av. San Crist¢bal Nß 384, 386 y 388"
380,HUANCAVELICA,ACOBAMBA,ACOBAMBA,14.- HUANCAVELICA,OR ACOBAMBA,OPERATIVO,08:45 a 16:45,Dos De Mayo N¯ 459
381,HUANCAVELICA,ANGARAES,LIRCAY,14.- HUANCAVELICA,OR ANGARAES,OPERATIVO,08:45 a 16:45,Centenario S/N - Barrio de Pueblo Nuevo - Dentro del Centro Civico
382,HUANCAVELICA,CASTROVIRREYNA,CASTROVIRREYNA,14.- HUANCAVELICA,OR CASTROVIRREYNA,OPERATIVO,08:45 a 16:45,Los Libertadores S/N
383,HUANCAVELICA,TAYACAJA,PAMPAS,14.- HUANCAVELICA,OR TAYACAJA,OPERATIVO,08:45 a 16:45,Manco Capac S/N con Jir¢n Alfonso Ugarte Cordova y Necochea - Coliseo Multiuso
384,HUANCAVELICA,HUAYTARA,HUAYTARA,14.- HUANCAVELICA,OR HUAYTARA,OPERATIVO,08:45 a 16:45,24 de Junio S/N - 2do piso Centro C°vico 
385,HUANCAVELICA,CHURCAMPA,CHURCAMPA,14.- HUANCAVELICA,OR CHURCAMPA,OPERATIVO,08:45 a 16:45,Real N¯ 255
386,HUANCAVELICA,TAYACAJA,PAMPAS,14.- HUANCAVELICA,ORA HOSPITAL DE PAMPAS,OPERATIVO,08:45 a 16:30,Bol°var S/N 
387,HUANCAVELICA,ANGARAES,LIRCAY,14.- HUANCAVELICA,ORA LIRCAY,OPERATIVO,08:45 a 16:30,Esmeralda S/N
388,HUANCAVELICA,TAYACAJA,SURCUBAMBA,14.- HUANCAVELICA,AG SURCUBAMBA,OPERATIVO,08:45 a 16:45,Alfonso Ugarte S/N
389,HUANCAVELICA,TAYACAJA,COLCABAMBA,14.- HUANCAVELICA,AG COLCABAMBA,OPERATIVO,08:45 a 16:45,Av. Centenario S/N
390,HUANCAVELICA,HUANCAVELICA,YAULI,14.- HUANCAVELICA,ORA YAULI,OPERATIVO,08:45 a 16:30,Jorge Ch†vez S/N
391,HUANCAVELICA,ACOBAMBA,PAUCARA,14.- HUANCAVELICA,ORA PAUCARA,OPERATIVO,08:45 a 16:30,Lircay s/n
392,PASCO,PASCO,YANACANCHA,15.- HUANUCO,ORA DR. DANIEL ALCIDES CARRION GARCIA,OPERATIVO,08:45 a 16:30,Los Incas S/N Urb. San Juan
393,PASCO,OXAPAMPA,PUERTO BERMUDEZ,15.- HUANUCO,PAP PUERTO BERMÈDEZ,OPERATIVO,08:45 a 16:45,Remigio Morales Berm£dez S/N
394,PASCO,PASCO,HUARIACA,15.- HUANUCO,PAP HUARIACA,OPERATIVO,08:45 a 16:45,28 de Julio Nß 129
395,HUANUCO,HUANUCO,HUµNUCO,15.- HUANUCO,ORA HOSPITAL REGIONAL HERMILIO VALDIZAN,OPERATIVO,08:45 a 16:30,Hermilio Valdizan Nß 950
396,PASCO,PASCO,PAUCARTAMBO,15.- HUANUCO,PAP PAUCARTAMBO - JR15,OPERATIVO,08:45 a 16:45,Plaza 28 de Julio S/N
397,HUANUCO,HUANUCO,HUµNUCO,15.- HUANUCO,OR HUANUCO,OPERATIVO,08:45 a 16:45,28 de Julio N¯ 825
398,HUANUCO,AMBO,AMBO,15.- HUANUCO,PAP AMBO,OPERATIVO,08:45 a 16:45,"28 de Julio 697, Centro C°vico"
399,HUANUCO,DOS DE MAYO,LA UNION,15.- HUANUCO,PAP DOS DE MAYO,OPERATIVO,08:45 a 16:45,Lourdes N¯ 221
400,HUANUCO,HUAMALIES,LLATA,15.- HUANUCO,PAP HUAMALIES,OPERATIVO,08:45 a 16:45,Hu†nuco N¯ 242
401,HUANUCO,MARA•ON,HUACRACHUCO,15.- HUANUCO,PAP MARA•ON,OPERATIVO,08:45 a 16:45,28 De Julio N¯ 602 
402,HUANUCO,LEONCIO PRADO,RUPA-RUPA,15.- HUANUCO,PAP LEONCIO PRADO,OPERATIVO,08:45 a 16:45,Chiclayo N¯ 585
403,HUANUCO,PACHITEA,PANAO,15.- HUANUCO,PAP PACHITEA,OPERATIVO,08:45 a 16:45,Bolognesi N¯ 211
404,HUANUCO,LAURICOCHA,JESÈS,15.- HUANUCO,PAP LAURICOCHA,OPERATIVO,08:45 a 16:45,Cristobal Colon S/N
405,HUANUCO,YAROWILCA,CHAVINILLO,15.- HUANUCO,PAP YAROWILCA,OPERATIVO,08:45 a 16:45,Virgen de F†tima S/N
406,PASCO,PASCO,CHAUPIMARCA,15.- HUANUCO,ORA HOSPITAL II PASCO,OPERATIVO,08:45 a 16:30,Barrio Buenos Aires S/N
407,HUANUCO,PACHITEA,PANAO,15.- HUANUCO,ORA PANAO,OPERATIVO,08:45 a 16:30,Grau Nß 193
408,HUANUCO,LEONCIO PRADO,RUPA-RUPA,15.- HUANUCO,ORA HOSPITAL TINGO MARIA,OPERATIVO,08:45 a 16:30,Mapresa S/N Luyando
409,HUANUCO,LEONCIO PRADO,JOSê CRESPO Y CASTILLO,15.- HUANUCO,ORA AUCAYACU,OPERATIVO,08:45 a 16:30,Grau N¯ 401
410,HUANUCO,HUAMALIES,LLATA,15.- HUANUCO,ORA LLATA,OPERATIVO,08:45 a 16:30,28 de Julio N¯ 216
411,HUANUCO,DOS DE MAYO,LA UNION,15.- HUANUCO,ORA LA UNION,OPERATIVO,08:45 a 16:30,Dos de Mayo N¯ 185
412,HUANUCO,LEONCIO PRADO,JOSê CRESPO Y CASTILLO,15.- HUANUCO,PAP JOSE CRESPO Y CASTILLO,OPERATIVO,08:45 a 16:45,Maria Parado de Bellido S/N Cuadra 4
413,HUANUCO,LAURICOCHA,BA•OS,15.- HUANUCO,AG BA•OS,OPERATIVO,08:45 a 16:45,Libertad S/N
414,PASCO,PASCO,YANACANCHA,15.- HUANUCO,AG PASCO,OPERATIVO,08:45 a 16:45,"Centro Comercial ""Sector Dos de San Juan Pampa Edif. 4 Tienda 3 San Juan-Yanacancha"
415,PASCO,DANIEL ALCIDES CARRION,YANAHUANCA,15.- HUANUCO,PAP DANIEL ALCIDES CARRI‡N,OPERATIVO,08:45 a 16:45,Jorge Chavez S/N Plaza Principal
416,PASCO,OXAPAMPA,OXAPAMPA,15.- HUANUCO,PAP OXAPAMPA,OPERATIVO,08:45 a 16:45,Huancabamba S/N Mz. 162 Estadio Municipal Oxapampa
417,SAN MARTIN,TOCACHE,UCHIZA,15.- HUANUCO,AG UCHIZA,OPERATIVO,08:45 a 16:45,Atahualpa N¯ 920
418,PASCO,OXAPAMPA,PALCAZÈ,15.- HUANUCO,AG PALCAZU,OPERATIVO,08:45 a 16:45,Juan Santos Atahualpa Mz. U Lt. 01
419,SAN MARTIN,TOCACHE,TOCACHE,15.- HUANUCO,PAP TOCACHE,OPERATIVO,08:45 a 16:45,San Juan Cdra 7 S/N Centro C°vico
420,HUANUCO,HUANUCO,CHINCHAO,15.- HUANUCO,ORA ACOMAYO,OPERATIVO,08:45 a 16:30,Iguarizo S/N Mz. 6 Lt. 02
421,SAN MARTIN,TOCACHE,TOCACHE,15.- HUANUCO,ORA HOSPITAL DE TOCACHE,OPERATIVO,08:45 a 16:30,Ricardo Palma N¯ 550
422,HUANUCO,HUANUCO,SANTA MARIA DEL VALLE,15.- HUANUCO,ORA SANTA MARIA DEL VALLE,OPERATIVO,08:45 a 16:30,Libertad  S/N Intersecci¢n Carretera Central 
423,HUANUCO,HUANUCO ,AMARILIS ,15.- HUANUCO,ORA CARLOS SHOWING FERRARI,OPERATIVO,08:45 a 16:30,Micaela Bastidas S/N Paucarbamba 
424,PASCO,OXAPAMPA,OXAPAMPA,15.- HUANUCO,ORA HOSPITAL ERNESTO GERMAN GUZMAN GONZALES,OPERATIVO,08:45 a 16:30,Eduardo Loechle S/N - Chontabamba
425,HUANUCO,HUANUCO,HUANUCO,15.- HUANUCO,MAC - HUANUCO,OPERATIVO,08:30 a 16:30,"Independencia N¯ 1601, Centro Comercial Real Plaza, Primer Piso"
426,AMAZONAS,CHACHAPOYAS,CHACHAPOYAS,16.- AMAZONAS,OR CHACHAPOYAS,OPERATIVO,08:45 a 16:45,Triunfo Nß 903 1¯ Piso
427,AMAZONAS,BAGUA,BAGUA,16.- AMAZONAS,PAP BAGUA,OPERATIVO,08:45 a 16:45,Los Cedros Nß 263
428,AMAZONAS,BONGARA,JAZAN,16.- AMAZONAS,AG BONGARA,OPERATIVO,08:45 a 16:45,Marginal  Nß 100 -Pedro Ru°z
429,AMAZONAS,LUYA ,LAMUD,16.- AMAZONAS,AG LUYA,OPERATIVO,08:45 a 16:45,Garcilazo de la Vega N¯ 328
430,AMAZONAS,RODRIGUEZ DE MENDOZA,SAN NICOLµS,16.- AMAZONAS,AG RODRIGUEZ DE MENDOZA,OPERATIVO,08:45 a 16:45,Victor Mori N¯ 204
431,AMAZONAS,CONDORCANQUI,NIEVA,16.- AMAZONAS,PAP CONDORCANQUI,OPERATIVO,08:45 a 16:45,Gonzalo puerta S/N
432,AMAZONAS,UTCUBAMBA,BAGUA GRANDE,16.- AMAZONAS,PAP UTCUBAMBA,OPERATIVO,08:45 a 16:45,Sim¢n Bolivar N¯ 545
433,CAJAMARCA,JAEN,JAEN,16.- AMAZONAS,OR JAEN,OPERATIVO,08:45 a 16:45,Mariscal Ureta Nß 915
434,CAJAMARCA,SAN IGNACIO,SAN IGNACIO,16.- AMAZONAS,PAP SAN IGNACIO,OPERATIVO,08:45 a 16:45,Santo Domingo Nß 169
435,AMAZONAS,BAGUA,IMAZA,16.- AMAZONAS,OR IMAZA,OPERATIVO,08:45 a 16:45,Awajun S/N Plaza de Armas
436,AMAZONAS,CHACHAPOYAS,CHACHAPOYAS,16.- AMAZONAS,ORA HOSPITAL REGIONAL VIRGEN DE FATIMA,OPERATIVO,08:45 a 16:30,Daniel Alcides Carri¢n N¯ 035
437,AMAZONAS,BAGUA,BAGUA,16.- AMAZONAS,ORA HOSPITAL DE APOYO GUSTAVO LANATTA LUJAN,OPERATIVO,08:45 a 16:45,HÇroes de Cenepa N¯980
438,CAJAMARCA,JAEN,JAEN,16.- AMAZONAS,ORA HOSPITAL GENERAL DE JAEN,OPERATIVO,08:45 a 16:30,Huamantanga s/n
439,AMAZONAS,BAGUA,IMAZA,16.- AMAZONAS,ORA CHIRIACO,OPERATIVO,08:45 a 17:45,Junin S/N
440,AMAZONAS,UTCUBAMBA,BAGUA GRANDE,16.- AMAZONAS,ORA HOSPITAL DE APOYO SANTIAGO APOSTOL DE UTCUBAMBA,OPERATIVO,08:45 a 16:30,San Felipe Santiago N¯111
441,CAJAMARCA,SAN IGNACIO,SAN IGNACIO,16.- AMAZONAS,ORA SAN IGNACIO,OPERATIVO,08:45 a 16:30,"Abelardo Qui§ones S/N, Sector Santiago"
442,AMAZONAS,BONGARA,FLORIDA,16.- AMAZONAS,ORA POMACOCHAS,OPERATIVO,08:45 a 16:30,Pomacochas S/Nˇ
443,CAJAMARCA,JAEN,PUCARA,16.- AMAZONAS,PAP PUCARA,OPERATIVO,08:45 a 16:45,Lindo 548
444,AMAZONAS,CONDORCANQUI,NIEVA,16.- AMAZONAS,ORA SANTA MARIA DE NIEVA,OPERATIVO,08:45 a 17:45,"Javier PÇrez de Cuellar S/N 
Mz. N Lt. 03 Asent.Humano HÇctor Peas Tsegkuan"
445,AMAZONAS,UTCUBAMBA,LONYA GRANDE,16.- AMAZONAS,ORA LONYA GRANDE,OPERATIVO,08:45 a 16:45,Alto Amazonas 340
446,AMAZONAS,CONDORCANQUI,RIO SANTIAGO,16.- AMAZONAS,ORA GALILEA,OPERATIVO,08:45 a 17:45,La Amistad S/N
