DEPARTAMENTO;PROVINCIA;DISTRITO;NOMBRE LOCAL;ESTADO DE REINICIO DE OPERACIONES;HORARIO DE ATENCIÓN AL PUBLICO; DIRECCION 
LAMBAYEQUE;CHICLAYO;CHICLAYO;ORA HOSPITAL REGIONAL DOCENTE LAS MERCEDES;OPERATIVO;08:45 a 16:30;Avenida Luis Gonzáles  Nº 635
LAMBAYEQUE;CHICLAYO;CHICLAYO;ORA HOSPITAL ALMANZOR AGUINAGA ASENJO;OPERATIVO;08:45 a 16:30;Plaza Plaza de la Seguridad Social S/N
PIURA;SULLANA;SULLANA;ORA HOSPITAL DE APOYO II-SULLANA;OPERATIVO;08:45 a 16:30;Avenida Santa Rosa S/N
CAJAMARCA;CUTERVO;CUTERVO;PAP CUTERVO;OPERATIVO;08:45 a 16:45;Calle Jr. Comercio N° 1103 Mz. 203 Lt. 14-Urb. Los Jardines 
CAJAMARCA;CHOTA;CHOTA;AG CHOTA;OPERATIVO;08:45 a 16:45;Jirón Jr. 30 de Agosto N° 848
CAJAMARCA;SANTA CRUZ;SANTA CRUZ;PAP SANTA CRUZ;OPERATIVO;08:45 a 16:30;Jirón Domingo Negrón Nº 399
LAMBAYEQUE;CHICLAYO;JOSE LEONARDO ORTIZ;OR JOSÉ LEONARDO ORTIZ;OPERATIVO;08:45 a 16:45;Calle Cacique Cinto Nº 317 Urb. Latina
PIURA;AYABACA;FRÍAS;OR FRIAS;OPERATIVO;08:45 a 16:30;Calle Lima Nº 235 - 2do piso
LAMBAYEQUE;CHICLAYO;CHICLAYO;OR CHICLAYO;OPERATIVO;08:45 a 16:45;Avenida Balta N° 680 y esquina con Av. Elias Aguirre
LAMBAYEQUE;FERREÑAFE;FERREÑAFE;PAP FERREÑAFE;OPERATIVO;08:45 a 16:45;Calle Tres Marías Nº 717 – B
LAMBAYEQUE;LAMBAYEQUE;LAMBAYEQUE;PAP LAMBAYEQUE;OPERATIVO;08:45 a 16:45;Avenida Huamachuco N° 342
CAJAMARCA;CUTERVO;CUTERVO;ORA SANTA MARIA DE CUTERVO;OPERATIVO;08:45 a 16:30;Jirón Ica S/N
CAJAMARCA;CHOTA;CHOTA;ORA HOSPITAL DE APOYO CHOTA - JOSE SOTO CADENILLAS;OPERATIVO;08:45 a 16:30;Jirón Ezequiel Montoya Nª 718
PIURA;PIURA;PIURA;OR PIURA;OPERATIVO;08:45 a 16:45;Calle Libertad Nº 568
PIURA;AYABACA;AYABACA;PAP AYABACA;OPERATIVO;08:45 a 16:30;Calle Bolognesi N° 181
PIURA;HUANCABAMBA;HUANCABAMBA;PAP HUANCABAMBA;OPERATIVO;08:45 a 16:30;- Complejo Terminal Terrestre S/N - Stand 14
PIURA;MORROPON;CHULUCANAS;AG CHULUCANAS;OPERATIVO;08:45 a 16:45;Jirón Jr. Cuzco N° 300
PIURA;PAITA;PAITA;PAP PAITA;OPERATIVO;08:45 a 16:30;Jirón San Martin S/N Plaza de Armas - Municipalidad de Paita
PIURA;SULLANA;SULLANA;OR SULLANA;OPERATIVO;08:45 a 16:45;Calle Leoncio Prado Nº 517 
PIURA;TALARA;PARIÑAS;AG TALARA;OPERATIVO;08:45 a 16:45;Avenida Mártires Petroleros B-3 Conjunto Habitacional - Talara
PIURA;SECHURA;SECHURA;PAP SECHURA;OPERATIVO;08:45 a 16:30;Calle Dos de Mayo Nº 618 - Plaza de Armas - Municipalidad de Sechura
PIURA;PIURA;TAMBO GRANDE;PAP TAMBOGRANDE;OPERATIVO;08:45 a 16:30;Calle Jr. Salitral Nº 241
PIURA;PIURA;PIURA;MAC - PIURA;OPERATIVO;08:30 a 16:30;Avenida Sanchez Cerro con Wiesse Centro Comercial Real Plaza
PIURA;PAITA;PAITA;ORA HOSPITAL LAS MERCEDES-PAITA;OPERATIVO;08:45 a 16:30;- Zona Industrial Sector II Mz. H Lt. 1 Jr. Los Pescadores S/N 
TUMBES;TUMBES;TUMBES;OR TUMBES;OPERATIVO;08:45 a 16:45;Avenida Tumbes Nº 550
TUMBES;CONTRALMIRANTE VILLAR;ZORRITOS;PANP CONTRALMIRANTE VILLAR - ZORRITOS;DESPLAZAMIENTO;08:45 a 16:45;Avenida Grau Nº 305
TUMBES;ZARUMILLA;ZARUMILLA;PAP ZARUMILLA;OPERATIVO;08:45 a 16:30;Avenida El Ejérrcito Nº 105 - Interior Biblioteca Municipal
LAMBAYEQUE;LAMBAYEQUE;OLMOS;PANP OLMOS;DESPLAZAMIENTO;08:45 a 16:30;Avenida A. B. Leguía/Calle Alfonso Ugarte
PIURA;PIURA;TAMBO GRANDE;ORA TAMBO GRANDE;OPERATIVO;08:45 a 16:30;Avenida Froilan Alama,, AA.HH.Froilan Alama
LAMBAYEQUE;LAMBAYEQUE;LAMBAYEQUE;ORA HOSPITAL PROVINCIAL DOCENTE BELEN-LAMBAYEQUE;OPERATIVO;08:45 a 16:30;Avenida Ramón Castilla Nº 597
TUMBES;TUMBES;TUMBES;ORA HOSPITAL REGIONAL JOSE ALFREDO MENDOZA OLAVARRIA JAMO II-2;OPERATIVO;08:45 a 16:30;Avenida 24 de Julio Nº 565 
PIURA;PIURA;CATACAOS;ORA CENTRO DE SALUD MATERNO INFANTIL-CATACAOS;OPERATIVO;08:45 a 16:30;Avenida Cayetano Heredia 1108 - Catacaos
PIURA;PIURA;Veintises de Octubre;ORA HOSPITAL DE LA AMISTAD PERU - COREA SANTA ROSA II-2;OPERATIVO;08:45 a 16:30;Avenida Prolongación Av. Grau/Av. Chulucanas 
LAMBAYEQUE;CHICLAYO;CHICLAYO;ORA HOSPITAL REGIONAL LAMBAYEQUE;OPERATIVO;08:45 a 16:30;Avenida Intersección de Carretera Panamerica Norte y Vía de Evitamiento S/N
LA LIBERTAD;TRUJILLO;TRUJILLO;ORA REGIONAL DOCENTE DE TRUJILLO;OPERATIVO;08:45 a 16:30;Avenida Mansiche Nº 795
CAJAMARCA;CAJAMARCA;CAJAMARCA;ORA REGIONAL CAJAMARCA;OPERATIVO;08:45 a 16:30;Jirón Larry Jhonson S/N Cdra. 8
LA LIBERTAD;TRUJILLO;TRUJILLO;ORA HOSPITAL BELEN DE TRUJILLO;OPERATIVO;08:45 a 16:30;Calle Bolívar Nº 350
CAJAMARCA;CAJAMARCA;CAJAMARCA;OR CAJAMARCA;OPERATIVO;08:45 a 16:45;Jirón Del Comercio Nº 633
CAJAMARCA;CAJABAMBA;CAJABAMBA;PAP CAJABAMBA;OPERATIVO;08:45 a 16:45;Jirón Miguel Grau Nº 224-226-228 Mz. 31 Lt. 2 
CAJAMARCA;CELENDIN;CELENDÍN;PAP CELENDIN;OPERATIVO;08:45 a 16:45;Jirón Pardo N° 610
CAJAMARCA;CONTUMAZA;CONTUMAZÁ;PAP CONTUMAZA;OPERATIVO;08:45 a 16:30;Jirón Miguel Grau Nº 212
CAJAMARCA;HUALGAYOC;BAMBAMARCA;PAP HUALGAYOC;OPERATIVO;08:45 a 16:45;Jirón 07 de Junio Nº 470
CAJAMARCA;SAN MIGUEL;SAN MIGUEL;PAP SAN MIGUEL;OPERATIVO;08:45 a 16:45;Jirón Bolognesi N° 364
CAJAMARCA;SAN MARCOS;PEDRO GÁLVEZ;PAP SAN MARCOS;OPERATIVO;08:45 a 16:45;Jirón Jr. Alfonso Ugarte N° 325 (Mz. 46 Lt. 17 Centro Poblado San Marcos).
CAJAMARCA;SAN PABLO;SAN PABLO;PAP SAN PABLO;OPERATIVO;08:45 a 16:30;Jirón Plaza de Armas S/N
LA LIBERTAD;TRUJILLO;VICTOR LARCO HERRERA;OR TRUJILLO II;OPERATIVO;08:45 a 16:45;Avenida Víctor Larco N° 1096. Unidad 01, Local Comercial 01, Mz.05, Lte.01 AA.HH. Vista Alegre.
LA LIBERTAD;PATAZ;PARCOY;OR PARCOY;OPERATIVO;08:45 a 16:30;Jirón San Martín N° 859
LA LIBERTAD;TRUJILLO;TRUJILLO;OR TRUJILLO I;OPERATIVO;08:45 a 16:45;Avenida Pablo Casals Mz. A Lt. 6 Urb. Los Cedros
LA LIBERTAD;BOLIVAR;BOLÍVAR;PAP BOLIVAR;OPERATIVO;08:45 a 16:30;Jirón Bolivar S/N - Mz. 20 Lt. 8
LA LIBERTAD;SANCHEZ CARRION;HUAMACHUCO;AG SANCHEZ CARRION;OPERATIVO;08:45 a 16:45;Jirón Alfonso Ugarte N° 567
LA LIBERTAD;OTUZCO;OTUZCO;AG OTUZCO;OPERATIVO;08:45 a 16:45;Pasaje Pasaje Elías Armas Castillo Lt. 5-E1 Mz. 28
LA LIBERTAD;PACASMAYO;SAN PEDRO DE LLOC;AG PACASMAYO;OPERATIVO;08:45 a 16:45;Jirón Alianza Nº 524
LA LIBERTAD;PATAZ;TAYABAMBA;PAP PATAZ;OPERATIVO;08:45 a 16:30;Jirón Sucre 337 1er Piso Centro Civico
LA LIBERTAD;SANTIAGO DE CHUCO;SANTIAGO DE CHUCO;PAP SANTIAGO DE CHUCO;OPERATIVO;08:45 a 16:30;Calle Luis de La Puente Uceda  Nº 1120
LA LIBERTAD;ASCOPE;ASCOPE;PAP ASCOPE;OPERATIVO;08:45 a 16:45;Calle Miguel Grau N° 879, Ascope - 1er Piso
LA LIBERTAD;CHEPEN;CHEPÉN;PAP CHEPEN;OPERATIVO;08:45 a 16:45;Calle Calle Manuel Seoane  N° 136. Chepen
LA LIBERTAD;GRAN CHIMU;CASCAS;PAP GRAN CHIMU;OPERATIVO;08:45 a 16:30;Calle Progreso S/N Cdra. 3
LA LIBERTAD;VIRU;VIRU;PAP VIRU;OPERATIVO;08:45 a 16:45;-  Mz. A Lt. N° 08 Urb. Las Palmeras
CAJAMARCA;HUALGAYOC;BAMBAMARCA;ORA BAMBAMARCA - TITO VILLAR CABEZAS;OPERATIVO;08:45 a 16:30;Avenida Av. Ricardo Palma Nº 689
CAJAMARCA;CELENDIN;CELENDÍN;ORA DE APOYO CELENDIN;OPERATIVO;08:45 a 16:30;Avenida Túpac Amaru Cdra. 4
CAJAMARCA;CAJABAMBA;CAJABAMBA;ORA HOSPITAL NUESTRA SEÑORA DEL ROSARIO;OPERATIVO;08:45 a 16:30;Jirón La Torre N° 277
CAJAMARCA;SAN MARCOS;PEDRO GÁLVEZ;ORA SAN MARCOS;OPERATIVO;08:45 a 16:30;Avenida Av. 28 de Julio S/N Cdra.2
LA LIBERTAD;TRUJILLO;EL PORVENIR;OR EL PORVENIR;OPERATIVO;08:45 a 16:45;Jirón Gabriel Aguilar Nº 1657. 2do piso.
LA LIBERTAD;TRUJILLO;EL PORVENIR;OR ALTO TRUJILLO;OPERATIVO;08:45 a 16:45;- Centro Poblado Alto Trujillo-Barrio 3 Mz T Lt. 2
CAJAMARCA;CAJAMARCA;CAJAMARCA;ORA SIMON BOLIVAR;OPERATIVO;08:45 a 16:30;Avenida Mario Urteaga N° 500
LA LIBERTAD;PACASMAYO;GUADALUPE;ORA DE APOYO TOMÁS LAFORA;OPERATIVO PARCIAL;08:45 a 16:30;Calle La Victoria S/N
CAJAMARCA;CAJAMARCA;LOS BAÑOS DEL INCA;ORA BAÑOS DEL INCA;OPERATIVO;08:45 a 16:30;Jirón Pachacútec N° 489
LA LIBERTAD;TRUJILLO;LA ESPERANZA;ORA DISTRITAL JERUSALEN;OPERATIVO;08:45 a 16:30;Pasaje 1 Barrio 3 Mz. 20 Lt. 02 Sector Jerusalén
LA LIBERTAD;PATAZ;CHILLIA;AG CHILLIA;OPERATIVO;08:45 a 16:30;Jirón Miraflores S/N
LA LIBERTAD;SANTIAGO DE CHUCO;SANTIAGO DE CHUCO;ORA DE APOYO CESAR ABRAHAM VALLEJO MENDOZA;OPERATIVO;08:45 a 16:30;Calle Gustavo Pinillo S/N - Barrio San Cristobal
LA LIBERTAD;CHEPEN;CHEPEN;ORA DE APOYO CHEPEN;OPERATIVO;08:45 a 16:30;Avenida 28 de Julio S/N
LA LIBERTAD;SANCHEZ CARRION;HUAMACHUCO;ORA DE APOYO LEONCIO PRADO;OPERATIVO;08:45 a 16:30;Avenida 10 de Julio N° 209
LA LIBERTAD;OTUZCO;OTUZCO;ORA DE APOYO OTUZCO ELPIDIO BEROVIDES PEREZ;OPERATIVO;08:45 a 16:30;Calle Progreso N° 385
LA LIBERTAD;ASCOPE;PAIJAN;ORA PAIJAN;OPERATIVO;08:45 a 16:30;Carretera Vía Panamericana S/N Sector Manco Capac
CAJAMARCA;CAJAMARCA;CAJAMARCA;MAC - CAJAMARCA;OPERATIVO;08:30 a 16:30;Avenida Via De Evitamiento. Jr. El Mutuy y Av. La Cantuta - Cajamarca - Centro Comercial Real Plaza 2do. Piso
LA LIBERTAD;TRUJILLO;TRUJILLO;MAC LA LIBERTAD;OPERATIVO;08:30 a 16:30;"Avenida Centro Comercial Real Plaza de Trujillo -Fundo Las Casuarinas, Sub Lote predio A; Intersección , Av. Fátima 1345, Trujillo, La Libertad"
SAN MARTIN;SAN MARTIN;TARAPOTO;ORA HOSPITAL TARAPOTO;OPERATIVO;08:45 a 16:30;Jirón Angel Delgado Morey Nº 503
LORETO;DATEM DEL MARAÑON;BARRANCA;PAP DATEM DEL MARAÑON;OPERATIVO;08:45 a 16:45;Calle Tigre Mz. 31 Lt. 08 - San Lorenzo
SAN MARTIN;RIOJA;NUEVA CAJAMARCA;AG NUEVA CAJAMARCA;OPERATIVO;08:45 a 16:45;Carretera  Fernando Belaunde Terry Altura del Km. 447.50 
LORETO;ALTO AMAZONAS;YURIMAGUAS;AG ALTO AMAZONAS;OPERATIVO;08:45 a 16:45;Calle Mariscal Castilla N° 411
SAN MARTIN;MOYOBAMBA ;MOYOBAMBA;ORA HOSPITAL MOYOBAMBA;OPERATIVO;08:45 a 16:30;Jirón Grau cuadra 4
SAN MARTIN;MOYOBAMBA ;MOYOBAMBA;AG MOYOBAMBA;OPERATIVO;08:45 a 16:45;Jirón Dos de Mayo Mz. 1530 Lt. 14 (837)
SAN MARTIN;HUALLAGA;SAPOSOA;AG HUALLAGA;OPERATIVO;08:45 a 16:45;Jirón Lima N° 591
SAN MARTIN;LAMAS;LAMAS;AG LAMAS;OPERATIVO;08:45 a 16:45;Jirón San Martín N° 984
SAN MARTIN;MARISCAL CACERES;JUANJUI;AG MARISCAL CACERES;OPERATIVO;08:45 a 16:45;Jirón Eduardo Peña Meza N° 772 
SAN MARTIN;RIOJA;RIOJA;OR RIOJA;OPERATIVO;08:45 a 16:45;Jirón Angaiza N° 530
SAN MARTIN;SAN MARTIN ;TARAPOTO;OR TARAPOTO;OPERATIVO;08:45 a 16:45;Jirón Jiménez Pimentel N° 280 
SAN MARTIN;BELLAVISTA;BELLAVISTA;AG BELLAVISTA;OPERATIVO;08:45 a 16:45;Jirón Huallaga - Iquitos Mz. 7 Lt. 27 - A.  1er. Piso
SAN MARTIN;PICOTA;PICOTA;AG PICOTA;OPERATIVO;08:45 a 16:45;Jirón Simón Bolívar, cuadra 4
LORETO;DATEM DEL MARAÑON;BARRANCA;ORA SAN LORENZO - NUCLEO BASE;OPERATIVO;08:45 a 16:30;Barrio Daniel Alcides Carrión S/N - Barrio Huacachina
SAN MARTIN;SAN MARTIN ;LA BANDA DE SHILCAYO;AG LA BANDA DE SHILCAYO;OPERATIVO;08:45 a 16:45;Jirón Yurimaguas N° 340
SAN MARTIN;MARISCAL CACERES;JUANJUI;ORA HOSPITAL JUANJUI;OPERATIVO;08:45 a 16:30;Jirón Arica N° 205
SAN MARTIN;RIOJA;RIOJA;ORA HOSPITAL DE RIOJA;OPERATIVO;08:45 a 16:30;Jirón Túpac Amaru S/N
LORETO;MAYNAS;PUNCHANA;"ORA HOSPITAL REGIONAL DE LORETO ""FELIPE ARRIOLA IGLESIAS""";OPERATIVO;08:45 a 16:30;Avenida 28 de Julio S/N
LORETO;MAYNAS;IQUITOS;"ORA HOSPITAL IQUITOS ""CESAR GARAYAR GARCIA""";OPERATIVO;08:45 a 16:30;Calle Libertad cuadra 4
LORETO;MAYNAS;BELÉN;OR BELEN;OPERATIVO;08:45 a 16:30;Calle Miraflores S/N P. J. 09 de Octubre
LORETO;MAYNAS;TENIENTE MANUEL CLAVERO;PAP SOPLIN VARGAS;OPERATIVO;08:45 a 16:30;Avenida Plaza de Armas S/N 28 de Julio
LORETO;MAYNAS;IQUITOS;OR IQUITOS;OPERATIVO;08:45 a 16:45;Jirón Próspero Nº 201
LORETO;LORETO;NAUTA;PAP NAUTA;OPERATIVO;08:45 a 16:30;Avenida Grau Nº 305 Centro
LORETO;REQUENA;REQUENA;PAP REQUENA;OPERATIVO;08:45 a 16:30;Calle San Antonio S/N Anexo Hotel Municipal
LORETO;MARISCAL RAMON CASTILLA;RAMON CASTILLA;PAP MARISCAL RAMON CASTILLA - CABALLOCOCHA;OPERATIVO;08:45 a 16:30;Calle Ayacucho Mz. 22 Lt. 4 C con Amazonas S/N - Local Municipal
LORETO;MAYNAS;SAN JUAN BAUTISTA;OR SAN JUAN BAUTISTA;OPERATIVO;08:45 a 16:30;Avenida Abelardo Quiñones Nº 2371 Km. 2.5 
LORETO;MARISCAL RAMON CASTILLA;YAVARI;PAP YAVARI;OPERATIVO;08:45 a 16:30;Pasaje Dos de Julio S/N Local Municipal
LORETO;MAYNAS;PUTUMAYO;PAP PUTUMAYO;OPERATIVO;08:45 a 16:30;Calle LOCAL MUNICIPAL
LORETO;MAYNAS;PUNCHANA;PAP PUNCHANA;OPERATIVO;08:45 a 16:30;Calle Trujillo esquina con Calle Cusco, cuadra 5
LORETO;REQUENA;REQUENA;ORA REQUENA;OPERATIVO;08:45 a 16:30;Calle Mártires del Petroléo S/N - Malecon Grau
LORETO;MARISCAL RAMON CASTILLA;RAMON CASTILLA;ORA CABALLOCOCHA;OPERATIVO;08:45 a 16:30;Calle Progreso N° 425
LORETO;MAYNAS;PUNCHANA;MAC - LORETO;OPERATIVO;08:30 a 16:30;Avenida La Marina Nº  1338
ANCASH;SANTA;CHIMBOTE;OR SANTA;OPERATIVO;08:45 a 16:45;Jirón Jr. Enrique Palacios Nº 504-506 esquina con Jr. Ladislao Espinar Nº 401
ANCASH;SANTA;NUEVO CHIMBOTE;AG NUEVO CHIMBOTE;OPERATIVO;08:45 a 16:45;- Mz. 74-75 Lt. 1 del Centro Cívico de la Municipalidad Distrital de Nuevo Chimbote 
ANCASH;HUARAZ;HUARAZ;AG HUARAZ;OPERATIVO;08:45 a 16:45;"Jirón José Larrea y Laredo N° 764,Mz. ""C"" Lote 6, Zona Central y Comercial - Huaraz"
ANCASH;HUAYLAS;CARAZ;AG HUAYLAS;OPERATIVO;08:45 a 16:45;Jirón Jr. Raimondi N° 215 - Caraz
ANCASH;HUARI;HUARI;AG HUARI;OPERATIVO;08:45 a 16:45;Jirón Libertad Mz P2 Lote 003
ANCASH;POMABAMBA;POMABAMBA;AG POMABAMBA;OPERATIVO;08:45 a 16:45;Jirón Huaraz No. 691 - Pomabamba
ANCASH;SIHUAS;SIHUAS;AG SIHUAS;OPERATIVO;08:45 a 16:45;Jirón Jr. Gomes Arias N° 104
ANCASH;CASMA;CASMA;PAP CASMA;OPERATIVO;08:45 a 16:45;- Lote 13, Manzana C,  Zona Centro Civico, Pasaje Hijuela 
ANCASH;HUARMEY;HUARMEY;PAP HUARMEY;OPERATIVO;08:45 a 16:45;- 1er. Pabellón de Centro Civico S/N - Huarmey
ANCASH;RECUAY;RECUAY;PAP RECUAY;OPERATIVO;08:45 a 16:45;Calle Plaza de Armas Nº 180 Municipalidad Distrital de Recuay
ANCASH;CARHUAZ;CARHUAZ;PAP CARHUAZ;OPERATIVO;08:45 a 16:45;Avenida La Merced Nº 1006  con Jirón Brasil Lote 7 de la Manzana  P1, Sector Independencia
ANCASH;YUNGAY;YUNGAY;PAP YUNGAY;OPERATIVO;08:45 a 16:45;Avenida Av. Arias Grazziani Lt 1-2 Centro Civico Municipalidad Provincial Yungay
ANCASH;CARLOS FERMIN FITZCARRALD;SAN LUÍS;PAP CARLOS FERMÍN FITZCARRALD;OPERATIVO;08:45 a 16:45;Avenida Ramón Castilla N° 320 - 1er. piso Centro Civico de la Municipalidad Provincial de Carlos Fermin Fitscarrald
ANCASH;MARISCAL LUZURIAGA;PISCOBAMBA;PAP MARISCAL LUZURIAGA;OPERATIVO;08:45 a 16:45;Jirón San Pablo S/N - Plaza de Armas de Piscobamba
ANCASH;SANTA;CHIMBOTE;ORA LA CALETA;OPERATIVO;08:45 a 16:30;Avenida Malecon Grau S/N La Caleta
ANCASH;SANTA;CHIMBOTE;ORA HOSPITAL ESSALUD III CHIMBOTE;OPERATIVO;08:45 a 16:30;Avenida Circunvalación Nº 119 Urb. Laderas del Norte
ANCASH;SANTA;CHIMBOTE;ORA MATERNIDAD DE MARÍA;OPERATIVO;08:45 a 16:30;Avenida Meiggs 2071 P. Joven Miraflores Alto
ANCASH;SANTA;NUEVO CHIMBOTE;ORA ELEAZAR GUZMÁN BARRÓN;OPERATIVO;08:45 a 16:30;Avenida Brasil S/N Urb. Santa Cristina
ANCASH;HUARAZ;HUARAZ;ORA VÍCTOR RAMOS GUARDIA;OPERATIVO;08:45 a 16:30;Avenida Mariscal Luzuriaga S/N Cdra 01 intercepción con Jr. Pedro Villon cdra 10
ANCASH;HUAYLAS;CARAZ;ORA HOSPITAL DE APOYO CARAZ;OPERATIVO;08:45 a 16:30;Avenida 9 de Octubre S/N
ANCASH;HUARI;HUARI;ORA HUARI;OPERATIVO;08:45 a 16:30;Avenida Circunvalación Baja S/N
ANCASH;PALLASCA;PAMPAS;AG PAMPAS;DESPLAZAMIENTO;08:45 a 16:45;Calle Plaza de Armas S/N - Municipalidad Distrital de Pampas - 1er piso
ANCASH;CORONGO;CORONGO;PANP CORONGO;DESPLAZAMIENTO;08:45 a 16:45;Jirón Jr. Grau N° 206, primer piso de la Municipalidad Provincial de Corongo
ANCASH;PALLASCA;CABANA;PANP PALLASCA;DESPLAZAMIENTO;08:45 a 16:45;Avenida Av. Plaza de Armas N° 103, primer piso de la Municipalidad Provincial de Pallasca
ANCASH;AIJA;AIJA;PANP AIJA;DESPLAZAMIENTO;08:45 a 16:45;Jirón Jr. Gavino Uribe S/N Plaza de Armas, 1er piso de la Municipalidad Provincial de Aija
ANCASH;BOLOGNESI;CHIQUIAN;PANP BOLOGNESI;DESPLAZAMIENTO;08:45 a 16:45;Jirón Jr. Tacna 320, primer piso del Centro Cívico de la Municipalidad Distrital de Chiquian
ANCASH;YUNGAY;YANAMA;AG YANAMA;DESPLAZAMIENTO;08:45 a 16:45;Jirón Jr. Gran Chavín 2da cuadra S/N
ANCASH;MARISCAL LUZURIAGA;LLUMPA;PANP LLUMPA;DESPLAZAMIENTO;08:45 a 16:45; Plaza de Armas S/N
ANCASH;ASUNCION;CHACAS;PANP ASUNCIÓN;DESPLAZAMIENTO;08:45 a 16:45;Jirón Jr. Atusparia S/N, esquina con Jr. Lima
ANCASH;HUARI;CHAVIN DE HUANTAR;PANP CHAVÍN DE HUANTAR;DESPLAZAMIENTO;08:45 a 16:45;Jirón Jr. San Martin S/N, 1er piso del Centro Cívico de la Municipalidad Distrital de Chavin de Huantar
ANCASH;HUARI;SAN MARCOS;PANP SAN MARCOS ;DESPLAZAMIENTO;08:45 a 16:45;Jirón Jr. Progreso 332, Plaza de Armas de San Marcos
ANCASH;HUACAYBAMBA;HUACAYBAMBA;PANP HUACAYBAMBA;DESPLAZAMIENTO;08:45 a 16:45;Avenida Av. El Ejercito S/N Barrio San Pedro, 1er piso Centro Civico de la Municipalidad Provincial de Huacaybamba
ANCASH;ANTONIO RAIMONDI;LLAMELLIN;PANP ANTONIO RAIMONDI;DESPLAZAMIENTO;08:45 a 16:45;Jirón Jr. Simón Bolívar N° 229
ANCASH;HUARI;UCO;PANP UCO;DESPLAZAMIENTO;08:45 a 16:45;Jirón Jr. Nicolas de Piérola S/N, Plaza de Armas, Municipalidad Distrital de Uco
JUNIN;SATIPO;PANGOA;PAP PANGOA;OPERATIVO;08:45 a 16:30;Calle 07 de Junio Nº 641 Plaza Principal Centro Civico
JUNIN;HUANCAYO;HUANCAYO;"ORA REGIONAL DOCENTE MATERNO INFANTIL ""EL CARMEN""";OPERATIVO;08:45 a 16:30;Jirón Puno Nº 911
JUNIN;SATIPO;MAZAMARI;PAP MAZAMARI;OPERATIVO;08:45 a 16:30;Avenida San Juan N° 353
JUNIN;HUANCAYO;EL TAMBO;OR HUANCAYO;OPERATIVO;08:45 a 16:45;Avenida Mariscal Castilla N° 1801 Cruce con Jr. Aguirre Morales - El Tambo
JUNIN;CONCEPCION;CONCEPCIÓN;PAP CONCEPCIÓN;OPERATIVO;08:45 a 16:30;Jirón Ricardo Palma S/N Mercado Modelo Interior 1 
JUNIN;JAUJA;JAUJA;PAP JAUJA;OPERATIVO;08:45 a 16:30;Jirón Sucre N° 889
JUNIN;JUNIN;JUNIN;PAP JUNIN;DESPLAZAMIENTO;08:45 a 16:30;Jirón Simón Bolivar N° 820
JUNIN;TARMA;TARMA;AG TARMA;OPERATIVO;08:45 a 16:45;Jirón Arequipa Nº 939
JUNIN;YAULI;SANTA ROSA DE SACCO;PAP YAULI;OPERATIVO;08:45 a 16:30;Avenida Miguel Grau N° 309
JUNIN;SATIPO;SATIPO;PAP SATIPO;OPERATIVO;08:45 a 16:45;Avenida Micaela Bastidas y Jr. Augusto B. Leguia Centro Civico 
JUNIN;CHANCHAMAYO;LA MERCED;AG CHANCHAMAYO;OPERATIVO;08:45 a 16:45;Prolongación Tarma Nº 236
JUNIN;CHUPACA;CHUPACA;PAP CHUPACA;OPERATIVO;08:45 a 16:30;Jirón Grau N° 195 - Centro Cívico
JUNIN;CHANCHAMAYO;PICHANAQUI;PAP PICHANAQUI;OPERATIVO;08:45 a 16:45;Jirón Independencia S/N Coliseo Municipal
JUNIN;TARMA;TARMA;ORA DE APOYO FELIX MAYORCA SOTO;DESPLAZAMIENTO;08:45 a 16:30;Avenida Pacheco Nº 362
JUNIN;JAUJA ;JAUJA ;ORA HOSPITAL DOMINGO OLAVEGOYA;DESPLAZAMIENTO;08:45 a 16:30;Jirón San Martín Nº 1153 Urb. Olavegoya 
JUNIN;CHANCHAMAYO ;PICHANAQUI;ORA HOSPITAL DE APOYO PICHANAQUI;OPERATIVO;08:45 a 16:30;Avenida San Martín S/N Pichanaki
JUNIN;HUANCAYO;HUANCAYO;ORA LA LIBERTAD;DESPLAZAMIENTO;08:45 a 16:30;Jirón HUANCAS 695
JUNIN;HUANCAYO;EL TAMBO;ORA HOSPITAL NACIONAL RAMIRO PRIALE;DESPLAZAMIENTO;08:45 a 16:30;Avenida AV. INDEPENDENCIA Nº 266
JUNIN;HUANCAYO;CHILCA;ORA CHILCA;DESPLAZAMIENTO;08:45 a 16:30;Jirón HUMBOLT 900
AYACUCHO;HUAMANGA;AYACUCHO;"ORA HOSPITAL REGIONAL DE AYACUCHO ""MIGUEL ANGEL MARISCAL LLERENA""";OPERATIVO;08:45 a 16:30;Jirón Av.Daniel Alcides Carrión S/N - 2da cuadra.
AYACUCHO;LA MAR;AYNA;PAP AYNA -SAN FRANCISCO;OPERATIVO;08:45 a 16:45;Avenida 28 de Julio S/N San Francisco
AYACUCHO;HUAMANGA;AYACUCHO;OR HUAMANGA;OPERATIVO;08:45 a 16:45;Jirón San Martin Nº 473, 475, 477 y 477A
AYACUCHO;CANGALLO;CANGALLO;PAP CANGALLO;OPERATIVO;08:45 a 16:45;Jirón Maria Parado de Bellido Nº 205
AYACUCHO;HUANTA;HUANTA;AG HUANTA;OPERATIVO;08:45 a 16:45;Jirón Ayacucho N° 305
AYACUCHO;LA MAR;SAN MIGUEL;PAP LA MAR;OPERATIVO;08:45 a 16:45;Jirón Maria Parado de Bellido S/N 
AYACUCHO;VICTOR FAJARDO;HUANCAPI;PAP VICTOR FAJARDO;OPERATIVO;08:45 a 16:45;- Plaza Principal Nº 127
AYACUCHO;HUANCA SANCOS;SANCOS;PAP HUANCASANCOS;OPERATIVO;08:45 a 16:45;Avenida Progreso S/N Consejo Provincial de Huanca Sancos
AYACUCHO;VILCAS HUAMAN;VILCAS HUAMAN;PAP VILCASHUAMAN;OPERATIVO;08:45 a 16:45;Avenida Los Incas Nº 318
AYACUCHO;SUCRE;QUEROBAMBA;PAP SUCRE;OPERATIVO;08:45 a 16:45;Jirón San Martin S/N  Plaza de Armas Consejo Provincial de Sucre
AYACUCHO;HUANTA;HUANTA;"ORA HOSPITAL DE APOYO HUANTA ""DANIEL ALCIDES CARRION""";OPERATIVO;08:45 a 16:30;Avenida Mariscal Castilla Nº 628
AYACUCHO;LA MAR;SAN MIGUEL;ORA SAN MIGUEL;OPERATIVO;08:45 a 16:30;Avenida Ramon Castilla s/n
AYACUCHO;CANGALLO;CANGALLO;ORA HOSPITAL DE APOYO CANGALLO;OPERATIVO;08:45 a 16:30;Jirón Santa Rosa N° 110
CUSCO;LA CONVENCION;PICHARI;PAP PICHARI;OPERATIVO;08:45 a 16:45;Avenida BRASIL S/N
APURIMAC;CHINCHEROS;CHINCHEROS;PAP CHINCHEROS;OPERATIVO;08:45 a 16:45;Jirón COTABAMBAS N° 121
AYACUCHO;LA MAR;SAMUGARI;PAP SAMUGARI -PALMAPAMPA;OPERATIVO;08:45 a 16:45;Jirón Los Laureles S/N – Palmapampa Distrital de Samugari
AYACUCHO;LA MAR;TAMBO;ORA TAMBO;OPERATIVO;08:45 a 16:30;Jirón Lima s/n
AYACUCHO;HUAMANGA;JESUS NAZARENO;ORA HOSPITAL DE APOYO JESUS NAZARENO;OPERATIVO;08:45 a 16:30;Jirón Ciro Alegría Nº 547
AYACUCHO;VILCAS HUAMAN;VILCAS HUAMAN;ORA VILCASHUAMAN;OPERATIVO;08:45 a 16:30;Avenida Vilcasraymi S/N
APURIMAC;ANDAHUAYLAS;TALAVERA;OR ANDAHUAYLAS;OPERATIVO;08:45 a 16:45;Jirón Amauta N° 311
APURIMAC;CHINCHEROS;ANCCO HUALLO;ORA  CENTRO DE SALUD URIPA ;OPERATIVO;08:45 a 16:30;Avenida  Túpac Amaru S/N – URIPA
APURIMAC;ANDAHUAYLAS;ANDAHUAYLAS;ORA HOSPITAL REGIONAL DOCENTE  HUGO PESCE PESCETTO ANDAHUAYLAS ;OPERATIVO;08:45 a 16:30;Avenida Hugo Pesce Pesceto S/N
AYACUCHO;HUANTA;SIVIA;ORA HOSPITAL DE APOYO DE SIVIA;OPERATIVO;08:45 a 16:30;Jirón Gervacio Santillana S/N
CUSCO;LA CONVENCION;KIMBIRI;ORA CENTRO DE SALUD SAN JUAN DE KIMBIRI;OPERATIVO;08:45 a 16:30;Avenida Aeropuerto S/N
CUSCO;LA CONVENCION;PICHARI;ORA HOSPITAL DE APOYO PICHARI;OPERATIVO;08:45 a 16:30;Jirón Amazonas s/n
APURIMAC;CHINCHEROS;CHINCHEROS;ORA HOSPITAL DE APOYO CHINCHEROS;OPERATIVO;08:45 a 16:30;Avenida Fernando Belaunde Terry S/N
AYACUCHO;CANGALLO;LOS MOROCHUCOS;ORA PAMPA CANGALLO;OPERATIVO;08:45 a 16:30;Avenida María Arguedas S/N
AREQUIPA;AREQUIPA;AREQUIPA;ORA HOSPITAL REGIONAL HONORIO DELGADO ESPINOZA;OPERATIVO;08:45 a 16:30;Avenida Daniel Alcides Carrión N° 505
TACNA;TACNA;TACNA;ORA TACNA;OPERATIVO;08:45 a 16:30;Calle Blondel S/N
AREQUIPA;AREQUIPA;AREQUIPA;OR AREQUIPA;OPERATIVO;08:45 a 16:45;Calle San Juan de Dios N° 122 y Santo Domingo N° 101
AREQUIPA;CAYLLOMA;CHIVAY;PAP CAYLLOMA;OPERATIVO;08:45 a 16:45;Calle Siglo XX S/N
AREQUIPA;CAMANA;CAMANA;AG CAMANA;OPERATIVO;08:45 a 16:45;Avenida Mariscal Castilla N° 221
AREQUIPA;CARAVELI;CARAVELÍ;PAP CARAVELI;OPERATIVO;08:45 a 16:45;Jirón Bolivar S/N
AREQUIPA;CASTILLA;APLAO;PAP CASTILLA;OPERATIVO;08:45 a 16:45;Calle Progreso S/N
AREQUIPA;CONDESUYOS;CHUQUIBAMBA;PAP CONDESUYOS;OPERATIVO;08:45 a 16:45;Avenida Alameda S/N - Los Tres Errantes
AREQUIPA;ISLAY;MOLLENDO;AG ISLAY;OPERATIVO;08:45 a 16:45;Calle Arequipa Nº 261 
AREQUIPA;LA UNION;COTAHUASI;PAP LA UNION;OPERATIVO;08:45 a 16:45;Calle Centenario N° 202 - Cotahuasi
MOQUEGUA;MARISCAL NIETO;MOQUEGUA;ORA HOSPITAL REGIONAL MOQUEGUA;OPERATIVO;08:45 a 16:30;Avenida Simón Bolívar N° 505
MOQUEGUA;MARISCAL NIETO;MOQUEGUA;AG MARISCAL NIETO;OPERATIVO;08:45 a 16:45;Calle Lima Nº 676
MOQUEGUA;ILO;ILO;AG ILO;OPERATIVO;08:45 a 16:45;Jirón Ayacucho N° 529
AREQUIPA;CAYLLOMA;MAJES;AG MAJES;OPERATIVO;08:45 a 16:45;Avenida Arequipa S/N - Tienda 06 del Estadio Almirante Miguel Grau - Pedregal
AREQUIPA;AREQUIPA;CAYMA;AG CAYMA;OPERATIVO;08:45 a 16:45;Avenida Ramón Castilla S/N - Estadio La Tomilla
TACNA;TACNA;TACNA;AG TACNA;OPERATIVO;08:45 a 16:45;Calle Deustua Nº 173
AREQUIPA;AREQUIPA;AREQUIPA;ORA HOSPITAL III GOYENECHE;OPERATIVO;08:45 a 16:30;Avenida Goyeche N° 100
AREQUIPA;CAMANA;CAMANA;ORA HOSPITAL DE CAMANA;OPERATIVO;08:45 a 16:30;Avenida Lima 550
AREQUIPA;AREQUIPA;PAUCARPATA;MAC - AREQUIPA;OPERATIVO;08:30 a 16:30;Avenida Porongoche N° 500 Paucarpata - Centro Comercial Mall Aventura 
AREQUIPA;CAYLLOMA;MAJES;ORA HOSPITAL CENTRAL DE MAJES- ANGEL GABRIEL CHURA GALLEGOS;OPERATIVO;08:45 a 16:30;- Asentamiento B1 lote 1 Irrig. Majes
CUSCO;CUSCO;SANTIAGO;ORA ANTONIO LORENA DEL CUSCO;OPERATIVO;08:45 a 16:30;Calle Carlos Ugarte S/N Urb. Primavera Cuartel Agustín Gamarra
CUSCO;CUSCO;WANCHAQ;ORA HOSPITAL NACIONAL ADOLFO GUEVARA VELASCO;OPERATIVO;08:45 a 16:30;Avenida Ancelmo Alvarez S/N
APURIMAC;ABANCAY;ABANCAY;OR ABANCAY;OPERATIVO;08:45 a 16:45;Avenida La Victoria Nº 214
APURIMAC;AYMARAES;CHALHUANCA;PANP AYMARAES;DESPLAZAMIENTO;08:45 a 16:30;- Plaza de Armas S/N (Gobernatura De Chalhuanca)
APURIMAC;ANTABAMBA;ANTABAMBA;PANP ANTABAMBA;DESPLAZAMIENTO;08:45 a 16:30;- Plaza de Armas S / N
APURIMAC;COTABAMBAS;TAMBOBAMBA;PAP TAMBOBAMBA;OPERATIVO;08:45 a 16:30;Avenida Perú - Plaza de Armas S/N - 3er Piso
APURIMAC;GRAU;CHUQUIBAMBILLA;PANP GRAU;DESPLAZAMIENTO;08:45 a 16:30;- Plaza de Armas S / N
CUSCO;CUSCO;CUSCO;OR CUSCO;OPERATIVO;08:45 a 16:45;Avenida El Sol N° 272
CUSCO;ACOMAYO;ACOMAYO;PANP ACOMAYO;DESPLAZAMIENTO;08:45 a 16:30;- Plaza de Armas S/N
CUSCO;ANTA;ANTA ;PAP ANTA;OPERATIVO;08:45 a 16:30;Jirón Jaquijahuana  S / N, Izcuchaca
CUSCO;CALCA;CALCA;AG CALCA;OPERATIVO;08:45 a 16:45;- Plaza de Armas S/N
CUSCO;CANAS;YANAOCA;PAP CANAS;OPERATIVO;08:45 a 16:30;- Plaza de Armas S/N
CUSCO;CANCHIS;SICUANI;AG CANCHIS;OPERATIVO;08:45 a 16:45;Avenida Túpac Amaru N° 163
CUSCO;CHUMBIVILCAS;SANTO TOMAS;PAP CHUMBIVILCAS;OPERATIVO;08:45 a 16:30;Avenida Perú S / N (Ruedo de Toros)
CUSCO;ESPINAR;ESPINAR;PAP ESPINAR;OPERATIVO;08:45 a 16:45;Calle Teatro S/N  
CUSCO;LA CONVENCION;SANTA ANA;AG LA CONVENCION;OPERATIVO;08:45 a 16:45;Avenida Grau Nº 238
CUSCO;PARURO;PARURO;PANP PARURO;DESPLAZAMIENTO;08:45 a 16:30;- Plaza de Armas S/N
CUSCO;PAUCARTAMBO;PAUCARTAMBO;PAP PAUCARTAMBO - JR9;OPERATIVO;08:45 a 16:30;Jirón Enrique Yabar S/N
CUSCO;QUISPICANCHI;URCOS;PAP QUISPICANCHI;OPERATIVO;08:45 a 16:45;Jirón Huáscar N° 181
CUSCO;URUBAMBA;URUBAMBA;PAP URUBAMBA;OPERATIVO;08:45 a 16:30;Avenida Conchatupa S/N
MADRE DE DIOS;TAHUAMANU;IBERIA;AG IBERIA;OPERATIVO;08:45 a 16:30;Avenida Máximo Rodríguez N° 124 Plaza de Armas
APURIMAC;ABANCAY;ABANCAY;ORA HOSPITAL REGIONAL GUILLERMO DIAZ DE LA VEGA;OPERATIVO;08:45 a 16:30;Avenida Daniel Alcides Carrión S/N
MADRE DE DIOS;TAMBOPATA;TAMBOPATA;OR TAMBOPATA;OPERATIVO;08:45 a 16:45;Jirón Lambayeque N° 159
MADRE DE DIOS;MANU;MANU;PANP MANU;DESPLAZAMIENTO;08:45 a 16:30;Avenida Esperanza S/N - Local Municipal
CUSCO;ACOMAYO;POMACANCHI;AG POMACANCHI;DESPLAZAMIENTO;08:45 a 16:30;- Plaza de Armas S/N
CUSCO;CUSCO;CUSCO;ORA HOSPITAL DE APOYO DEPARTAMENTAL CUSCO;OPERATIVO;08:45 a 16:30;Avenida La Cultura S/N
CUSCO;CUSCO;SANTIAGO;ORA BELEMPAMPA;OPERATIVO;08:45 a 16:30;Avenida 21 de Mayo S/N
CUSCO;CANCHIS;SICUANI;ORA SICUANI;OPERATIVO;08:45 a 16:30;Avenida Manuel Callo Zevallos N° 519 - Hospital MINSA Sicuani
MADRE DE DIOS;TAMBOPATA;TAMBOPATA;ORA SANTA ROSA;OPERATIVO;08:45 a 16:30;Jirón Cajamarca N° 171
CUSCO;LA CONVENCION;SANTA ANA;ORA QUILLABAMBA;OPERATIVO;08:45 a 16:30;Avenida General Gamarra S/N - Hospital Quillabamba
APURIMAC;AYMARAES;CHALHUANCA;ORA CHALHUANCA;OPERATIVO;08:45 a 16:30;Avenida Bolivar S/N
CUSCO;ESPINAR;ESPINAR;ORA ESPINAR;OPERATIVO;08:45 a 16:30;Calle Domingo Huarca Cruz S/N Barrio Túpac Amaru  - Hospital Espinar
MADRE DE DIOS;TAHUAMANU;IBERIA;ORA SAN MARTIN DE PORRES DE IBERIA;OPERATIVO;08:45 a 16:30;Calle Mocopata S/N
APURIMAC;COTABAMBAS;TAMBOBAMBA;ORA TAMBOBAMBA;OPERATIVO;08:45 a 16:30;- Hospital Tambobamba
APURIMAC;COTABAMBAS;HAQUIRA;PAP HAQUIRA;OPERATIVO;08:45 a 16:30;- Plaza de armas S/N-Haquira
CUSCO;CHUMBIVILCAS;SANTO TOMAS;ORA SANTO TOMAS;OPERATIVO;08:45 a 16:30;Calle  Andres Avelino Caceres - Hospital Santo Tomas  
CUSCO;CHUMBIVILCAS;VELILLE;PANP VELILLE;DESPLAZAMIENTO;08:45 a 16:30;- Plaza de Armas - Municipalidad Distrital Velille
CUSCO;CALCA;YANATILE;PANP YANATILE;DESPLAZAMIENTO;08:45 a 16:30;- Plaza de Armas - Municipalidad Distrital Yanatile
APURIMAC;ABANCAY;CURAHUASI;PANP CURAHUASI;DESPLAZAMIENTO;08:45 a 16:30;- Coliseo Cerrado - Municipalidad de Curahuasi
LIMA;LIMA ;JESÚS MARÍA;ORA HOSPITAL NACIONAL EDGARDO REBAGLIATI MARTINS;OPERATIVO;08:45 a 16:30;Avenida AV. SALAVERRY CDRA. 13 - PUERTA 6
CALLAO;CALLAO;CALLAO;ORA NAC. DANIEL A. CARRIÓN;OPERATIVO;08:45 a 16:30;Avenida Guardia Chalaca Nº 2176 - Bellavista
LIMA;LIMA;SAN JUAN DE LURIGANCHO;ORA HOSPITAL SAN JUAN DE LURIGANCHO;OPERATIVO;08:45 a 16:30;Avenida Canto Grande S/N - Altura del paradero 10
LIMA;LIMA;EL AGUSTINO;ORA HOSPITAL NACIONAL HIPOLITO UNANUE;OPERATIVO;08:45 a 16:30;Avenida Cesar Vallejo Nº 1390 
LIMA;LIMA;LIMA;ORA INSTITUTO NACIONAL MATERNO PERINATAL;OPERATIVO;08:45 a 16:30;Jirón Miroquesada Nº 941 - Lima
CALLAO;CALLAO;VENTANILLA;OR VENTANILLA;OPERATIVO;08:45 a 16:45;Avenida Pachacutec N° 225 - Sector B - Grupo Residencial B1 - Mz. F1 
LIMA;LIMA;SANTIAGO DE SURCO;OR SURCO - HIGUERETA;OPERATIVO;08:45 a 16:45;Avenida Santiago de Surco Nº 2807 Urb. Residencial Higuereta
LIMA;LIMA;SAN BORJA;OR SAN BORJA;OPERATIVO;08:45 a 16:45;Avenida San Luis N° 1673 Urb. Jacaranda II
LIMA;LIMA;COMAS;OR COMAS III;OPERATIVO;08:45 a 16:45;Avenida San Felipe Nº 830 Urb. San Felipe
LIMA;LIMA;LIMA;OR QUILCA;OPERATIVO;08:45 a 16:45;Jirón Quilca Nº 501 y 525 
LIMA;LIMA;LIMA;AG ANCASH;OPERATIVO;08:45 a 16:45;Jirón Ancash Nº 336-340 y 344 (Frente a la Plazuela San Francisco) - Lima
LIMA;LIMA;VILLA MARÍA DEL TRIUNFO;ORA DANIEL ALCIDES CARRION;OPERATIVO;08:45 a 16:30;Avenida Pachacutec N° 3470 - Pasando el Terminal Pesquero.
CALLAO;CALLAO;BELLAVISTA;MAC - CALLAO;OPERATIVO;08:30 a 16:30;Avenida Oscar R. Benavides N° 3866 - Centro Comercial Mall Aventura Plaza
LIMA;LIMA;LIMA;OR LIMA;OPERATIVO;08:45 a 16:45;Jirón Av. Nicolás de Piérola N 545
LIMA;LIMA;ATE;OR ATE;OPERATIVO;08:45 a 16:45;Jirón Industrial Nº 438
LIMA;LIMA;COMAS;OR COMAS I;OPERATIVO;08:45 a 16:45;Avenida Tupac Amaru N° 5527 - 5531 - 5535, Urb Huaquillay 2da Etapa
LIMA;LIMA;LURIN;OR LURIN;OPERATIVO;08:45 a 16:45;Jirón Simon Bolivar N° 267
LIMA;LIMA;MIRAFLORES;OR MIRAFLORES;OPERATIVO;08:45 a 16:45;Avenida Ernesto Diez Canseco N° 230
LIMA;LIMA;PUENTE PIEDRA;OR PUENTE PIEDRA;OPERATIVO;08:45 a 16:45;Jirón Ricardo Palma Nº 241
LIMA;LIMA;SAN JUAN DE LURIGANCHO;OR SAN JUAN DE LURIGANCHO;OPERATIVO;08:45 a 16:45;Avenida Las Flores Lote 1 Mz. G Urb. Canto Grande Unidad 7
LIMA;LIMA;SAN JUAN DE MIRAFLORES;OR SAN JUAN DE MIRAFLORES;OPERATIVO;08:45 a 16:45;Avenida Guillermo Billinghurst  N° 767 – 769 Mz. F Lote 18 Urb. SJM Parcela D
LIMA;LIMA;SAN MARTÍN DE PORRES;OR SAN MARTIN DE PORRES;OPERATIVO;08:45 a 16:45;Avenida Eduardo de Habich Nº 590 - 592 con Pedro Paulet N° 589
LIMA;CAJATAMBO;CAJATAMBO;AG CAJATAMBO;OPERATIVO;08:45 a 16:45;Jirón Bolognesi S/N - Comisiones de Regantes -Frente plaza de Armas
LIMA;CANTA;CANTA;AG CANTA;OPERATIVO;08:45 a 16:45;Jirón Independencia Nº 308 Municipio (Plaza de Armas)
LIMA;CAÑETE;SAN VICENTE DE CAÑETE;AG CAÑETE;OPERATIVO;08:45 a 16:45;Avenida Los Libertadores Mz. D-3 Lote 4 Urbanización Tercer Mundo
LIMA;HUAURA;HUACHO;AG HUACHO;OPERATIVO;08:45 a 16:45;Avenida Grau Nº 295
LIMA;HUAROCHIRI;MATUCANA;AG MATUCANA;OPERATIVO;08:45 a 16:45;Jirón Tacna S/N  - Centro Civico
LIMA;YAUYOS;YAUYOS;AG YAUYOS;OPERATIVO;08:45 a 16:45;Plaza Plaza Constitución Nº 110
LIMA;HUARAL;HUARAL;AG HUARAL;OPERATIVO;08:45 a 16:45;Pasaje Los Pinos Nº 149 Mz E Lote 4 Pasaje Urb. El Rosario
LIMA;BARRANCA;BARRANCA;OR BARRANCA;OPERATIVO;08:45 a 16:45;Avenida Independencia N° 674 - 676 - 678
LIMA;OYON;OYON;AG OYON;OPERATIVO;08:45 a 16:45;Jirón Unión 216
LIMA;LIMA;LURIGANCHO;OR CHOSICA;OPERATIVO;08:45 a 16:45;Jirón Chucuito Nº 248 
LIMA;LIMA;PACHACAMAC;OR PACHACAMAC;OPERATIVO;08:45 a 16:45;Avenida Paul Poblet N° 3111 - Dentro del Mercado Jumbo
LIMA;LIMA;JESÚS MARÍA;OR JESUS MARIA;OPERATIVO;08:45 a 16:45;Jirón Talara N° 130-132-134 y 136 Jesús Maria
LIMA;LIMA;CIENEGUILLA;OR CIENEGUILLA;OPERATIVO;08:45 a 16:45;"Avenida San Martin Lote 15, Zona ""D"" Manzana ""D"" Centro Poblado Tambo Viejo"
LIMA;LIMA;SANTA ANITA;OR SANTA ANITA;OPERATIVO;08:45 a 16:45;Avenida Los Eucaliptos Nº 947, Urbanización Universal
LIMA;LIMA;INDEPENDENCIA;OR INDEPENDENCIA;OPERATIVO;08:45 a 16:45;Calle Los Andes Nº 486 Urb. Industrial Panamericana Norte
CALLAO;CALLAO;VENTANILLA;MAC - VENTANILLA;OPERATIVO;08:30 a 16:30;Avenida La Playa S/N altura la Urb. Zona Comercial frente a la Plaza Cívica 
LIMA;LIMA;JESÚS MARÍA;AG 06 DE AGOSTO;OPERATIVO;08:45 a 16:45;Calle 06 de Agosto N° 856
CALLAO;CALLAO;MI PERÚ;AG MI PERU;OPERATIVO;08:45 a 16:45;- Mz. G7 Lt. 06 Mi Perú  interior de la Sede Municipal.
LIMA;LIMA;SAN MARTÍN DE PORRES;ORA NACIONAL CAYETANO HEREDIA;OPERATIVO;08:45 a 16:30;Jirón Honorio Delgado N° 262 - Urb. Ingeniería / Obstetricia
LIMA;HUAURA;HUACHO;ORA HOSPITAL GENERAL DE HUACHO;OPERATIVO;08:45 a 16:30;Avenida Jose Arnaldo Arambulo La Rosa N° 251
CALLAO;CALLAO;CALLAO;OR CALLAO;OPERATIVO;08:45 a 16:45;Avenida Dos de Mayo N° 440 - 446
LIMA;LIMA;SAN BORJA;AG ATENCIONES ESPECIALES DE SAN BORJA;OPERATIVO;08:45 a 16:45;Avenida Javier Prado N° 2388 -2386 - 2392
LIMA;LIMA;VILLA EL SALVADOR;OR VILLA EL SALVADOR;OPERATIVO;08:45 a 16:45;Avenida Arriba Perú Nº 640 Sector 2, Grupo 7, Mz J, Lt 05 
LIMA;LIMA;EL AGUSTINO;MAC - LIMA ESTE;OPERATIVO;08:30 a 16:30;Jirón Ancash 2151 - Centro Comercial Agustino Plaza
CALLAO;CALLAO;CARMEN DE LA LEGUA REYNOSO;ORA HOSPITAL SAN JOSE;OPERATIVO;08:45 a 16:30;Jirón Las Magnolias 475 Carmen de la Legua-Reynoso
CALLAO;CALLAO;VENTANILLA;ORA HOSPITAL DE VENTANILLA;OPERATIVO;08:45 a 16:30;Avenida Pedro Beltran S/N Ventanilla - Hospital de Ventanilla
LIMA;CAÑETE;SAN VICENTE DE CAÑETE;ORA HOSPITAL REZOLA;OPERATIVO;08:45 a 16:30;Calle San Martín Nº 120 -124 
LIMA;BARRANCA;BARRANCA;ORA HOSPITAL DE BARRANCA;OPERATIVO;08:45 a 16:30;Avenida Nicolás de Piérola Nº 210 -224
LIMA;HUARAL;HUARAL;ORA HOSPITAL SAN JUAN BAUTISTA HUARAL;OPERATIVO;08:45 a 16:30;Calle Tacna Nº 120 Urb. San Juan I
LIMA;LIMA ;COMAS;ORA HOSPITAL NACIONAL SERGIO E. BERNALES;OPERATIVO;08:45 a 16:30;Avenida Túpac Amaru N° 8000, Collique, Comas.
LIMA;LIMA;LIMA;ORA NACIONAL DOS DE MAYO;OPERATIVO;08:45 a 16:30;Avenida Parque Historia De La Medicina Peruana S/N Altura Cuadra 13 Av Grau
LIMA;LIMA;ATE ;ORA HOSPITAL DE HUAYCAN;OPERATIVO;08:45 a 16:30;Avenida José C.Mariátegui S/N Zona B - A.H.Huaycán S/N Ate Lima Lima
LIMA;LIMA;SAN JUAN DE MIRAFLORES;MAC - LIMA SUR;OPERATIVO;08:30 a 16:30;Avenida Circunvalación 1583- San Juan de Miraflores
LIMA;LIMA;COMAS;MAC - LIMA NORTE;OPERATIVO;08:30 a 16:30;Avenida Los Angeles N° 602 2do piso - Cc Mall Plaza 
LIMA;LIMA;JESUS MARIA;PVM - JESUS MARIA ;OPERATIVO;08:45 a 16:45;Jirón Talara N° 130
LIMA;LIMA;SANTIAGO DE SURCO;PVM - JOCKEY PLAZA;OPERATIVO;08:45 a 16:45;Avenida Javier Prado Este N° 4200 ( Centro Financiero del Centro Comercial)
LIMA;LIMA;SURQUILLO;PVM - OPEN PLAZA ANGAMOS;OPERATIVO;08:45 a 16:45;Avenida Cruce Angamos N° 1805 con Tomas Marsano
LIMA;LIMA;CHORRILLOS;PVM - PLAZA LIMA SUR;OPERATIVO;08:45 a 16:45;- Prolongación Paseo  de la Republica S/N Urb. Matellini (2do nivel del Centro Comercial) 
CALLAO;CALLAO;VENTANILLA;PVM VENTANILLA;OPERATIVO;08:45 a 16:45;Avenida La Playa S/N altura la Urb. Zona Comercial frente a la Plaza Cívica 
CALLAO;CALLAO;BELLAVISTA;PVM MALL AVENTURA PLAZA - CALLAO;OPERATIVO;08:45 a 16:45;Avenida Oscar R. Benavides N° 3866 - Centro Comercial Mall Aventura Plaza
LIMA;LIMA;CERCADO;PVM - REAL PLAZA CENTRO CÍVICO;OPERATIVO;08:45 a 16:45;Avenida Garcilaso de la Vega N° 1337
LIMA;LIMA;MIRAFLORES;PVM- MIRAFLORES;OPERATIVO;08:45 a 16:45;Avenida Diez Canseco N° 230
LIMA;LIMA;INDEPENDENCIA;PVM - INDEPENDENCIA;OPERATIVO;08:45 a 16:45;Calle Los Andes Nº 486 Urb. Industrial Panamericana Norte
LIMA;LIMA;SAN JUAN DE LURIGANCHO;PVM - SAN JUAN DE LURIGANCHO ;OPERATIVO;08:45 a 16:45;Avenida Las Flores Lote Nz. 6 Urb . Canto Grande 
LIMA;LIMA;SANTA ANITA;ORA HOSP. JORGE VOTO BERNALES;OPERATIVO;08:45 a 16:45;CARRETERA CARRETERA CENTRAL KM. 3,5 - SANTA ANITA
LIMA;LIMA;VILLA MARÍA DEL TRIUNFO;CMI JOSE CARLOS MARIATEGUI;OPERATIVO;08:45 a 16:45;Avenida Necochea s/n, AH. Jose Carlos Mariategui, Villa Maria del Triunfo.
LIMA;LIMA;CERCADO;HOSP. NAC DOC MADRE Y NIÑO  SAN BARTOLOME;OPERATIVO;08:45 a 16:45;Avenida ALFONSO UGARTE 825 - LIMA
LIMA;LIMA;CHORRILLOS;CMI VIRGEN DEL CARMEN ;OPERATIVO;08:45 a 16:45;Avenida LEOPOLDO ARIAS 200 FRENTE AL COLISEO MARISCAL CACERES
PUNO;PUNO;PUNO;ORA MANUEL NUÑEZ BUTRON;OPERATIVO;08:45 a 16:30;Avenida El Sol N° 1022
PUNO;PUNO;PUNO;ORA HOSPITAL BASE III (PUNO) - RED ASISTENCIAL PUNO;OPERATIVO;08:45 a 16:30;Jirón Francisco Cáceres Jara Nº 600
PUNO;SAN ROMAN;JULIACA;ORA CARLOS MONGE MEDRANO;OPERATIVO;08:45 a 16:30;- Carretera a Huancane Km 2
PUNO;EL COLLAO ;ILAVE ;ORA ILAVE;OPERATIVO;08:45 a 16:30;Jirón Atahualpa Nº 825
PUNO;SAN ROMAN;JULIACA;ORA HOSPITAL BASE III JULIACA - ESSALUD - RED ASISTENCIAL JULIACA;OPERATIVO;08:45 a 16:30;Avenida José Santos Chocano S/N - La Capilla
PUNO;PUNO;PUNO;OR PUNO;OPERATIVO;08:45 a 16:45;Jirón Arequipa N° 1143 - 1145 Barrio Victoria
PUNO;AZANGARO;AZANGARO;PAP AZANGARO;OPERATIVO;08:45 a 16:45;Jirón Azangaro N° 160  (Palacio Municipal)
PUNO;CARABAYA;MACUSANI;PAP CARABAYA;OPERATIVO;08:45 a 16:45;Jirón Raimondi N° 116
PUNO;CHUCUITO;JULI;PAP CHUCUITO;OPERATIVO;08:45 a 16:45;Jirón Ilave 235 - Mercado Central Municipio
PUNO;HUANCANE;HUANCANE;PAP HUANCANE;OPERATIVO;08:45 a 16:45;Jirón Moquegua N° 104 - Barrio Progreso
PUNO;LAMPA;LAMPA;PAP LAMPA;OPERATIVO;08:45 a 16:45;Jirón Alfonso Ugarte N° 343
PUNO;MELGAR;AYAVIRI;PAP MELGAR;OPERATIVO;08:45 a 16:45;Calle Jorge Chavez N°  550
PUNO;SANDIA;SANDIA;PAP SANDIA;OPERATIVO;08:45 a 16:45;Avenida Juliaca S/N - Mercado Central Sandia
PUNO;SAN ROMAN;JULIACA;AG SAN ROMAN;OPERATIVO;08:45 a 16:45;Jirón Brascesco N° 181 
PUNO;YUNGUYO;YUNGUYO;PAP YUNGUYO;OPERATIVO;08:45 a 16:45;Jirón Grau Nº 240
PUNO;SAN ANTONIO DE PUTINA;PUTINA;PAP PUTINA;OPERATIVO;08:45 a 16:45;- Plaza de Armas S/N (Palacio Municipal)
PUNO;EL COLLAO;ILAVE;PAP EL COLLAO;OPERATIVO;08:45 a 16:45;Jirón Bolognesi S/N - Coliseo Cubierto Ilave Oficina N° 02
PUNO;MOHO;MOHO;PAP MOHO;OPERATIVO;08:45 a 16:45;Avenida Circunvalación S/N Mercado Municipal
PUNO;AZANGARO;AZANGARO;ORA CARLOS CORNEJO ROSELLO;OPERATIVO;08:45 a 16:30;Jirón Francisco Bolognesi N° 557
PUNO;CHUCUITO;JULI;ORA JULI;OPERATIVO;08:45 a 16:30;Avenida Panamericana S/N
PUNO;HUANCANE;HUANCANE;ORA HOSPITAL LUCIO ALDAZABAL PAUCA;OPERATIVO;08:45 a 16:30;Avenida Santa Cruz S/N
PUNO;MELGAR;AYAVIRI;ORA SAN JUAN DE DIOS (AYAVIRI);OPERATIVO;08:45 a 16:30;Jirón Progreso S/N
PUNO;SAN ROMÁN;JULIACA;ORA CENTRO DE SALUD CLAS SANTA ADRIANA;OPERATIVO;08:45 a 16:30;Jirón Pachacutec S/N
PUNO;SAN ROMÁN;SAN MIGUEL;PAP SAN MIGUEL - JR11;OPERATIVO;08:45 a 16:45;- Palacio Municipal S/N
PUNO;CHUCUITO;DESAGUADERO;PAP DESAGUADERO;OPERATIVO;08:45 a 16:45;Jirón 28 de Julio N° 305 - Desaguadero
PUNO;PUNO;PUNO;PAP UNA PUNO;OPERATIVO;08:45 a 16:45;Avenida Floral N° 1153 - Ciudad Universitaria
PUNO;PUNO;ACORA;ACORA;OPERATIVO;08:45 a 16:45;- Plaza de Armas (Palacio Municipal)
ICA;ICA;ICA;ORA REGIONAL DE ICA;OPERATIVO;08:45 a 16:30;Avenida Huacachina S/N
AYACUCHO;LUCANAS;PUQUIO;AG LUCANAS;OPERATIVO;08:45 a 16:45;Jirón San Pedro  Nº 216
AYACUCHO;PARINACOCHAS;CORACORA;AG PARINACOCHAS;OPERATIVO;08:45 a 16:45;Jirón Bolognesi N° 419 Plaza de Armas
ICA;ICA;PARCONA;PAP PARCONA;OPERATIVO;08:45 a 16:45;Avenida Jhon F. Kennedy N° 500 con Calle Lima S/N (Costado del Palacio Municipal)
ICA;ICA;ICA;OR ICA;OPERATIVO;08:45 a 16:45;Avenida San Martin N° 1366 Mz. M-02 Lt. 035. Urb. San Isidro 
ICA;CHINCHA;CHINCHA ALTA;AG CHINCHA;OPERATIVO;08:45 a 16:45;Calle Los Angeles N° 300
ICA;NASCA;NASCA;AG NASCA;OPERATIVO;08:45 a 16:45;Calle Fermin del Castillo N° 270
ICA;PISCO;PISCO;AG PISCO;OPERATIVO;08:45 a 16:45;Calle San Juan de Dios N° 288
AYACUCHO;LUCANAS;PUQUIO;ORA FELIPE HUAMAN POMA DE AYALA;OPERATIVO;08:45 a 16:30;Avenida Arnaldo Alvarado S/N 
AYACUCHO;PARINACOCHAS;CORACORA;ORA HOSPITAL DE APOYO DE CORACORA;OPERATIVO;08:45 a 16:30;Avenida La Cultura S/N
ICA;ICA;ICA;ORA SANTA MARIA DEL SOCORRO;OPERATIVO;08:45 a 16:30;Calle Castrovirreyna N° 759
ICA;PISCO;PISCO;ORA SAN JUAN DE DIOS;OPERATIVO;08:45 a 16:30;Avenida Fermín Tanguis S/N (Altura del Fundo Alto de la Luna)
ICA;CHINCHA;CHINCHA ALTA;ORA SAN JOSE DE CHINCHA;OPERATIVO;08:45 a 16:30;Avenida Abelardo Alva Maurtua Nº 600
ICA;NASCA;NASCA;ORA HOSPITAL DE APOYO DE NASCA;OPERATIVO;08:45 a 16:30;Calle Callao S/N - 5ta Cuadra
ICA;ICA;ICA;ORA AUGUSTO HERNANDEZ MENDOZA;OPERATIVO;08:45 a 16:30;Calle Av. José Matias Manzanilla S/N
UCAYALI;CORONEL PORTILLO;CALLERIA;ORA HOSPITAL REGIONAL DE PUCALLPA;OPERATIVO;08:45 a 16:30;Jirón Agustin Cauper N° 285
HUANUCO;PUERTO INCA;PUERTO INCA;PAP PUERTO INCA;OPERATIVO;08:45 a 16:45;Jirón Vulcano S/N
UCAYALI;CORONEL PORTILLO;YARINACOCHA;ORA HOSPITAL AMAZÓNICO - YARINACOCHA;OPERATIVO;08:45 a 16:30;Jirón Aguaytia N° 605
LORETO;UCAYALI;CONTAMANA;PAP CONTAMANA;OPERATIVO;08:45 a 16:45;Calle Nuevo Loreto Mz.38C  Lt.5B
UCAYALI;PADRE ABAD;IRAZOLA ;AG IRAZOLA ;OPERATIVO;08:45 a 16:45;Calle Jr. Progreso S/N 
UCAYALI;PADRE ABAD;PADRE ABAD;ORA AGUAYTIA;OPERATIVO;08:45 a 16:30;Jirón Victor Pinedo / Palmeras Mz. 152A Junta Vecinal Pampayurac
UCAYALI;CORONEL PORTILLO;CALLERIA;OR PUCALLPA;OPERATIVO;08:45 a 16:45;Jirón 09 de Diciembre N° 378 y Tacna Nº 891 Mz. 07 Lt. Acumulado 1-B, independiente.
UCAYALI;PADRE ABAD;PADRE ABAD;PAP PADRE ABAD;OPERATIVO;08:45 a 16:45;Avenida Jr. Grau Nº 214
UCAYALI;ATALAYA;RAIMONDI;PAP ATALAYA;OPERATIVO;08:45 a 16:45;Jirón Rioja Nº 659
UCAYALI;PURUS;PURUS;PAP PURUS;OPERATIVO;08:45 a 16:45;Avenida Purus S/N
UCAYALI;ATALAYA;TAHUANIA;PAP TAHUANIA;OPERATIVO;08:45 a 16:45;Jirón 7 de Junio  S/N
UCAYALI;CORONEL PORTILLO;CALLERIA;MAC UCAYALI;OPERATIVO;08:45 a 16:45;Avenida Centenario 1642 (2do piso)
HUANCAVELICA;HUANCAVELICA;IZCUCHACA;PAP IZCUCHACA;OPERATIVO;08:45 a 16:45;Avenida Ferrocarril  S/N 
HUANCAVELICA;ACOBAMBA;PAUCARA;PAP PAUCARA;OPERATIVO;08:45 a 16:45;- Plaza Mayor S/N
HUANCAVELICA;HUANCAVELICA;HUANCAVELICA;ORA HOSPITAL REGIONAL ZACARIAS CORREA VALDIVIA;OPERATIVO;08:45 a 16:30;Avenida Andrés Avelino Cáceres S/N - Barrio Yananaco
HUANCAVELICA;HUANCAVELICA;HUANCAVELICA;ORA HUANDO;DESPLAZAMIENTO;08:45 a 16:30;Calle Cementerio s/n
HUANCAVELICA;HUANCAVELICA;ASCENSIÓN;ORA HOSPITAL II HUANCAVELICA;OPERATIVO;08:45 a 16:30;Avenida Teresa de Jurnet S/N
HUANCAVELICA;HUANCAVELICA;HUANCAVELICA;OR HUANCAVELICA;OPERATIVO;08:45 a 16:45;Avenida Av. San Cristóbal Nº 384, 386 y 388
HUANCAVELICA;ACOBAMBA;ACOBAMBA;OR ACOBAMBA;OPERATIVO;08:45 a 16:45;Jirón Dos De Mayo N° 459
HUANCAVELICA;ANGARAES;LIRCAY;OR ANGARAES;OPERATIVO;08:45 a 16:45;Avenida Centenario S/N - Barrio de Pueblo Nuevo - Dentro del Centro Civico
HUANCAVELICA;CASTROVIRREYNA;CASTROVIRREYNA;OR CASTROVIRREYNA;OPERATIVO;08:45 a 16:45;Avenida Los Libertadores S/N
HUANCAVELICA;TAYACAJA;PAMPAS;OR TAYACAJA;OPERATIVO;08:45 a 16:45;Jirón Manco Capac S/N con Jirón Alfonso Ugarte Cordova y Necochea - Coliseo Multiuso
HUANCAVELICA;HUAYTARA;HUAYTARA;OR HUAYTARA;OPERATIVO;08:45 a 16:45;Calle 24 de Junio S/N - 2do piso Centro Cívico 
HUANCAVELICA;CHURCAMPA;CHURCAMPA;OR CHURCAMPA;OPERATIVO;08:45 a 16:45;Jirón Real N° 255
HUANCAVELICA;TAYACAJA;PAMPAS;ORA HOSPITAL DE PAMPAS;OPERATIVO;08:45 a 16:30;Jirón Bolívar S/N 
HUANCAVELICA;ANGARAES;LIRCAY;ORA LIRCAY;DESPLAZAMIENTO;08:45 a 16:30;Avenida Esmeralda S/N
HUANCAVELICA;TAYACAJA;SURCUBAMBA;AG SURCUBAMBA;OPERATIVO;08:45 a 16:45;Calle Alfonso Ugarte S/N
HUANCAVELICA;TAYACAJA;COLCABAMBA;AG COLCABAMBA;OPERATIVO;08:45 a 16:45;Avenida Av. Centenario S/N
HUANCAVELICA;HUANCAVELICA;YAULI;ORA YAULI;OPERATIVO;08:45 a 16:30;Avenida Jorge Chávez S/N
HUANCAVELICA;ACOBAMBA;PAUCARA;ORA PAUCARA;OPERATIVO;08:45 a 16:30;Calle Lircay s/n
PASCO;OXAPAMPA;PUERTO BERMUDEZ;PAP PUERTO BERMÚDEZ;OPERATIVO;08:45 a 16:45;Avenida Remigio Morales Bermúdez S/N
HUANUCO;HUANUCO;HUÁNUCO;ORA HOSPITAL REGIONAL HERMILIO VALDIZAN;OPERATIVO;08:45 a 16:30;Jirón Hermilio Valdizan Nº 950
PASCO;PASCO;PAUCARTAMBO;PAP PAUCARTAMBO - JR15;OPERATIVO;08:45 a 16:45;- Plaza 28 de Julio S/N
HUANUCO;HUANUCO;HUÁNUCO;OR HUANUCO;OPERATIVO;08:45 a 16:45;Jirón 28 de Julio N° 825
HUANUCO;DOS DE MAYO;LA UNION;PAP DOS DE MAYO;OPERATIVO;08:45 a 16:45;Jirón Lourdes N° 221
HUANUCO;MARAÑON;HUACRACHUCO;PAP MARAÑON;OPERATIVO;08:45 a 16:45;Avenida 28 De Julio N° 602 
HUANUCO;LEONCIO PRADO;RUPA-RUPA;PAP LEONCIO PRADO;OPERATIVO;08:45 a 16:45;Jirón Chiclayo N° 585
HUANUCO;PACHITEA;PANAO;PAP PACHITEA;OPERATIVO;08:45 a 16:45;Jirón Espinar N° 121
PASCO;PASCO;CHAUPIMARCA;ORA HOSPITAL II PASCO;OPERATIVO;08:45 a 16:30;- Barrio Buenos Aires S/N
HUANUCO;PACHITEA;PANAO;ORA PANAO;OPERATIVO;08:45 a 16:30;Jirón Grau Nº 193
HUANUCO;LEONCIO PRADO;RUPA-RUPA;ORA HOSPITAL TINGO MARIA;OPERATIVO;08:45 a 16:30;- Mapresa S/N Luyando
HUANUCO;LEONCIO PRADO;JOSÉ CRESPO Y CASTILLO;ORA AUCAYACU;OPERATIVO;08:45 a 16:30;Avenida Grau N° 401
HUANUCO;DOS DE MAYO;LA UNION;ORA LA UNION;OPERATIVO;08:45 a 16:30;Jirón Dos de Mayo N° 185
HUANUCO;LEONCIO PRADO;JOSÉ CRESPO Y CASTILLO;PAP JOSE CRESPO Y CASTILLO;OPERATIVO;08:45 a 16:45;Jirón Maria Parado de Bellido S/N Cuadra 4
PASCO;PASCO;YANACANCHA;AG PASCO;OPERATIVO;08:45 a 16:45;"- Centro Comercial ""Sector Dos de San Juan Pampa Edif. 4 Tienda 3 San Juan-Yanacancha"
PASCO;DANIEL ALCIDES CARRION;YANAHUANCA;PAP DANIEL ALCIDES CARRIÓN;OPERATIVO;08:45 a 16:45;Jirón Jorge Chavez S/N Plaza Principal
PASCO;OXAPAMPA;OXAPAMPA;PAP OXAPAMPA;OPERATIVO;08:45 a 16:45;Jirón Huancabamba S/N Mz. 162 Estadio Municipal Oxapampa
PASCO;OXAPAMPA;PALCAZÚ;AG PALCAZU;OPERATIVO;08:45 a 16:45;Avenida Juan Santos Atahualpa Mz. U Lt. 01
SAN MARTIN;TOCACHE;TOCACHE;PAP TOCACHE;OPERATIVO;08:45 a 16:45;Jirón San Juan Cdra 7 S/N Centro Cívico
HUANUCO;HUANUCO;CHINCHAO;ORA ACOMAYO;OPERATIVO;08:45 a 16:30;Pasaje Iguarizo S/N Mz. 6 Lt. 02
SAN MARTIN;TOCACHE;TOCACHE;ORA HOSPITAL DE TOCACHE;OPERATIVO;08:45 a 16:30;Jirón Ricardo Palma N° 550
HUANUCO;HUANUCO;SANTA MARIA DEL VALLE;ORA SANTA MARIA DEL VALLE;OPERATIVO;08:45 a 16:30;Jirón Libertad  S/N Intersección Carretera Central 
HUANUCO;HUANUCO ;AMARILIS ;ORA CARLOS SHOWING FERRARI;OPERATIVO;08:45 a 16:30;Jirón Micaela Bastidas S/N Paucarbamba 
PASCO;OXAPAMPA;OXAPAMPA;ORA HOSPITAL ERNESTO GERMAN GUZMAN GONZALES;OPERATIVO;08:45 a 16:30;Jirón Eduardo Loechle S/N - Chontabamba
HUANUCO;HUANUCO;HUANUCO;MAC - HUANUCO;OPERATIVO;08:30 a 16:30;Jirón Independencia N° 1601, Centro Comercial Real Plaza, Primer Piso
HUANUCO;PACHITEA;UMARI;ORA TAMBILLO UMARI;OPERATIVO;08:45 a 16:30;Carretera Huanuco - Panao Km 37
AMAZONAS;CHACHAPOYAS;CHACHAPOYAS;OR CHACHAPOYAS;OPERATIVO;08:45 a 16:45;Jirón Triunfo Nº 903 1° Piso
AMAZONAS;BAGUA;BAGUA;PAP BAGUA;OPERATIVO;08:45 a 16:45;Jirón Los Cedros Nº 263
AMAZONAS;BONGARA;JAZAN;AG BONGARA;OPERATIVO;08:45 a 16:30;Avenida Marginal  Nº 100 -Pedro Ruíz
AMAZONAS;CONDORCANQUI;NIEVA;PAP CONDORCANQUI;OPERATIVO;08:45 a 16:45;Calle Gonzalo puerta S/N
AMAZONAS;UTCUBAMBA;BAGUA GRANDE;PAP UTCUBAMBA;OPERATIVO;08:45 a 16:45;Jirón Simón Bolivar N° 545
CAJAMARCA;JAEN;JAEN;OR JAEN;OPERATIVO;08:45 a 16:45;Calle Mariscal Ureta Nº 915
CAJAMARCA;SAN IGNACIO;SAN IGNACIO;PAP SAN IGNACIO;OPERATIVO;08:45 a 16:45;Jirón Santo Domingo Nº 169
AMAZONAS;BAGUA;IMAZA;OR IMAZA;OPERATIVO;08:45 a 16:45;Calle Awajun S/N Plaza de Armas
AMAZONAS;CHACHAPOYAS;CHACHAPOYAS;ORA HOSPITAL REGIONAL VIRGEN DE FATIMA;OPERATIVO;08:45 a 16:30;Pasaje Daniel Alcides Carrión N° 035
AMAZONAS;BAGUA;BAGUA;ORA HOSPITAL DE APOYO GUSTAVO LANATTA LUJAN;OPERATIVO;08:45 a 16:45;Avenida Héroes de Cenepa N°980
CAJAMARCA;JAEN;JAEN;ORA HOSPITAL GENERAL DE JAEN;OPERATIVO;08:45 a 16:30;Prolongación Huamantanga s/n
AMAZONAS;BAGUA;IMAZA;ORA CHIRIACO;OPERATIVO;08:45 a 17:45;Calle Junin S/N
AMAZONAS;UTCUBAMBA;BAGUA GRANDE;ORA HOSPITAL DE APOYO SANTIAGO APOSTOL DE UTCUBAMBA;OPERATIVO;08:45 a 16:30;Jirón San Felipe Santiago N°111
CAJAMARCA;SAN IGNACIO;SAN IGNACIO;ORA SAN IGNACIO;OPERATIVO;08:45 a 16:30;Avenida Abelardo Quiñones S/N, Sector Santiago
AMAZONAS;BONGARA;FLORIDA;ORA POMACOCHAS;OPERATIVO;08:45 a 16:30;Jirón Pomacochas S/N 
AMAZONAS;CONDORCANQUI;NIEVA;ORA SANTA MARIA DE NIEVA;OPERATIVO;08:45 a 17:45;"Jirón Javier Pérez de Cuellar S/N 
Mz. N Lt. 03 Asent.Humano Héctor Peas Tsegkuan"
AMAZONAS;UTCUBAMBA;LONYA GRANDE;ORA LONYA GRANDE;OPERATIVO;08:45 a 16:45;Jirón Alto Amazonas 340
AMAZONAS;CONDORCANQUI;RIO SANTIAGO;ORA GALILEA;OPERATIVO;08:45 a 17:45;Jirón La Amistad S/N
;;;;;;
;;;;;;
;;;;;;
;;;;;;
;;;;;;
;;;;;;
;;;;;;
;;;;;;
;;;;;;
;;;;;;
;;;;;;
;;;;;;
;;;;;;
;;;;;;
;;;;;;
;;;;;;
;;;;;;
;;;;;;
;;;;;;
;;;;;;
;;;;;;
;;;;;;
;;;;;;
;;;;;;
;;;;;;
;;;;;;
;;;;;;
;;;;;;
;;;;;;
;;;;;;
;;;;;;
;;;;;;
;;;;;;
;;;;;;
;;;;;;
;;;;;;
;;;;;;
;;;;;;
;;;;;;
;;;;;;
;;;;;;
;;;;;;
;;;;;;
;;;;;;
;;;;;;
;;;;;;
;;;;;;
;;;;;;
;;;;;;
;;;;;;
;;;;;;
;;;;;;
;;;;;;
;;;;;;
;;;;;;
;;;;;;
;;;;;;
;;;;;;
;;;;;;
;;;;;;
;;;;;;
;;;;;;
;;;;;;
;;;;;;
;;;;;;
;;;;;;
;;;;;;
;;;;;;
;;;;;;
;;;;;;
;;;;;;
;;;;;;
;;;;;;
;;;;;;
;;;;;;
;;;;;;
;;;;;;
;;;;;;
;;;;;;
;;;;;;
;;;;;;
;;;;;;
;;;;;;
;;;;;;
;;;;;;
;;;;;;
;;;;;;
;;;;;;
;;;;;;
;;;;;;
;;;;;;
;;;;;;
;;;;;;
;;;;;;
;;;;;;
;;;;;;
;;;;;;
;;;;;;
;;;;;;
;;;;;;
;;;;;;
;;;;;;
;;;;;;
;;;;;;
;;;;;;
;;;;;;
;;;;;;
;;;;;;
;;;;;;
;;;;;;
;;;;;;
;;;;;;
;;;;;;
;;;;;;
;;;;;;
;;;;;;
;;;;;;
;;;;;;
;;;;;;
;;;;;;
;;;;;;
;;;;;;
;;;;;;
;;;;;;
;;;;;;
;;;;;;
;;;;;;
;;;;;;
;;;;;;
;;;;;;
;;;;;;
;;;;;;
;;;;;;
;;;;;;
;;;;;;
;;;;;;
;;;;;;
;;;;;;
;;;;;;
;;;;;;
;;;;;;
;;;;;;
;;;;;;
;;;;;;
;;;;;;
;;;;;;
;;;;;;
;;;;;;
;;;;;;
;;;;;;
;;;;;;
;;;;;;
;;;;;;
;;;;;;
;;;;;;
;;;;;;
;;;;;;
;;;;;;
;;;;;;
;;;;;;
;;;;;;
;;;;;;
;;;;;;
;;;;;;
;;;;;;
;;;;;;
;;;;;;
;;;;;;
;;;;;;
;;;;;;
;;;;;;
;;;;;;
;;;;;;
;;;;;;
;;;;;;
;;;;;;
;;;;;;
;;;;;;
;;;;;;
;;;;;;
;;;;;;
;;;;;;
;;;;;;
;;;;;;
;;;;;;
;;;;;;
;;;;;;
;;;;;;
;;;;;;
;;;;;;
;;;;;;
;;;;;;
;;;;;;
