N°,OFICINAS REGIONALES/U.O.,DEPARTAMENTO,PROVINCIA,DISTRITO,CENTRO DE ATENCIÓN,CODIGO SIO DNI NUM,SIGLA TIPO DE LOCAL,"ESTADO
Operativo: Atiente de lunes a viernes
Deplazamiento: Atiende de acuerdo a la programación de RENIEC",HORARIO DE ATENCIÓN AL PUBLICO, ¿Este Centro de Atención toma fotografía? , ¿Este Centro de Atención entrega DNI Electrónico? , TRAMITE DE DNI MAYOR , ENTREGAS DE DNI , INSCRIPCION DE REGISTROS CIVILES , CERTIFICACION DE REGISTROS CIVILES , CERTIFICACION DEL RUIPN , EREP ,NOMBRE DE LA VIA,,,,,,,,,,,
1,01.- PIURA,LAMBAYEQUE,CHICLAYO,CHICLAYO,ORA HOSPITAL REGIONAL DOCENTE LAS MERCEDES (MINSA),53,ORA,OPERATIVO,08:45 a 16:30,SI,SI,NO,SI,SI,NO,NO,NO,Avenida Luis Gonzáles  Nº 635,,,,,,,,,,,
2,01.- PIURA,LAMBAYEQUE,CHICLAYO,CHICLAYO,ORA HOSPITAL ALMANZOR AGUINAGA ASENJO (ESSALUD),88,ORA,OPERATIVO,08:45 a 16:30,SI,SI,NO,SI,SI,NO,NO,NO,Plaza Plaza de la Seguridad Social S/N,,,,,,,,,,,
3,01.- PIURA,PIURA,SULLANA,SULLANA,ORA HOSPITAL DE APOYO II-SULLANA (MINSA),112,ORA,OPERATIVO,08:45 a 16:30,SI,SI,NO,SI,SI,NO,NO,NO,Avenida Santa Rosa S/N,,,,,,,,,,,
4,01.- PIURA,CAJAMARCA,CUTERVO,CUTERVO,PAP CUTERVO,155,PAP,OPERATIVO,08:45 a 16:45,SI,SI,SI,SI,NO,SI,SI,SI,Jirón Comercio N° 1103 Mz. 203 Lt. 14-Urb. Los Jardines ,,,,,,,,,,,
5,01.- PIURA,CAJAMARCA,CHOTA,CHOTA,AG CHOTA,156,AG,OPERATIVO,08:45 a 16:45,SI,SI,SI,SI,NO,SI,SI,SI,Jirón 30 de Agosto N° 848,,,,,,,,,,,
6,01.- PIURA,CAJAMARCA,SANTA CRUZ,SANTA CRUZ,PAP SANTA CRUZ,159,PAP,OPERATIVO,08:45 a 16:45,NO,NO,SI,SI,NO,SI,SI,NO,Jirón Domingo Negrón Nº 399,,,,,,,,,,,
7,01.- PIURA,LAMBAYEQUE,CHICLAYO,JOSE LEONARDO ORTIZ,OR JOSÉ LEONARDO ORTIZ,179,OR,OPERATIVO,08:45 a 16:45,SI,SI,SI,SI,SI,SI,SI,SI,Calle Cacique Cinto Nº 317 Urb. Latina,,,,,,,,,,,
8,01.- PIURA,PIURA,AYABACA,FRÍAS,OR FRIAS,214,OR,OPERATIVO,08:45 a 16:45,SI,NO,SI,SI,SI,SI,SI,NO,Calle Lima Nº 235 - 2do piso,,,,,,,,,,,
9,01.- PIURA,LAMBAYEQUE,CHICLAYO,CHICLAYO,OR CHICLAYO,351,OR,OPERATIVO,08:45 a 16:45,SI,SI,SI,SI,SI,SI,SI,SI,Avenida Balta N° 680 y esquina con Av. Elias Aguirre,,,,,,,,,,,
10,01.- PIURA,LAMBAYEQUE,FERREÑAFE,FERREÑAFE,PAP FERREÑAFE,352,PAP,OPERATIVO,08:45 a 16:45,NO,NO,SI,SI,NO,SI,SI,NO,Calle Tres Marías Nº 717 – B,,,,,,,,,,,
11,01.- PIURA,LAMBAYEQUE,LAMBAYEQUE,LAMBAYEQUE,PAP LAMBAYEQUE,353,PAP,OPERATIVO,08:45 a 16:45,SI,SI,SI,SI,NO,SI,SI,SI,Avenida Huamachuco N° 342,,,,,,,,,,,
12,01.- PIURA,CAJAMARCA,CUTERVO,CUTERVO,ORA SANTA MARIA DE CUTERVO (MINSA),473,ORA,OPERATIVO,08:45 a 16:30,SI,SI,NO,SI,SI,NO,NO,NO,Jirón Ica S/N,,,,,,,,,,,
13,01.- PIURA,CAJAMARCA,CHOTA,CHOTA,ORA HOSPITAL DE APOYO CHOTA - JOSE SOTO CADENILLAS (MINSA),474,ORA,OPERATIVO,08:45 a 16:30,SI,SI,NO,SI,SI,NO,NO,NO,Jirón Ezequiel Montoya Nª 718,,,,,,,,,,,
14,01.- PIURA,PIURA,PIURA,PIURA,OR PIURA,521,OR,OPERATIVO,08:45 a 16:45,SI,SI,SI,SI,SI,SI,SI,SI,Calle Libertad Nº 568,,,,,,,,,,,
15,01.- PIURA,PIURA,AYABACA,AYABACA,PAP AYABACA,522,PAP,OPERATIVO,08:45 a 16:45,NO,NO,SI,SI,NO,NO,NO,NO,Calle Bolognesi N° 181,,,,,,,,,,,
16,01.- PIURA,PIURA,HUANCABAMBA,HUANCABAMBA,PAP HUANCABAMBA,523,PAP,OPERATIVO,08:45 a 16:45,NO,NO,SI,SI,NO,NO,NO,NO, Complejo Terminal Terrestre S/N - Stand 14,,,,,,,,,,,
17,01.- PIURA,PIURA,MORROPON,CHULUCANAS,AG CHULUCANAS,524,AG,OPERATIVO,08:45 a 16:45,SI,SI,SI,SI,NO,SI,SI,SI,Jirón Cuzco N° 202,,,,,,,,,,,
18,01.- PIURA,PIURA,PAITA,PAITA,PAP PAITA,525,PAP,OPERATIVO,08:45 a 16:45,SI,NO,SI,SI,NO,SI,SI,NO,Jirón San Martin S/N Plaza de Armas - Municipalidad de Paita,,,,,,,,,,,
19,01.- PIURA,PIURA,SULLANA,SULLANA,OR SULLANA,526,OR,OPERATIVO,08:45 a 16:45,SI,SI,SI,SI,SI,SI,SI,SI,Calle Leoncio Prado Nº 517 ,,,,,,,,,,,
20,01.- PIURA,PIURA,TALARA,PARIÑAS,AG TALARA,527,AG,OPERATIVO,08:45 a 16:45,SI,SI,SI,SI,NO,SI,SI,SI,Avenida Mártires Petroleros B-3 Conjunto Habitacional - Talara,,,,,,,,,,,
21,01.- PIURA,PIURA,SECHURA,SECHURA,PAP SECHURA,528,PAP,OPERATIVO,08:45 a 16:45,SI,NO,SI,SI,NO,SI,SI,NO,Calle Dos de Mayo Nº 618 - Plaza de Armas - Municipalidad de Sechura,,,,,,,,,,,
22,01.- PIURA,PIURA,PIURA,TAMBO GRANDE,PAP TAMBOGRANDE,531,PAP,OPERATIVO,08:45 a 16:45,SI,NO,SI,SI,NO,SI,SI,NO,Jirón Piura 375,,,,,,,,,,,
23,01.- PIURA,PIURA,PIURA,PIURA,MAC - PIURA,576,MAC,OPERATIVO,08:30 a 16:30,SI,SI,SI,SI,NO,SI,SI,SI,Avenida Sanchez Cerro con Wiesse Centro Comercial Real Plaza,,,,,,,,,,,
24,01.- PIURA,PIURA,PAITA,PAITA,ORA HOSPITAL LAS MERCEDES-PAITA (MINSA),611,ORA,OPERATIVO,08:45 a 16:30,SI,SI,NO,SI,SI,NO,NO,NO, Zona Industrial Sector II Mz. H Lt. 1 Jr. Los Pescadores S/N ,,,,,,,,,,,
25,01.- PIURA,TUMBES,TUMBES,TUMBES,OR TUMBES,641,OR,OPERATIVO,08:45 a 16:45,SI,SI,SI,SI,SI,SI,SI,SI,Avenida Tumbes Norte  Nº 550,,,,,,,,,,,
26,01.- PIURA,TUMBES,CONTRALMIRANTE VILLAR,ZORRITOS,PANP CONTRALMIRANTE VILLAR - ZORRITOS,642,PANP,DESPLAZAMIENTO,08:45 a 16:45,NO,NO,SI,SI,NO,NO,NO,NO,Avenida Grau Nº 305,,,,,,,,,,,
27,01.- PIURA,TUMBES,ZARUMILLA,ZARUMILLA,PAP ZARUMILLA,643,PAP,OPERATIVO,08:45 a 16:45,NO,NO,SI,SI,NO,SI,SI,NO,Avenida El Ejérrcito Nº 105 - Interior Biblioteca Municipal,,,,,,,,,,,
28,01.- PIURA,LAMBAYEQUE,LAMBAYEQUE,OLMOS,PANP OLMOS,719,PANP,DESPLAZAMIENTO,08:45 a 16:45,NO,NO,SI,SI,NO,NO,NO,NO,Avenida A. B. Leguía/Calle Alfonso Ugarte,,,,,,,,,,,
29,01.- PIURA,PIURA,PIURA,TAMBO GRANDE,ORA TAMBO GRANDE (MINSA),721,ORA,OPERATIVO,08:45 a 16:30,SI,SI,NO,SI,SI,NO,NO,NO,"Avenida Froilan Alama,, AA.HH.Froilan Alama",,,,,,,,,,,
30,01.- PIURA,LAMBAYEQUE,LAMBAYEQUE,LAMBAYEQUE,ORA HOSPITAL PROVINCIAL DOCENTE BELEN-LAMBAYEQUE (MINSA),731,ORA,OPERATIVO,08:45 a 16:30,SI,SI,NO,SI,SI,NO,NO,NO,Avenida Ramón Castilla Nº 597,,,,,,,,,,,
31,01.- PIURA,TUMBES,TUMBES,TUMBES,ORA HOSPITAL REGIONAL JOSE ALFREDO MENDOZA OLAVARRIA JAMO II-2 (MINSA),732,ORA,OPERATIVO,08:45 a 16:30,SI,SI,NO,SI,SI,NO,NO,NO,Avenida 24 de Julio Nº 565 ,,,,,,,,,,,
32,01.- PIURA,PIURA,PIURA,CATACAOS,ORA CENTRO DE SALUD MATERNO INFANTIL-CATACAOS (MINSA),609,ORA,OPERATIVO,08:45 a 16:30,SI,SI,NO,SI,SI,NO,NO,NO,Avenida Cayetano Heredia 1108 - Catacos,,,,,,,,,,,
33,01.- PIURA,PIURA,PIURA,Veintises de Octubre,ORA HOSPITAL DE LA AMISTAD PERU - COREA SANTA ROSA II-2 (MINSA),87,ORA,OPERATIVO,08:45 a 16:30,SI,SI,NO,SI,SI,NO,NO,NO,Avenida Prolongación Av. Grau/Av. Chulucanas ,,,,,,,,,,,
34,01.- PIURA,LAMBAYEQUE,CHICLAYO,CHICLAYO,ORA HOSPITAL REGIONAL LAMBAYEQUE (MINSA),760,ORA,OPERATIVO,08:45 a 16:30,SI,SI,NO,SI,SI,NO,NO,NO,Avenida Intersección de Carretera Panamerica Norte y Vía de Evitamiento S/N,,,,,,,,,,,
35,01.- PIURA,PIURA,MORROPON,CHULUCANAS,ORA HOSPITAL DE APOYO CHULUCANAS (MINSA),610,ORA,OPERATIVO,08:45 a 16:30,SI,SI,NO,SI,SI,NO,NO,NO,Calle Daniel alcides carrion S/N Asent .H. vate manrique,,,,,,,,,,,
36,01.- PIURA,LAMBAYEQUE,CHICLAYO,CHICLAYO,PVM - OR CHICLAYO,351,PVM,OPERATIVO,08:45 a 16:45,NO,NO,SI,NO,NO,SI,NO,NO,Avenida Balta N° 680 y esquina con Av. Elias Aguirre,,,,,,,,,,,
37,01.- PIURA,PIURA,PIURA,PIURA,PVM - OR PIURA,521,PVM,OPERATIVO,08:45 a 16:45,SI,NO,SI,NO,NO,NO,NO,NO,Calle Libertad Nº 568,,,,,,,,,,,
38,02.- TRUJILLO,LA LIBERTAD,TRUJILLO,TRUJILLO,ORA REGIONAL DOCENTE DE TRUJILLO (MINSA),45,ORA,OPERATIVO,08:45 a 16:30,SI,NO,NO,SI,SI,NO,NO,NO,Avenida Mansiche Nº 795,,,,,,,,,,,
39,02.- TRUJILLO,CAJAMARCA,CAJAMARCA,CAJAMARCA,ORA REGIONAL CAJAMARCA (MINSA),86,ORA,OPERATIVO,08:45 a 16:30,SI,NO,NO,NO,SI,NO,NO,NO,Jirón Larry Jhonson S/N Cdra. 8,,,,,,,,,,,
40,02.- TRUJILLO,LA LIBERTAD,TRUJILLO,TRUJILLO,ORA HOSPITAL BELEN DE TRUJILLO (MINSA),139,ORA,OPERATIVO,08:45 a 16:30,SI,NO,NO,SI,SI,NO,NO,NO,Calle Bolívar Nº 350,,,,,,,,,,,
41,02.- TRUJILLO,CAJAMARCA,CAJAMARCA,CAJAMARCA,OR CAJAMARCA,151,OR,OPERATIVO,08:45 a 16:45,SI,SI,SI,SI,SI,SI,SI,SI,Jirón Del Comercio Nº 633,,,,,,,,,,,
42,02.- TRUJILLO,CAJAMARCA,CAJABAMBA,CAJABAMBA,PAP CAJABAMBA,152,PAP,OPERATIVO,08:45 a 16:45,SI,NO,SI,SI,NO,SI,SI,NO,Jirón Miguel Grau Nº 224-226-228 Mz. 31 Lt. 2 ,,,,,,,,,,,
43,02.- TRUJILLO,CAJAMARCA,CELENDIN,CELENDÍN,PAP CELENDIN,153,PAP,OPERATIVO,08:45 a 16:45,SI,NO,SI,SI,NO,SI,SI,NO,Jirón Pardo N° 610,,,,,,,,,,,
44,02.- TRUJILLO,CAJAMARCA,CONTUMAZA,CONTUMAZÁ,PAP CONTUMAZA,154,PAP,OPERATIVO,08:45 a 16:45,NO,NO,SI,SI,NO,SI,SI,NO,Jirón Miguel Grau Nº 212,,,,,,,,,,,
45,02.- TRUJILLO,CAJAMARCA,HUALGAYOC,BAMBAMARCA,PAP HUALGAYOC,157,PAP,OPERATIVO,08:45 a 16:45,SI,NO,SI,SI,NO,SI,SI,NO,Jirón 07 de Junio Nº 470,,,,,,,,,,,
46,02.- TRUJILLO,CAJAMARCA,SAN MIGUEL,SAN MIGUEL,PAP SAN MIGUEL,160,PAP,OPERATIVO,08:45 a 16:45,NO,NO,SI,SI,NO,NO,NO,NO,Jirón Bolognesi N° 364,,,,,,,,,,,
47,02.- TRUJILLO,CAJAMARCA,SAN MARCOS,PEDRO GÁLVEZ,PAP SAN MARCOS,162,PAP,OPERATIVO,08:45 a 16:45,NO,NO,SI,SI,NO,SI,SI,NO,Jirón Alfonso Ugarte N° 325 (Mz. 46 Lt. 17 Centro Poblado San Marcos).,,,,,,,,,,,
48,02.- TRUJILLO,CAJAMARCA,SAN PABLO,SAN PABLO,PAP SAN PABLO,163,PAP,OPERATIVO,08:45 a 16:45,NO,NO,SI,SI,NO,SI,SI,NO,Jirón Plaza de Armas S/N,,,,,,,,,,,
49,02.- TRUJILLO,LA LIBERTAD,TRUJILLO,VICTOR LARCO HERRERA,OR TRUJILLO II,173,OR,OPERATIVO,08:45 a 16:45,SI,SI,SI,SI,SI,SI,SI,SI,Avenida Víctor Larco N° 1096. Urb. Vista Alegre,,,,,,,,,,,
50,02.- TRUJILLO,LA LIBERTAD,PATAZ,PARCOY,OR PARCOY,293,OR,OPERATIVO,08:45 a 16:45,SI,NO,SI,SI,SI,SI,SI,NO,Jirón San Martín N° 859,,,,,,,,,,,
51,02.- TRUJILLO,LA LIBERTAD,TRUJILLO,TRUJILLO,OR TRUJILLO ,310,OR,OPERATIVO,08:45 a 16:45,SI,SI,SI,SI,SI,SI,SI,SI,Avenida Pablo Casals Mz. A Lt. 6 Urb. Los Cedros,,,,,,,,,,,
52,02.- TRUJILLO,LA LIBERTAD,BOLIVAR,BOLÍVAR,PAP BOLIVAR,311,PAP,OPERATIVO,08:45 a 16:45,NO,NO,SI,SI,NO,SI,SI,NO,Jirón Bolivar S/N - Mz. 20 Lt. 8,,,,,,,,,,,
53,02.- TRUJILLO,LA LIBERTAD,SANCHEZ CARRION,HUAMACHUCO,AG SANCHEZ CARRION,312,AG,OPERATIVO,08:45 a 16:45,SI,SI,SI,SI,NO,SI,SI,SI,Jirón Alfonso Ugarte N° 567,,,,,,,,,,,
54,02.- TRUJILLO,LA LIBERTAD,OTUZCO,OTUZCO,AG OTUZCO,313,AG,OPERATIVO,08:45 a 16:45,SI,SI,SI,SI,NO,SI,SI,SI,Pasaje Elías Armas Castillo Lt. 5-E1 Mz. 28,,,,,,,,,,,
55,02.- TRUJILLO,LA LIBERTAD,PACASMAYO,SAN PEDRO DE LLOC,AG PACASMAYO,314,AG,OPERATIVO,08:45 a 16:45,SI,SI,SI,SI,NO,SI,SI,SI,Jirón Alianza Nº 524,,,,,,,,,,,
56,02.- TRUJILLO,LA LIBERTAD,PATAZ,TAYABAMBA,PAP PATAZ,315,PAP,OPERATIVO,08:45 a 16:45,NO,NO,SI,SI,NO,NO,NO,NO,Jirón Sucre 337 1er Piso Centro Civico,,,,,,,,,,,
57,02.- TRUJILLO,LA LIBERTAD,SANTIAGO DE CHUCO,SANTIAGO DE CHUCO,PAP SANTIAGO DE CHUCO,316,PAP,OPERATIVO,08:45 a 16:45,NO,NO,SI,SI,NO,SI,SI,NO,Calle Luis de La Puente Uceda  Nº 1120,,,,,,,,,,,
58,02.- TRUJILLO,LA LIBERTAD,ASCOPE,ASCOPE,PAP ASCOPE,317,PAP,OPERATIVO,08:45 a 16:45,NO,NO,SI,SI,NO,SI,SI,NO,"Calle Miguel Grau N° 879, Ascope - 1er Piso",,,,,,,,,,,
59,02.- TRUJILLO,LA LIBERTAD,CHEPEN,CHEPÉN,PAP CHEPEN,318,PAP,OPERATIVO,08:45 a 16:45,SI,NO,SI,SI,NO,SI,SI,NO,Calle Manuel Seoane  N° 136. Chepen,,,,,,,,,,,
60,02.- TRUJILLO,LA LIBERTAD,JULCAN,JULCÁN,PAP JULCAN,319,PAP,OPERATIVO,08:45 a 16:45,NO,NO,SI,SI,NO,NO,NO,NO,Avenida 28 de Julio Nº 201 Centro Civico - Julcán,,,,,,,,,,,
61,02.- TRUJILLO,LA LIBERTAD,GRAN CHIMU,CASCAS,PAP GRAN CHIMU,320,PAP,OPERATIVO,08:45 a 16:45,NO,NO,SI,SI,NO,SI,SI,NO,Calle Progreso S/N Cdra. 3,,,,,,,,,,,
62,02.- TRUJILLO,LA LIBERTAD,VIRU,VIRU,PAP VIRU,321,PAP,OPERATIVO,08:45 a 16:45,SI,NO,SI,SI,NO,SI,SI,NO,  Mz. A Lt. N° 08 Urb. Las Palmeras,,,,,,,,,,,
63,02.- TRUJILLO,CAJAMARCA,HUALGAYOC,BAMBAMARCA,ORA BAMBAMARCA - TITO VILLAR CABEZAS (MINSA),358,ORA,OPERATIVO,08:45 a 16:30,SI,NO,NO,SI,SI,NO,NO,NO,Caserío El Frutillo. Bambamarca,,,,,,,,,,,
64,02.- TRUJILLO,CAJAMARCA,CELENDIN,CELENDÍN,ORA DE APOYO CELENDIN (MINSA),359,ORA,OPERATIVO,08:45 a 16:30,SI,NO,NO,SI,SI,NO,NO,NO,Avenida Túpac Amaru Cdra. 4,,,,,,,,,,,
65,02.- TRUJILLO,CAJAMARCA,CAJABAMBA,CAJABAMBA,ORA HOSPITAL NUESTRA SEÑORA DEL ROSARIO (MINSA),360,ORA,OPERATIVO,08:45 a 16:30,SI,NO,NO,SI,SI,NO,NO,NO,Jirón La Torre N° 277,,,,,,,,,,,
66,02.- TRUJILLO,CAJAMARCA,SAN MARCOS,PEDRO GÁLVEZ,ORA SAN MARCOS (MINSA),361,ORA,OPERATIVO,08:45 a 16:30,SI,NO,NO,SI,SI,NO,NO,NO,Avenida 28 de Julio S/N Cdra.2,,,,,,,,,,,
67,02.- TRUJILLO,LA LIBERTAD,TRUJILLO,EL PORVENIR,OR EL PORVENIR,508,OR,OPERATIVO,08:45 a 16:45,SI,SI,SI,SI,SI,SI,SI,SI,Jirón Gabriel Aguilar Nº 1657. 2do piso.,,,,,,,,,,,
68,02.- TRUJILLO,LA LIBERTAD,TRUJILLO,ALTO TRUJILLO,OR ALTO TRUJILLO,569,OR,OPERATIVO,08:45 a 16:45,SI,SI,SI,SI,SI,SI,SI,SI, Barrio 3 Mz T Lt. 2,,,,,,,,,,,
69,02.- TRUJILLO,CAJAMARCA,CAJAMARCA,CAJAMARCA,ORA SIMON BOLIVAR (MINSA),592,ORA,OPERATIVO,08:45 a 16:30,SI,NO,NO,SI,SI,NO,NO,NO,Avenida Mario Urteaga N° 500,,,,,,,,,,,
70,02.- TRUJILLO,LA LIBERTAD,PACASMAYO,GUADALUPE,ORA DE APOYO TOMÁS LAFORA (MINSA),593,ORA,OPERATIVO,08:45 a 16:30,SI,NO,NO,SI,SI,NO,NO,NO,Calle La Victoria S/N,,,,,,,,,,,
71,02.- TRUJILLO,CAJAMARCA,CAJAMARCA,LOS BAÑOS DEL INCA,ORA BAÑOS DEL INCA (MINSA),602,ORA,OPERATIVO,08:45 a 16:30,SI,NO,NO,SI,SI,NO,NO,NO,Jirón Pachacútec N° 489,,,,,,,,,,,
72,02.- TRUJILLO,LA LIBERTAD,TRUJILLO,LA ESPERANZA,ORA DISTRITAL JERUSALEN (MINSA),604,ORA,OPERATIVO,08:45 a 16:30,SI,NO,NO,SI,SI,NO,NO,NO,Pasaje 1 Barrio 3 Mz. 20 Lt. 02 Sector Jerusalén,,,,,,,,,,,
73,02.- TRUJILLO,LA LIBERTAD,PATAZ,CHILLIA,AG CHILLIA,605,AG,OPERATIVO,08:45 a 16:45,SI,NO,SI,SI,NO,SI,SI,NO,Jirón Miraflores S/N,,,,,,,,,,,
74,02.- TRUJILLO,LA LIBERTAD,SANTIAGO DE CHUCO,SANTIAGO DE CHUCO,ORA DE APOYO CESAR ABRAHAM VALLEJO MENDOZA (MINSA),613,ORA,OPERATIVO,08:45 a 16:30,SI,NO,NO,SI,SI,NO,NO,NO,Calle Gustavo Pinillo S/N - Barrio San Cristobal,,,,,,,,,,,
75,02.- TRUJILLO,LA LIBERTAD,CHEPEN,CHEPEN,ORA DE APOYO CHEPEN (MINSA),614,ORA,DESPLAZAMIENTO,08:45 a 16:30,SI,NO,NO,SI,SI,NO,NO,NO,Avenida 28 de Julio S/N,,,,,,,,,,,
76,02.- TRUJILLO,LA LIBERTAD,SANCHEZ CARRION,HUAMACHUCO,ORA DE APOYO LEONCIO PRADO (MINSA),615,ORA,OPERATIVO,08:45 a 16:30,SI,NO,NO,SI,SI,NO,NO,NO,Avenida 10 de Julio N° 209,,,,,,,,,,,
77,02.- TRUJILLO,LA LIBERTAD,OTUZCO,OTUZCO,ORA DE APOYO OTUZCO ELPIDIO BEROVIDES PEREZ (MINSA),616,ORA,OPERATIVO,08:45 a 16:30,SI,NO,NO,SI,SI,NO,NO,NO,Calle Progreso N° 385,,,,,,,,,,,
78,02.- TRUJILLO,LA LIBERTAD,ASCOPE,PAIJAN,ORA PAIJAN (MINSA),617,ORA,DESPLAZAMIENTO,08:45 a 16:30,SI,NO,NO,SI,SI,NO,NO,NO,Carretera Vía Panamericana S/N Sector Manco Capac,,,,,,,,,,,
79,02.- TRUJILLO,CAJAMARCA,CAJAMARCA,CAJAMARCA,MAC - CAJAMARCA,795,MAC,OPERATIVO,08:30 a 16:30,SI,SI,SI,SI,NO,SI,SI,SI,Avenida Via De Evitamiento. Jr. El Mutuy y Av. La Cantuta - Cajamarca - Centro Comercial Real Plaza 2do. Piso,,,,,,,,,,,
80,02.- TRUJILLO,LA LIBERTAD,TRUJILLO,TRUJILLO,MAC - LA LIBERTAD,822,MAC,OPERATIVO,08:30 a 16:30,SI,SI,SI,SI,NO,SI,SI,SI,"Avenida Centro Comercial Real Plaza de Trujillo -Fundo Las Casuarinas, Sub Lote predio A; Intersección , Av. Fátima 1345, Trujillo, La Libertad",,,,,,,,,,,
81,02.- TRUJILLO,LA LIBERTAD,VIRU,VIRU,ORA PROVINCIAL DE VIRÚ (MINSA),594,ORA,OPERATIVO,08:45 a 16:30,SI,NO,NO,SI,SI,NO,NO,NO,Calle Sucre Nº 799,,,,,,,,,,,
82,02.- TRUJILLO,LA LIBERTAD,TRUJILLO,TRUJILLO,ORA HOSPITAL VÍCTOR LAZARTE ECHEGARAY (ESSALUD),46,ORA,OPERATIVO,08:45 a 16:30,SI,NO,NO,SI,SI,NO,NO,NO,Avenida Prolongación Unión 1375,,,,,,,,,,,
83,03.- TARAPOTO,SAN MARTIN,SAN MARTIN,TARAPOTO,ORA HOSPITAL TARAPOTO (MINSA),109,ORA,OPERATIVO,08:45 a 16:30,NO,NO,NO,SI,SI,NO,NO,NO,Jirón Angel Delgado Morey Nº 503,,,,,,,,,,,
84,03.- TARAPOTO,LORETO,DATEM DEL MARAÑON,BARRANCA,PAP DATEM DEL MARAÑON,120,PAP,OPERATIVO,08:45 a 16:45,NO,NO,SI,SI,NO,SI,SI,NO,Calle Tigre Mz. 31 Lt. 08 - San Lorenzo,,,,,,,,,,,
85,03.- TARAPOTO,SAN MARTIN,RIOJA,NUEVA CAJAMARCA,AG NUEVA CAJAMARCA,331,AG,OPERATIVO,08:45 a 16:45,NO,NO,SI,SI,NO,SI,SI,NO,Carretera Fernando Belaunde Terry Altura del Km. 447.50 ,,,,,,,,,,,
86,03.- TARAPOTO,LORETO,ALTO AMAZONAS,YURIMAGUAS,AG ALTO AMAZONAS,432,AG,OPERATIVO,08:45 a 16:45,SI,SI,SI,SI,NO,SI,SI,SI,Calle Mariscal Castilla N° 411,,,,,,,,,,,
87,03.- TARAPOTO,SAN MARTIN,MOYOBAMBA ,MOYOBAMBA,ORA HOSPITAL MOYOBAMBA (MINSA),543,ORA,OPERATIVO,08:45 a 16:30,NO,NO,NO,SI,SI,NO,NO,NO,Jirón Grau cuadra 4,,,,,,,,,,,
88,03.- TARAPOTO,SAN MARTIN,MOYOBAMBA ,MOYOBAMBA,AG MOYOBAMBA,581,AG,OPERATIVO,08:45 a 16:45,SI,SI,SI,SI,NO,SI,SI,SI,Jirón Dos de Mayo Mz. 1530 Lt. 14 (837),,,,,,,,,,,
89,03.- TARAPOTO,SAN MARTIN,HUALLAGA,SAPOSOA,AG HUALLAGA,582,AG,OPERATIVO,08:45 a 16:45,NO,NO,SI,SI,NO,SI,SI,NO,Jirón Lima N° 591,,,,,,,,,,,
90,03.- TARAPOTO,SAN MARTIN,LAMAS,LAMAS,AG LAMAS,583,AG,OPERATIVO,08:45 a 16:45,NO,NO,SI,SI,NO,SI,SI,NO,Jirón San Martín N° 984,,,,,,,,,,,
91,03.- TARAPOTO,SAN MARTIN,MARISCAL CACERES,JUANJUI,AG MARISCAL CACERES,584,AG,OPERATIVO,08:45 a 16:45,SI,SI,SI,SI,NO,SI,SI,SI,Jirón Eduardo Peña Meza N° 772 ,,,,,,,,,,,
92,03.- TARAPOTO,SAN MARTIN,RIOJA,RIOJA,OR RIOJA,585,OR,OPERATIVO,08:45 a 16:45,SI,SI,SI,SI,SI,SI,SI,SI,Jirón Angaiza N° 530,,,,,,,,,,,
93,03.- TARAPOTO,SAN MARTIN,SAN MARTIN ,TARAPOTO,OR TARAPOTO,586,OR,OPERATIVO,08:45 a 16:45,SI,SI,SI,SI,SI,SI,SI,SI,Jirón Jiménez Pimentel N° 280 ,,,,,,,,,,,
94,03.- TARAPOTO,SAN MARTIN,BELLAVISTA,BELLAVISTA,AG BELLAVISTA,587,AG,OPERATIVO,08:45 a 16:45,SI,SI,SI,SI,NO,SI,SI,SI,Jirón Huallaga - Iquitos Mz. 7 Lt. 27 - A.  1er. Piso,,,,,,,,,,,
95,03.- TARAPOTO,SAN MARTIN,PICOTA,PICOTA,AG PICOTA,589,AG,OPERATIVO,08:45 a 16:45,NO,NO,SI,SI,NO,SI,SI,NO,"Jirón Simón Bolívar, cuadra 4",,,,,,,,,,,
96,03.- TARAPOTO,SAN MARTIN,EL DORADO ,SAN JOSE DE SISA,AG EL DORADO,590,AG,OPERATIVO,08:45 a 16:45,NO,NO,SI,SI,NO,NO,NO,NO,Jirón Comercio N° 610,,,,,,,,,,,
97,03.- TARAPOTO,LORETO,DATEM DEL MARAÑON,BARRANCA,ORA SAN LORENZO - NUCLEO BASE (MINSA),601,ORA,OPERATIVO,08:45 a 16:30,NO,NO,NO,SI,SI,NO,NO,NO,Barrio Daniel Alcides Carrión S/N - Barrio Huacachina,,,,,,,,,,,
98,03.- TARAPOTO,SAN MARTIN,SAN MARTIN ,LA BANDA DE SHILCAYO,AG LA BANDA DE SHILCAYO,612,AG,OPERATIVO,08:45 a 16:45,NO,NO,SI,SI,NO,SI,SI,NO,Jirón Yurimaguas N° 340,,,,,,,,,,,
99,03.- TARAPOTO,SAN MARTIN,MARISCAL CACERES,JUANJUI,ORA HOSPITAL JUANJUI (MINSA),632,ORA,OPERATIVO,08:45 a 16:30,NO,NO,NO,SI,SI,NO,NO,NO,Jirón Arica N° 205,,,,,,,,,,,
100,03.- TARAPOTO,SAN MARTIN,RIOJA,RIOJA,ORA HOSPITAL DE RIOJA (MINSA),658,ORA,OPERATIVO,08:45 a 16:30,NO,NO,NO,SI,SI,NO,NO,NO,Jirón Túpac Amaru S/N,,,,,,,,,,,
101,03.- TARAPOTO,LORETO,ALTO AMAZONAS,LAGUNAS,AG LAGUNAS,509,AG,OPERATIVO,08:45 a 16:45,NO,NO,SI,SI,NO,NO,NO,NO,Jirón FITZCARRALD C-9,,,,,,,,,,,
102,03.- TARAPOTO,SAN MARTIN,SAN MARTIN,MORALES,PANP MORALES,983,PANP,OPERATIVO,08:45 a 16:45,NO,NO,SI,SI,NO,SI,SI,NO,Jirón Tarapoto N° 116 Plaza de Armas,,,,,,,,,,,
103,04.- IQUITOS,LORETO,MAYNAS,PUNCHANA,"ORA HOSPITAL REGIONAL DE LORETO ""FELIPE ARRIOLA IGLESIAS""",55,ORA,OPERATIVO,08:45 a 16:30,SI,SI,NO,SI,SI,NO,NO,NO,Avenida 28 de Julio S/N,,,,,,,,,,,
104,04.- IQUITOS,LORETO,MAYNAS,IQUITOS,"ORA HOSPITAL IQUITOS ""CESAR GARAYAR GARCIA""",85,ORA,OPERATIVO,08:45 a 16:30,SI,SI,NO,SI,SI,NO,NO,NO,Calle Cornejo Portugal 1710,,,,,,,,,,,
105,04.- IQUITOS,LORETO,MAYNAS,BELÉN,OR BELEN,332,OR,OPERATIVO,08:45 a 16:45,SI,SI,SI,SI,SI,SI,SI,NO,Calle Miraflores S/N P. J. 09 de Octubre,,,,,,,,,,,
106,04.- IQUITOS,LORETO,MAYNAS,TENIENTE MANUEL CLAVERO,PAP SOPLIN VARGAS,339,PAP,OPERATIVO,08:45 a 16:45,NO,NO,SI,SI,NO,NO,NO,NO,Avenida Plaza de Armas S/N  ,,,,,,,,,,,
107,04.- IQUITOS,LORETO,MAYNAS,IQUITOS,OR IQUITOS,431,OR,OPERATIVO,08:45 a 16:45,SI,SI,SI,SI,SI,SI,SI,SI,Jirón Próspero Nº 201,,,,,,,,,,,
108,04.- IQUITOS,LORETO,LORETO,NAUTA,PAP NAUTA,433,PAP,OPERATIVO,08:45 a 16:45,SI,NO ,SI,SI,NO,SI,SI,NO,Avenida Grau Nº 305 Centro,,,,,,,,,,,
109,04.- IQUITOS,LORETO,REQUENA,REQUENA,PAP REQUENA,434,PAP,OPERATIVO,08:45 a 16:45,SI,NO ,SI,SI,NO,SI,SI,NO,Calle San Antonio S/N Anexo Hotel Municipal,,,,,,,,,,,
110,04.- IQUITOS,LORETO,MARISCAL RAMON CASTILLA,RAMON CASTILLA,PAP MARISCAL RAMON CASTILLA - CABALLOCOCHA,436,PAP,OPERATIVO,08:45 a 16:45,SI,NO ,SI,SI,NO,SI,SI,NO,Calle Ayacucho Mz. 22 Lt. 4 C con Amazonas S/N - Local Municipal,,,,,,,,,,,
111,04.- IQUITOS,LORETO,MAYNAS,SAN JUAN BAUTISTA,OR SAN JUAN BAUTISTA,438,OR,OPERATIVO,08:45 a 16:45,SI,NO ,SI,SI,SI,SI,SI,NO,Avenida Abelardo Quiñones Nº 2371 Km. 2.5 ,,,,,,,,,,,
112,04.- IQUITOS,LORETO,MARISCAL RAMON CASTILLA,YAVARI,PAP YAVARI,439,PAP,OPERATIVO,08:45 a 16:45,NO,NO ,SI,SI,NO,NO,NO,NO,Pasaje Dos de Julio S/N Local Municipal,,,,,,,,,,,
113,04.- IQUITOS,LORETO,PUTUMAYO,PUTUMAYO,PAP PUTUMAYO,440,PAP,OPERATIVO,08:45 a 16:45,NO,NO ,SI,SI,NO,NO,NO,NO,Calle LOCAL MUNICIPAL,,,,,,,,,,,
114,04.- IQUITOS,LORETO,MAYNAS,PUNCHANA,PAP PUNCHANA,449,PAP,OPERATIVO,08:45 a 16:45,SI,NO ,SI,SI,NO,SI,NO,NO,"Calle Cusco S/N, cuadra 5, equina con Trujillo.",,,,,,,,,,,
115,04.- IQUITOS,LORETO,REQUENA,REQUENA,ORA REQUENA,645,ORA,OPERATIVO,08:45 a 16:30,SI,NO ,NO,SI,SI,NO,NO,NO,Calle Mártires del Petroléo S/N - Malecon Grau,,,,,,,,,,,
116,04.- IQUITOS,LORETO,MARISCAL RAMON CASTILLA,RAMON CASTILLA,ORA CABALLOCOCHA,711,ORA,OPERATIVO,08:45 a 16:30,si,NO ,NO,SI,SI,NO,NO,NO,Calle Progreso N° 425,,,,,,,,,,,
117,04.- IQUITOS,LORETO,MAYNAS,PUNCHANA,MAC - LORETO,806,MAC,OPERATIVO,08:30 a 16:30,SI,NO ,SI,SI,NO,SI,SI,NO,Avenida La Marina Nº  1338,,,,,,,,,,,
118,05.- CHIMBOTE,ANCASH,SANTA,CHIMBOTE,OR SANTA,33,OR,OPERATIVO,08:45 a 16:45,SI,SI,SI,SI,SI,SI,SI,SI,Jirón Enrique Palacios Nº 504-506 esquina con Jr. Ladislao Espinar Nº 401,,,,,,,,,,,
119,05.- CHIMBOTE,ANCASH,SANTA,CHIMBOTE,CENTRO MAC ANCASH (MegaPlaza Chimbote),1182,MAC,OPERATIVO,08:30 a 16:30,SI,SI,SI,SI,NO,SI,SI,SI," Mz. B Lt. 1-A-1-A2 Sector Parque Gran Chavín, Centro Comercial Megaplaza Chimbote",,,,,,,,,,,
120,05.- CHIMBOTE,ANCASH,SANTA,NUEVO CHIMBOTE,AG NUEVO CHIMBOTE,137,AG,OPERATIVO,08:45 a 16:45,SI,SI,SI,SI,NO,SI,SI,SI, Mz. 74-75 Lt. 1 del Centro Cívico de la Municipalidad Distrital de Nuevo Chimbote,,,,,,,,,,,
121,05.- CHIMBOTE,ANCASH,HUARAZ,HUARAZ,AG HUARAZ,21,AG,OPERATIVO,08:45 a 16:45,SI,SI,SI,SI,NO,SI,SI,SI,"Jirón Agustin Loly N° 756, Mz. 29A Lt. 27, Barrio La Soledad Alta, intersección con Jr. Agustin Mejía",,,,,,,,,,,
122,05.- CHIMBOTE,ANCASH,HUAYLAS,CARAZ,AG HUAYLAS,27,AG,OPERATIVO,08:45 a 16:45,SI,SI,SI,SI,NO,SI,SI,SI,Jirón Raimondi N° 215,,,,,,,,,,,
123,05.- CHIMBOTE,ANCASH,HUARI,HUARI,AG HUARI,28,AG,OPERATIVO,08:45 a 16:45,SI,SI,SI,SI,NO,SI,SI,SI,Jirón Libertad Mz. P2 Lt. 003,,,,,,,,,,,
124,05.- CHIMBOTE,ANCASH,POMABAMBA,POMABAMBA,AG POMABAMBA,31,AG,OPERATIVO,08:45 a 16:45,SI,SI,SI,SI,NO,SI,SI,SI,Jirón Huaraz Nº 369,,,,,,,,,,,
125,05.- CHIMBOTE,ANCASH,SIHUAS,SIHUAS,AG SIHUAS,34,AG,OPERATIVO,08:45 a 16:45,SI,SI,SI,SI,NO,SI,SI,SI,"Jirón Gomes Arias 106, Barrio Pingullo Alto",,,,,,,,,,,
126,05.- CHIMBOTE,ANCASH,PALLASCA,PAMPAS,AG PAMPAS,518,AG,OPERATIVO,08:45 a 16:45,SI,NO,SI,SI,NO,SI,SI,NO,Calle Plaza de Armas S/N - Municipalidad Distrital de Pampas - 1er piso,,,,,,,,,,,
127,05.- CHIMBOTE,ANCASH,CASMA,CASMA,PAP CASMA,25,PAP,OPERATIVO,08:45 a 16:45,SI,NO,SI,SI,NO,SI,SI,NO, Sector Hijuela Mz. C Lt. 13 del Centro Cívico de la Municipalidad Provincial de Casma,,,,,,,,,,,
128,05.- CHIMBOTE,ANCASH,HUARMEY,HUARMEY,PAP HUARMEY,39,PAP,OPERATIVO,08:45 a 16:45,SI,NO,SI,SI,NO,SI,SI,NO, 1er. Pabellón S/N del Centro Cívico de la Municipalidad Provincial de Huarmey,,,,,,,,,,,
129,05.- CHIMBOTE,ANCASH,RECUAY,RECUAY,PAP RECUAY,32,PAP,OPERATIVO,08:45 a 16:45,SI,NO,SI,SI,NO,SI,SI,NO,Calle Plaza de Armas Nº 180 Municipalidad Distrital de Recuay,,,,,,,,,,,
130,05.- CHIMBOTE,ANCASH,CARHUAZ,CARHUAZ,PAP CARHUAZ,24,PAP,OPERATIVO,08:45 a 16:45,SI,NO,SI,SI,NO,NO,NO,NO,Avenida La Merced Nº 1006,,,,,,,,,,,
131,05.- CHIMBOTE,ANCASH,YUNGAY,YUNGAY,PAP YUNGAY,35,PAP,OPERATIVO,08:45 a 16:45,SI,NO,SI,SI,NO,NO,NO,NO,Avenida Arias Grazziani Lt. 1-2 Centro Cívico de la Municipalidad Provincial de Yungay,,,,,,,,,,,
132,05.- CHIMBOTE,ANCASH,CARLOS FERMIN FITZCARRALD,SAN LUÍS,PAP CARLOS FERMÍN FITZCARRALD,37,PAP,OPERATIVO,08:45 a 16:45,SI,NO,SI,SI,NO,SI,SI,NO,Avenida Ramón Castilla N° 320 - 1er. piso Centro Cívico de la Municipalidad Provincial de C. F. Fitzcarrald,,,,,,,,,,,
133,05.- CHIMBOTE,ANCASH,MARISCAL LUZURIAGA,PISCOBAMBA,PAP MARISCAL LUZURIAGA,29,PAP,OPERATIVO,08:45 a 16:45,SI,NO,SI,SI,NO,SI,SI,NO,"Jirón San Pablo S/N, Centro Cívico de la Municipalidad Provincial de Mariscal Luzuriaga",,,,,,,,,,,
134,05.- CHIMBOTE,ANCASH,SANTA,CHIMBOTE,ORA HOSPITAL LA CALETA (Chimbote),140,ORA,OPERATIVO,08:45 a 16:30,SI,SI,NO,SI,SI,NO,NO,NO,Avenida Malecon Grau S/N,,,,,,,,,,,
135,05.- CHIMBOTE,ANCASH,SANTA,CHIMBOTE,ORA HOSPITAL ESSALUD III CHIMBOTE,57,ORA,OPERATIVO,08:45 a 16:30,SI,SI,NO,SI,SI,NO,NO,NO,Avenida Circunvalación Nº 119 Urb. Laderas del Norte,,,,,,,,,,,
136,05.- CHIMBOTE,ANCASH,SANTA,NUEVO CHIMBOTE,ORA HOSPITAL ELEAZAR GUZMÁN BARRÓN (Nuevo Chimbote),56,ORA,OPERATIVO,08:45 a 16:30,SI,SI,NO,SI,SI,NO,NO,NO,"Avenida Brasil S/N, Urb. Santa Cristina (Hospital Regional Eleazar Guzmán Barrón puerta de Emergencia)",,,,,,,,,,,
137,05.- CHIMBOTE,ANCASH,HUARAZ,HUARAZ,ORA HOSPITAL VÍCTOR RAMOS GUARDIA (Huaraz),295,ORA,OPERATIVO,08:45 a 16:30,SI,SI,NO,SI,SI,NO,NO,NO,"Avenida Mariscal Luzuriaga cdra. 01, cruce con Jr. Pedro Villón cdra. 10",,,,,,,,,,,
138,05.- CHIMBOTE,ANCASH,HUAYLAS,CARAZ,ORA HOSPITAL DE APOYO CARAZ,595,ORA,OPERATIVO,08:45 a 16:30,SI,SI,NO,SI,SI,NO,NO,NO,Avenida 9 de Octubre S/N,,,,,,,,,,,
139,05.- CHIMBOTE,ANCASH,HUARI,HUARI,ORA HOSPITAL DE APOYO HUARI,748,ORA,OPERATIVO,08:45 a 16:30,SI,SI,NO,SI,SI,NO,NO,NO,Avenida Circunvalación Baja S/N,,,,,,,,,,,
140,05.- CHIMBOTE,ANCASH,CORONGO,CORONGO,PANP CORONGO,26,PANP,DESPLAZAMIENTO,08:45 a 16:45,NO,NO,SI,SI,NO,NO,NO,NO,"Jirón Grau N° 206, primer piso de la Municipalidad Provincial de Corongo",,,,,,,,,,,
141,05.- CHIMBOTE,ANCASH,PALLASCA,CABANA,PANP PALLASCA,30,PANP,DESPLAZAMIENTO,08:45 a 16:45,NO,NO,SI,SI,NO,NO,NO,NO,"Avenida Plaza de Armas N° 103, primer piso de la Municipalidad Provincial de Pallasca",,,,,,,,,,,
142,05.- CHIMBOTE,ANCASH,AIJA,AIJA,PANP AIJA,22,PANP,DESPLAZAMIENTO,08:45 a 16:45,NO,NO,SI,SI,NO,NO,NO,NO,"Jirón Gavino Uribe S/N Plaza de Armas, 1er piso de la Municipalidad Provincial de Aija",,,,,,,,,,,
143,05.- CHIMBOTE,ANCASH,BOLOGNESI,CHIQUIAN,PANP BOLOGNESI,23,PANP,DESPLAZAMIENTO,08:45 a 16:45,NO,NO,SI,SI,NO,NO,NO,NO,"Jirón Tacna 320, primer piso del Centro Cívico de la Municipalidad Distrital de Chiquian",,,,,,,,,,,
144,05.- CHIMBOTE,ANCASH,YUNGAY,YANAMA,AG YANAMA,741,AG,DESPLAZAMIENTO,08:45 a 16:45,NO,NO,SI,SI,NO,NO,NO,NO,Jirón Yungay S/N cdra. 03,,,,,,,,,,,
145,05.- CHIMBOTE,ANCASH,MARISCAL LUZURIAGA,LLUMPA,PANP LLUMPA,470,PANP,DESPLAZAMIENTO,08:45 a 16:45,NO,NO,SI,SI,NO,NO,NO,NO, Plaza de Armas S/N,,,,,,,,,,,
146,05.- CHIMBOTE,ANCASH,ASUNCION,CHACAS,PANP ASUNCIÓN,38,PANP,DESPLAZAMIENTO,08:45 a 16:45,NO,NO,SI,SI,NO,NO,NO,NO,Jirón Coliseo de Chacas S/N,,,,,,,,,,,
147,05.- CHIMBOTE,ANCASH,HUARI,CHAVIN DE HUANTAR,PANP CHAVÍN DE HUANTAR,714,PANP,DESPLAZAMIENTO,08:45 a 16:45,NO,NO,SI,SI,NO,NO,NO,NO,"Jirón San Martin S/N, 1er piso del Centro Cívico de la Municipalidad Distrital de Chavin de Huantar",,,,,,,,,,,
148,05.- CHIMBOTE,ANCASH,HUARI,SAN MARCOS,PANP SAN MARCOS ,715,PANP,DESPLAZAMIENTO,08:45 a 16:45,NO,NO,SI,SI,NO,NO,NO,NO,"Jirón Progreso 332, Plaza de Armas de San Marcos",,,,,,,,,,,
149,05.- CHIMBOTE,ANCASH,HUACAYBAMBA,HUACAYBAMBA,PANP HUACAYBAMBA,249,PANP,DESPLAZAMIENTO,08:45 a 16:45,NO,NO,SI,SI,NO,NO,NO,NO,"Avenida El Ejercito S/N Barrio San Pedro, 1er piso Municipalidad Provincial de Huacaybamba",,,,,,,,,,,
150,05.- CHIMBOTE,ANCASH,ANTONIO RAIMONDI,LLAMELLIN,PANP ANTONIO RAIMONDI,36,PANP,DESPLAZAMIENTO,08:45 a 16:45,NO,NO,SI,SI,NO,NO,NO,NO,Jirón Simón Bolívar N° 229,,,,,,,,,,,
151,05.- CHIMBOTE,ANCASH,HUARI,UCO,PANP UCO,766,PANP,DESPLAZAMIENTO,08:45 a 16:45,NO,NO,SI,SI,NO,NO,NO,NO,"Jirón Nicolas de Piérola S/N Plaza de Armas, 1er piso de la Municipalidad Distrital de Uco",,,,,,,,,,,
152,06.- HUANCAYO,JUNIN,HUANCAYO,EL TAMBO,OR HUANCAYO,281,OR,OPERATIVO,08:45 a 16:45,SI,SI,SI,SI,NO,SI,SI,SI,Avenida MARISCAL CASTILLA Nº 1801,,,,,,,,,,,NO
153,06.- HUANCAYO,JUNIN,TARMA,TARMA,AG TARMA,285,AG,OPERATIVO,08:45 a 16:45,SI,SI,SI,SI,NO,SI,SI,SI,Jirón AREQUIPA Nº 939,,,,,,,,,,,NO
154,06.- HUANCAYO,JUNIN,CHANCHAMAYO,LA MERCED,AG CHANCHAMAYO,288,AG,OPERATIVO,08:45 a 16:45,SI,SI,SI,SI,NO,SI,SI,SI,Prolongación TARMA Nº 236,,,,,,,,,,,
155,06.- HUANCAYO,JUNIN,SATIPO,PANGOA,PAP PANGOA,146,PAP,OPERATIVO,08:45 a 16:45,SI,SI,SI,SI,NO,SI,SI,SI,Calle 07 DE JUNIO Nº 641 PLAZA PRINCIPAL CENTRO CIVICO,,,,,,,,,,,
156,06.- HUANCAYO,JUNIN,SATIPO,MAZAMARI,PAP MAZAMARI,279,PAP,OPERATIVO,08:45 a 16:45,NO,NO,SI,SI,NO,SI,SI,NO,Avenida SAN JUAN N° 377,,,,,,,,,,,
157,06.- HUANCAYO,JUNIN,CONCEPCION,CONCEPCIÓN,PAP CONCEPCIÓN,282,PAP,OPERATIVO,08:45 a 16:45,SI,SI,SI,SI,NO,SI,SI,SI,Jirón RICARDO PALMA S/N MERCADO MODELO INTERIOR 1 ,,,,,,,,,,,
158,06.- HUANCAYO,JUNIN,JAUJA,JAUJA,PAP JAUJA,283,PAP,OPERATIVO,08:45 a 16:45,SI,SI,SI,SI,NO,SI,SI,SI,Jirón SUCRE N° 889,,,,,,,,,,,
159,06.- HUANCAYO,JUNIN,JUNIN,JUNIN,PAP JUNIN,284,PAP,OPERATIVO,08:45 a 16:45,NO,NO,SI,SI,NO,SI,SI,NO,Jirón SIMÓN BOLIVAR N° 820,,,,,,,,,,,
160,06.- HUANCAYO,JUNIN,YAULI,SANTA ROSA DE SACCO,PAP YAULI,286,PAP,OPERATIVO,08:45 a 16:45,NO,NO,SI,SI,NO,SI,SI,NO,Avenida MIGUEL GRAU N° 309,,,,,,,,,,,
161,06.- HUANCAYO,JUNIN,SATIPO,SATIPO,PAP SATIPO,287,PAP,OPERATIVO,08:45 a 16:45,SI,SI,SI,SI,NO,SI,SI,SI,Avenida MICAELA BASTIDAS Y JR. AUGUSTO B. LEGUIA CENTRO CIVICO ,,,,,,,,,,,
162,06.- HUANCAYO,JUNIN,CHUPACA,CHUPACA,PAP CHUPACA,289,PAP,OPERATIVO,08:45 a 16:45,SI,SI,SI,SI,NO,SI,SI,SI,Jirón GRAU N° 195 - CENTRO CÍVICO,,,,,,,,,,,
163,06.- HUANCAYO,JUNIN,CHANCHAMAYO,PICHANAQUI,PAP PICHANAQUI,292,PAP,OPERATIVO,08:45 a 16:45,SI,NO,SI,SI,NO,SI,SI,NO,Jirón INDEPENDENCIA S/N COLISEO MUNICIPAL,,,,,,,,,,,
164,06.- HUANCAYO,JUNIN,HUANCAYO,HUANCAYO,"ORA REGIONAL DOCENTE MATERNO INFANTIL ""EL CARMEN""",215,ORA,OPERATIVO,08:45 a 16:30,SI,NO,NO,SI,SI,NO,NO,NO,Jirón PUNO Nº 911,,,,,,,,,,,
165,06.- HUANCAYO,JUNIN,TARMA,TARMA,ORA DE APOYO FELIX MAYORCA SOTO,733,ORA,OPERATIVO,08:45 a 16:30,SI,NO,NO,SI,SI,NO,NO,NO,Avenida PACHECO Nº 362,,,,,,,,,,,
166,06.- HUANCAYO,JUNIN,JAUJA ,JAUJA ,ORA HOSPITAL DOMINGO OLAVEGOYA,734,ORA,OPERATIVO,08:45 a 16:30,SI,NO,NO,SI,SI,NO,NO,NO,Jirón SAN MARTÍN Nº 1153 URB. OLAVEGOYA ,,,,,,,,,,,
167,06.- HUANCAYO,JUNIN,SATIPO,SATIPO,ORA DE APOYO MANUEL HIGA ARAKAKI,735,ORA,OPERATIVO,08:45 a 16:30,SI,NO,NO,SI,SI,NO,NO,NO,Calle DANIEL ALCIDES CARRIÓN Nº 398,,,,,,,,,,,
168,06.- HUANCAYO,JUNIN,CHANCHAMAYO ,PICHANAQUI,ORA HOSPITAL DE APOYO PICHANAQUI,736,ORA,OPERATIVO,08:45 a 16:30,SI,NO,NO,SI,SI,NO,NO,NO,Avenida SAN MARTÍN S/N PICHANAKI,,,,,,,,,,,
169,06.- HUANCAYO,JUNIN,HUANCAYO,HUANCAYO,ORA LA LIBERTAD,763,ORA,DESPLAZAMIENTO,08:45 a 16:30,SI,NO,NO,SI,SI,NO,NO,NO,Jirón LA VITORIA 1001,,,,,,,,,,,
170,06.- HUANCAYO,JUNIN,CHANCHAMAYO,LA MERCED,ORA HOSPITAL REGIONAL DOCENTE DE MEDICINA TROPICAL DR. JULIO DEMARINI CARO,764,ORA,OPERATIVO,08:45 a 16:30,SI,NO,NO,SI,SI,NO,NO,NO,Avenida DANIEL A. CARRION S/N AV. PAMPA DEL CARMEN S/N,,,,,,,,,,,
171,06.- HUANCAYO,JUNIN,HUANCAYO,EL TAMBO,ORA HOSPITAL NACIONAL RAMIRO PRIALE,142,ORA,DESPLAZAMIENTO,08:45 a 16:30,SI,NO,NO,SI,SI,NO,NO,NO,Avenida INDEPENDENCIA Nº 266,,,,,,,,,,,
172,06.- HUANCAYO,JUNIN,SATIPO,PANGOA,ORA HOSPITAL DE PANGOA,737,ORA,DESPLAZAMIENTO,08:45 a 16:30,SI,NO,NO,SI,SI,NO,NO,NO,Avenida LA CULTURA S/N,,,,,,,,,,,
173,06.- HUANCAYO,JUNIN,HUANCAYO,CHILCA,ORA CHILCA,765,ORA,DESPLAZAMIENTO,08:45 a 16:30,SI,NO,NO,SI,SI,NO,NO,NO,Jirón HUMBOLT Nº 900,,,,,,,,,,,
174,06.- HUANCAYO,JUNIN,HUANCAYO,HUANCAYO,MAC JUNIN,1129,MAC,OPERATIVO,08:30 a 16:30,SI,SI,SI,SI,NO,SI,SI,SI,Avenida FERROCARRIL N° 146 - 150 - CENTRO COMERCIAL OPEN PLAZA,,,,,,,,,,,
175,06.- HUANCAYO,JUNIN,HUANCAYO,EL TAMBO,PVM OR HUANCAYO,281,PVM,OPERATIVO,08:45 a 16:45,NO,NO,SI,NO,NO,SI,NO,NO,AVENIDA MARISCAL CASTILLA Nº 1801,,,,,,,,,,,
176,07.- AYACUCHO,AYACUCHO,HUAMANGA,AYACUCHO,"ORA HOSPITAL REGIONAL DE AYACUCHO ""MIGUEL ANGEL MARISCAL LLERENA"" (MINSA)",47,ORA,OPERATIVO,08:45 a 16:30,SI,NO,NO,NO,SI,NO,NO,NO,Jirón Daniel Alcides Carrión S/N - 2da cuadra.,,,,,,,,,,,
177,07.- AYACUCHO,AYACUCHO,LA MAR,AYNA,PAP AYNA -SAN FRANCISCO,119,PAP,OPERATIVO,08:45 a 16:45,NO,NO,SI,SI,NO,SI,SI,NO,Avenida 28 de Julio S/N San Francisco,,,,,,,,,,,
178,07.- AYACUCHO,AYACUCHO,HUAMANGA,AYACUCHO,OR HUAMANGA,121,OR,OPERATIVO,08:45 a 16:45,si,si,si,si,si,si,si,SI,"Jirón San Martin Nº 473, 475, 477 y 477A",,,,,,,,,,,
179,07.- AYACUCHO,AYACUCHO,CANGALLO,CANGALLO,PAP CANGALLO,122,PAP,OPERATIVO,08:45 a 16:45,NO,NO,SI,SI,NO,SI,SI,NO,Jirón Maria Parado de Bellido Nº 205,,,,,,,,,,,
180,07.- AYACUCHO,AYACUCHO,HUANTA,HUANTA,AG HUANTA,123,AG,OPERATIVO,08:45 a 16:45,si,si,si,si,si,si,si,SI,Jirón Ayacucho N° 305,,,,,,,,,,,
181,07.- AYACUCHO,AYACUCHO,LA MAR,SAN MIGUEL,PAP LA MAR,124,PAP,OPERATIVO,08:45 a 16:45,NO,NO,SI,SI,NO,SI,SI,NO,Jirón Maria Parado de Bellido S/N ,,,,,,,,,,,
182,07.- AYACUCHO,AYACUCHO,VICTOR FAJARDO,HUANCAPI,PAP VICTOR FAJARDO,127,PAP,OPERATIVO,08:45 a 16:45,NO,NO,SI,SI,NO,SI,SI,NO, Plaza Principal Nº 127,,,,,,,,,,,
183,07.- AYACUCHO,AYACUCHO,HUANCA SANCOS,SANCOS,PAP HUANCASANCOS,128,PAP,OPERATIVO,08:45 a 16:45,NO,NO,SI,SI,NO,SI,SI,NO,Avenida Progreso S/N Consejo Provincial de Huanca Sancos,,,,,,,,,,,
184,07.- AYACUCHO,AYACUCHO,VILCAS HUAMAN,VILCAS HUAMAN,PAP VILCASHUAMAN,129,PAP,OPERATIVO,08:45 a 16:45,NO,NO,SI,SI,NO,SI,SI,NO,Avenida Los Incas Nº 222,,,,,,,,,,,
185,07.- AYACUCHO,AYACUCHO,SUCRE,QUEROBAMBA,PAP SUCRE,131,PAP,OPERATIVO,08:45 a 16:45,NO,NO,SI,SI,NO,SI,SI,NO,Jirón San Martin S/N  Plaza de Armas Consejo Provincial de Sucre,,,,,,,,,,,
186,07.- AYACUCHO,AYACUCHO,HUANTA,HUANTA,"ORA HOSPITAL DE APOYO HUANTA ""DANIEL ALCIDES CARRION"" (MINSA)",213,ORA,OPERATIVO,08:45 a 16:30,SI,NO,NO,NO,SI,NO,NO,NO,Avenida Mariscal Castilla Nº 628,,,,,,,,,,,
187,07.- AYACUCHO,AYACUCHO,LA MAR,SAN MIGUEL,ORA SAN MIGUEL (MINSA),454,ORA,DESPLAZAMIENTO,08:45 a 16:30,SI,NO,NO,NO,SI,NO,NO,NO,Avenida Ramon Castilla s/n,,,,,,,,,,,
188,07.- AYACUCHO,AYACUCHO,CANGALLO,CANGALLO,ORA HOSPITAL DE APOYO CANGALLO (MINSA),455,ORA,OPERATIVO,08:45 a 16:30,SI,NO,NO,SI,SI,NO,NO,NO,Jirón Santa Rosa N° 110,,,,,,,,,,,
189,07.- AYACUCHO,CUSCO,LA CONVENCION,PICHARI,PAP PICHARI,172,PAP,OPERATIVO,08:45 a 16:45,NO,NO,SI,SI,NO,SI,SI,NO,Avenida BRASIL S/N,,,,,,,,,,,
190,07.- AYACUCHO,APURIMAC,CHINCHEROS,CHINCHEROS,PAP CHINCHEROS,77,PAP,OPERATIVO,08:45 a 16:45,NO,NO,SI,SI,NO,SI,SI,NO,Jirón COTABAMBAS N° 121,,,,,,,,,,,
191,07.- AYACUCHO,AYACUCHO,LA MAR,SAMUGARI,PAP SAMUGARI -PALMAPAMPA,500,PAP,OPERATIVO,08:45 a 16:45,NO,NO,SI,SI,NO,SI,SI,NO,Jirón Los Laureles S/N – Palmapampa Distrital de Samugari,,,,,,,,,,,
192,07.- AYACUCHO,AYACUCHO,LA MAR,TAMBO,ORA TAMBO (MINSA),620,ORA,OPERATIVO,08:45 a 16:30,SI,NO,NO,SI,SI,NO,NO,NO,Jirón Lima s/n,,,,,,,,,,,
193,07.- AYACUCHO,AYACUCHO,HUAMANGA,JESUS NAZARENO,ORA HOSPITAL DE APOYO JESUS NAZARENO (MINSA),628,ORA,OPERATIVO,08:45 a 16:30,SI,NO,NO,SI,SI,NO,NO,NO,Jirón Ciro Alegría Nº 547,,,,,,,,,,,
194,07.- AYACUCHO,APURIMAC,ANDAHUAYLAS,TALAVERA,OR ANDAHUAYLAS,73,OR,OPERATIVO,08:45 a 16:45,si,si,si,si,si,si,si,SI,Jirón Amauta N° 311,,,,,,,,,,,
195,07.- AYACUCHO,APURIMAC,CHINCHEROS,ANCCO HUALLO,ORA  CENTRO DE SALUD URIPA  (MINSA),458,ORA,OPERATIVO,08:45 a 16:30,SI,NO,NO,SI,SI,NO,NO,NO,Avenida  Túpac Amaru S/N – URIPA,,,,,,,,,,,
196,07.- AYACUCHO,APURIMAC,ANDAHUAYLAS,ANDAHUAYLAS,ORA HOSPITAL REGIONAL DOCENTE  HUGO PESCE PESCETTO ANDAHUAYLAS (MINSA),459,ORA,OPERATIVO,08:45 a 16:30,SI,NO,NO,SI,SI,NO,NO,NO,Avenida Hugo Pesce Pesceto S/N,,,,,,,,,,,
197,07.- AYACUCHO,AYACUCHO,HUANTA,SIVIA,ORA HOSPITAL DE APOYO DE SIVIA (MINSA),357,ORA,DESPLAZAMIENTO,08:45 a 16:30,SI,NO,NO,SI,SI,NO,NO,NO,Jirón Gervacio Santillana S/N,,,,,,,,,,,
198,07.- AYACUCHO,CUSCO,LA CONVENCION,KIMBIRI,ORA CENTRO DE SALUD SAN JUAN DE KIMBIRI (MINSA),699,ORA,DESPLAZAMIENTO,08:45 a 16:30,SI,NO,NO,SI,SI,NO,NO,NO,Avenida Aeropuerto S/N,,,,,,,,,,,
199,07.- AYACUCHO,CUSCO,LA CONVENCION,PICHARI,ORA HOSPITAL DE APOYO PICHARI (MINSA),629,ORA,OPERATIVO,08:45 a 16:30,SI,NO,NO,SI,SI,NO,NO,NO,Jirón Amazonas s/n,,,,,,,,,,,
200,07.- AYACUCHO,APURIMAC,CHINCHEROS,CHINCHEROS,ORA HOSPITAL DE APOYO CHINCHEROS (MINSA),457,ORA,OPERATIVO,08:45 a 16:30,SI,NO,NO,SI,SI,NO,NO,NO,Avenida Fernando Belaunde Terry S/N,,,,,,,,,,,
201,07.- AYACUCHO,AYACUCHO,CANGALLO,LOS MOROCHUCOS,ORA PAMPA CANGALLO (MINSA),631,ORA,OPERATIVO,08:45 a 16:30,SI,NO,NO,SI,SI,NO,NO,NO,Avenida María Arguedas S/N,,,,,,,,,,,
202,07.- AYACUCHO,AYACUCHO,HUAMANGA,SAN JUAN BAUTISTA,ORA SAN JUAN BAUTISTA,1186,ORA,DESPLAZAMIENTO,08:45 a 16:30,SI,NO,NO,SI,SI,NO,NO,NO,AV. MALVINAS S/N,,,,,,,,,,,
203,08.- AREQUIPA,AREQUIPA,AREQUIPA,AREQUIPA,ORA HOSPITAL REGIONAL HONORIO DELGADO ESPINOZA (MINSA),52,ORA,OPERATIVO,08:45 a 16:30,SI,SI,NO,SI,SI,NO,NO,NO,Avenida Daniel Alcides Carrión N° 505,,,,,,,,,,,
204,08.- AREQUIPA,TACNA,TACNA,TACNA,ORA TACNA (MINSA),54,ORA,OPERATIVO,08:45 a 16:30,SI,SI,NO,SI,SI,NO,NO,NO,Calle Blondel S/N,,,,,,,,,,,
205,08.- AREQUIPA,AREQUIPA,AREQUIPA,AREQUIPA,OR AREQUIPA,91,OR,OPERATIVO,08:45 a 16:45,SI,SI,SI,SI,NO,SI,SI,SI,Calle San Juan de Dios N° 122 y Santo Domingo N° 101,,,,,,,,,,,
206,08.- AREQUIPA,AREQUIPA,CAYLLOMA,CHIVAY,PAP CAYLLOMA,92,PAP,OPERATIVO,08:45 a 16:45,SI,NO,SI,SI,NO,SI,SI,NO,Calle Siglo XX S/N,,,,,,,,,,,
207,08.- AREQUIPA,AREQUIPA,CAMANA,CAMANA,AG CAMANA,93,AG,OPERATIVO,08:45 a 16:45,SI,NO,SI,SI,NO,SI,SI,NO,Avenida Mariscal Castilla N° 221,,,,,,,,,,,
208,08.- AREQUIPA,AREQUIPA,CARAVELI,CARAVELÍ,PAP CARAVELI,94,PAP,DESPLAZAMIENTO,08:45 a 16:45,SI,NO,SI,SI,NO,SI,SI,NO,Jirón Bolivar S/N,,,,,,,,,,,
209,08.- AREQUIPA,AREQUIPA,CASTILLA,APLAO,PAP CASTILLA,95,PAP,OPERATIVO,08:45 a 16:45,SI,NO,SI,SI,NO,SI,SI,NO,Calle Progreso S/N,,,,,,,,,,,
210,08.- AREQUIPA,AREQUIPA,CONDESUYOS,CHUQUIBAMBA,PAP CONDESUYOS,96,PAP,OPERATIVO,08:45 a 16:45,SI,NO,SI,SI,NO,SI,SI,NO,Avenida Alameda S/N - Los Tres Errantes,,,,,,,,,,,
211,08.- AREQUIPA,AREQUIPA,ISLAY,MOLLENDO,AG ISLAY,97,AG,OPERATIVO,08:45 a 16:45,SI,NO,SI,SI,NO,SI,SI,NO,Calle Arequipa Nº 261 ,,,,,,,,,,,
212,08.- AREQUIPA,AREQUIPA,LA UNION,COTAHUASI,PAP LA UNION,98,PAP,OPERATIVO,08:45 a 16:45,SI,NO,SI,SI,NO,SI,SI,NO,Calle Centenario N° 202 - Cotahuasi,,,,,,,,,,,
213,08.- AREQUIPA,MOQUEGUA,MARISCAL NIETO,MOQUEGUA,ORA HOSPITAL REGIONAL MOQUEGUA (MINSA),145,ORA,OPERATIVO,08:45 a 16:30,SI,SI,NO,SI,SI,NO,NO,NO,Avenida Simón Bolívar N° 505,,,,,,,,,,,
214,08.- AREQUIPA,MOQUEGUA,MARISCAL NIETO,SAN ANTONIO,AG MARISCAL NIETO,481,AG,OPERATIVO,08:45 a 16:45,SI,SI,SI,SI,NO,SI,SI,SI,Avenida Central Mz D-4 Lt. 1,,,,,,,,,,,
215,08.- AREQUIPA,MOQUEGUA,ILO,ILO,AG ILO,483,AG,OPERATIVO,08:45 a 16:45,SI,SI,SI,SI,NO,SI,SI,SI,Jirón Ayacucho N° 529,,,,,,,,,,,
216,08.- AREQUIPA,AREQUIPA,CAYLLOMA,MAJES,AG MAJES,511,AG,OPERATIVO,08:45 a 16:45,SI,NO,SI,SI,NO,SI,SI,NO,Avenida Arequipa S/N - Tienda 06 del Estadio Almirante Miguel Grau - Pedregal,,,,,,,,,,,
217,08.- AREQUIPA,AREQUIPA,AREQUIPA,CAYMA,AG CAYMA,579,AG,OPERATIVO,08:45 a 16:45,SI,SI,SI,SI,NO,SI,SI,SI,Avenida Ramón Castilla S/N - Estadio La Tomilla,,,,,,,,,,,
218,08.- AREQUIPA,TACNA,TACNA,TACNA,AG TACNA,621,AG,OPERATIVO,08:45 a 16:45,SI,SI,SI,SI,NO,SI,SI,SI,Calle Deustua Nº 173,,,,,,,,,,,
219,08.- AREQUIPA,AREQUIPA,AREQUIPA,AREQUIPA,ORA HOSPITAL III GOYENECHE (MINSA),725,ORA,OPERATIVO,08:45 a 16:30,SI,SI,NO,SI,SI,NO,NO,NO,Avenida Goyeche N° 100,,,,,,,,,,,
220,08.- AREQUIPA,AREQUIPA,CAMANA,CAMANA,ORA HOSPITAL DE CAMANA (MINSA),726,ORA,OPERATIVO,08:45 a 16:30,SI,SI,NO,SI,SI,NO,NO,NO,Avenida Lima 550,,,,,,,,,,,
221,08.- AREQUIPA,AREQUIPA,AREQUIPA,PAUCARPATA,MAC - AREQUIPA,762,MAC,OPERATIVO,08:30 a 16:30,SI,SI,SI,SI,NO,SI,SI,SI,Avenida Porongoche N° 500 Paucarpata - Centro Comercial Mall Aventura ,,,,,,,,,,,
222,08.- AREQUIPA,AREQUIPA,CAYLLOMA,MAJES,ORA HOSPITAL CENTRAL DE MAJES- ANGEL GABRIEL CHURA GALLEGOS (MINSA),727,ORA,OPERATIVO,08:45 a 16:30,SI,SI,NO,SI,SI,NO,NO,NO, Asentamiento B1 lote 1 Irrig. Majes,,,,,,,,,,,
223,08.- AREQUIPA,MOQUEGUA,MARISCAL NIETO,MOQUEGUA,MAC - MOQUEGUA,839,MAC,OPERATIVO,08:30 a 16:30,SI,SI,SI,SI,NO,SI,SI,SI,"Avenida Circunvalación 1B Sub lote 1-A, Moquegua",,,,,,,,,,,
224,08.- AREQUIPA,AREQUIPA,AREQUIPA,AREQUIPA,PAP PASEO CENTRAL,1040,PAP,OPERATIVO,08:45 a 16:45,SI,NO,SI,SI,NO,NO,NO,NO,Calle Arturo Ibañez S/N,,,,,,,,,,,
225,08.- AREQUIPA,AREQUIPA,AREQUIPA,CERRO COLORADO,C.S. MARITZA CAMPOS DIAZ (MINSA),750,ORA,OPERATIVO,08:45 a 16:30,SI,SI,NO,SI,SI,NO,NO,NO,Calle Yavari S/N,,,,,,,,,,,
226,08.- AREQUIPA,AREQUIPA,AREQUIPA,PAUCARPATA,HOSPITAL EDMUNDO ESCOMEL (ESSALUD),336,ORA,OPERATIVO,08:45 a 16:30,SI,SI,NO,SI,SI,NO,NO,NO,Avenida EL Cayro S/N,,,,,,,,,,,
227,08.- AREQUIPA,AREQUIPA,AREQUIPA,AREQUIPA,HOSPITAL CARLOS ALBERTO SEGUIN ESCOBEDO (ESSALUD),514,ORA,OPERATIVO,08:45 a 16:30,SI,SI,NO,SI,SI,NO,NO,NO,Calle Peral S/N,,,,,,,,,,,
228,08.- AREQUIPA,AREQUIPA,AREQUIPA,YANAHUARA,ORA HOSPITAL III YANAHUARA (ESSALUD),338,ORA,OPERATIVO,08:45 a 16:30,SI,SI,NO,SI,SI,NO,NO,NO,Avenida Zamácola S/N,,,,,,,,,,,
229,08.- AREQUIPA,AREQUIPA,AREQUIPA,AREQUIPA,PVM - OR AREQUIPA,600020,PVM,OPERATIVO,08:45 a 16:45,NO,NO,SI,NO,NO,SI,NO,NO,Calle San Juan de Dios N° 122 y Santo Domingo N° 101,,,,,,,,,,,
230,09.- CUSCO,CUSCO,CUSCO,SANTIAGO,ORA ANTONIO LORENA DEL CUSCO (MINSA),60,ORA,OPERATIVO,08:45 a 16:30,SI,NO,NO,SI,SI,NO,NO,NO,Calle Carlos Ugarte S/N Urb. Primavera Cuartel Agustín Gamarra,,,,,,,,,,,
231,09.- CUSCO,CUSCO,CUSCO,WANCHAQ,ORA HOSPITAL NACIONAL ADOLFO GUEVARA VELASCO (ESSALUD),61,ORA,OPERATIVO,08:45 a 16:30,SI,NO,NO,SI,SI,NO,NO,NO,Avenida Ancelmo Alvarez S/N,,,,,,,,,,,
232,09.- CUSCO,APURIMAC,ABANCAY,ABANCAY,OR ABANCAY,71,OR,OPERATIVO,08:45 a 16:45,SI,SI,SI,SI,SI,SI,SI,SI,Avenida La Victoria Nº 214,,,,,,,,,,,
233,09.- CUSCO,APURIMAC,AYMARAES,CHALHUANCA,PANP AYMARAES,72,PANP,DESPLAZAMIENTO,08:45 a 16:45,NO,NO,SI,SI,NO,NO,NO,NO, Plaza de Armas S/N (Gobernatura De Chalhuanca),,,,,,,,,,,
234,09.- CUSCO,APURIMAC,ANTABAMBA,ANTABAMBA,PANP ANTABAMBA,74,PANP,DESPLAZAMIENTO,08:45 a 16:45,NO,NO,SI,SI,NO,NO,NO,NO, Plaza de Armas S / N,,,,,,,,,,,
235,09.- CUSCO,APURIMAC,COTABAMBAS,TAMBOBAMBA,PAP TAMBOBAMBA,75,PAP,OPERATIVO,08:45 a 16:45,SI,SI,SI,SI,NO,SI,SI,SI,Avenida Perú - Plaza de Armas S/N - 3er Piso,,,,,,,,,,,
236,09.- CUSCO,APURIMAC,GRAU,CHUQUIBAMBILLA,PANP GRAU,76,PANP,DESPLAZAMIENTO,08:45 a 16:45,NO,NO,SI,SI,NO,NO,NO,NO, Plaza de Armas S / N,,,,,,,,,,,
237,09.- CUSCO,CUSCO,CUSCO,CUSCO,OR CUSCO,191,OR,OPERATIVO,08:45 a 16:45,SI,SI,SI,SI,SI,SI,SI,SI,Avenida El Sol N° 272,,,,,,,,,,,
238,09.- CUSCO,CUSCO,ACOMAYO,ACOMAYO,PANP ACOMAYO,192,PANP,DESPLAZAMIENTO,08:45 a 16:45,NO,NO,SI,SI,NO,NO,NO,NO, Plaza de Armas S/N,,,,,,,,,,,
239,09.- CUSCO,CUSCO,ANTA,ANTA ,PAP ANTA,193,PAP,OPERATIVO,08:45 a 16:45,SI,SI,SI,SI,NO,SI,SI,SI,"Jirón Jaquijahuana  S / N, Izcuchaca",,,,,,,,,,,
240,09.- CUSCO,CUSCO,CALCA,CALCA,AG CALCA,194,AG,OPERATIVO,08:45 a 16:45,SI,SI,SI,SI,NO,SI,SI,SI, Plaza de Armas S/N,,,,,,,,,,,
241,09.- CUSCO,CUSCO,CANAS,YANAOCA,PAP CANAS,195,PAP,OPERATIVO,08:45 a 16:45,NO,NO,SI,SI,NO,NO,NO,NO, Plaza de Armas S/N,,,,,,,,,,,
242,09.- CUSCO,CUSCO,CANCHIS,SICUANI,AG CANCHIS,196,AG,OPERATIVO,08:45 a 16:45,SI,SI,SI,SI,NO,SI,SI,SI,Avenida Túpac Amaru N° 163,,,,,,,,,,,
243,09.- CUSCO,CUSCO,CHUMBIVILCAS,SANTO TOMAS,PAP CHUMBIVILCAS,197,PAP,OPERATIVO,08:45 a 16:45,SI,SI,SI,SI,NO,SI,SI,SI,Avenida Perú S / N (Ruedo de Toros),,,,,,,,,,,
244,09.- CUSCO,CUSCO,ESPINAR,ESPINAR,PAP ESPINAR,198,PAP,OPERATIVO,08:45 a 16:45,SI,SI,SI,SI,NO,SI,SI,SI,Calle Teatro S/N  ,,,,,,,,,,,
245,09.- CUSCO,CUSCO,LA CONVENCION,SANTA ANA,AG LA CONVENCION,199,AG,OPERATIVO,08:45 a 16:45,SI,SI,SI,SI,NO,SI,SI,SI,Avenida Grau Nº 238,,,,,,,,,,,
246,09.- CUSCO,CUSCO,PARURO,PARURO,PANP PARURO,200,PANP,DESPLAZAMIENTO,08:45 a 16:45,NO,NO,SI,SI,NO,NO,NO,NO, Plaza de Armas S/N,,,,,,,,,,,
247,09.- CUSCO,CUSCO,PAUCARTAMBO,PAUCARTAMBO,PAP PAUCARTAMBO - JR9,201,PAP,OPERATIVO,08:45 a 16:45,NO,NO,SI,SI,NO,SI,SI,NO,Jirón Enrique Yabar S/N,,,,,,,,,,,
248,09.- CUSCO,CUSCO,QUISPICANCHI,URCOS,PAP QUISPICANCHI,202,PAP,OPERATIVO,08:45 a 16:45,SI,SI,SI,SI,NO,SI,SI,SI,Jirón Huáscar N° 181,,,,,,,,,,,
249,09.- CUSCO,CUSCO,URUBAMBA,URUBAMBA,PAP URUBAMBA,203,PAP,OPERATIVO,08:45 a 16:45,SI,SI,SI,SI,NO,SI,SI,SI,Avenida Conchatupa S/N,,,,,,,,,,,
250,09.- CUSCO,MADRE DE DIOS,TAHUAMANU,IBERIA,AG IBERIA,341,AG,OPERATIVO,08:45 a 16:45,SI,SI,SI,SI,NO,SI,SI,SI,Avenida Máximo Rodríguez N° 124 Plaza de Armas,,,,,,,,,,,
251,09.- CUSCO,APURIMAC,ABANCAY,ABANCAY,ORA HOSPITAL REGIONAL GUILLERMO DIAZ DE LA VEGA (MINSA),348,ORA,OPERATIVO,08:45 a 16:30,SI,NO,NO,SI,SI,NO,NO,NO,Avenida Daniel Alcides Carrión S/N,,,,,,,,,,,
252,09.- CUSCO,MADRE DE DIOS,TAMBOPATA,TAMBOPATA,OR TAMBOPATA,461,OR,OPERATIVO,08:45 a 16:45,SI,SI,SI,SI,SI,SI,SI,SI,Jirón Lambayeque N° 159,,,,,,,,,,,
253,09.- CUSCO,MADRE DE DIOS,MANU,MANU,PANP MANU,462,PANP,DESPLAZAMIENTO,08:45 a 16:45,NO,NO,SI,SI,NO,NO,NO,NO,Avenida Esperanza S/N - Local Municipal,,,,,,,,,,,
254,09.- CUSCO,CUSCO,ACOMAYO,POMACANCHI,AG POMACANCHI,495,AG,DESPLAZAMIENTO,08:45 a 16:45,NO,NO,SI,SI,NO,NO,NO,NO, Plaza de Armas S/N,,,,,,,,,,,
255,09.- CUSCO,CUSCO,CUSCO,CUSCO,ORA HOSPITAL DE APOYO DEPARTAMENTAL CUSCO (MINSA),599,ORA,OPERATIVO,08:45 a 16:30,SI,NO,NO,SI,SI,NO,NO,NO,Avenida La Cultura S/N,,,,,,,,,,,
256,09.- CUSCO,CUSCO,CANCHIS,SICUANI,ORA SICUANI (MINSA),606,ORA,OPERATIVO,08:45 a 16:30,SI,NO,NO,SI,SI,NO,NO,NO,Avenida Manuel Callo Zevallos N° 519 - Hospital MINSA Sicuani,,,,,,,,,,,
257,09.- CUSCO,MADRE DE DIOS,TAMBOPATA,TAMBOPATA,ORA SANTA ROSA (MINSA),633,ORA,OPERATIVO,08:45 a 16:30,SI,NO,NO,SI,SI,NO,NO,NO,Jirón Cajamarca N° 171,,,,,,,,,,,
258,09.- CUSCO,CUSCO,LA CONVENCION,SANTA ANA,ORA QUILLABAMBA (MINSA),648,ORA,OPERATIVO,08:45 a 16:30,SI,NO,NO,SI,SI,NO,NO,NO,Avenida General Gamarra S/N - Hospital Quillabamba,,,,,,,,,,,
259,09.- CUSCO,CUSCO,ESPINAR,ESPINAR,ORA ESPINAR (MINSA),657,ORA,OPERATIVO,08:45 a 16:30,SI,NO,NO,SI,SI,NO,NO,NO,Calle Domingo Huarca Cruz S/N Barrio Túpac Amaru  - Hospital Espinar,,,,,,,,,,,
260,09.- CUSCO,MADRE DE DIOS,TAHUAMANU,IBERIA,ORA SAN MARTIN DE PORRES DE IBERIA (MINSA),713,ORA,OPERATIVO,08:45 a 16:30,SI,NO,NO,SI,SI,NO,NO,NO,Calle Mocopata S/N,,,,,,,,,,,
261,09.- CUSCO,APURIMAC,COTABAMBAS,TAMBOBAMBA,ORA TAMBOBAMBA (MINSA),349,ORA,OPERATIVO,08:45 a 16:30,SI,NO,NO,SI,SI,NO,NO,NO, Hospital Tambobamba,,,,,,,,,,,
262,09.- CUSCO,APURIMAC,COTABAMBAS,HAQUIRA,PAP HAQUIRA,793,PAP,OPERATIVO,08:45 a 16:45,SI,SI,SI,SI,NO,SI,SI,SI, Plaza de armas S/N-Haquira,,,,,,,,,,,
263,09.- CUSCO,CUSCO,CHUMBIVILCAS,SANTO TOMAS,ORA SANTO TOMAS (MINSA),728,ORA,OPERATIVO,08:45 a 16:30,SI,NO,NO,SI,SI,NO,NO,NO,Calle  Andres Avelino Caceres - Hospital Santo Tomas  ,,,,,,,,,,,
264,09.- CUSCO,CUSCO,CHUMBIVILCAS,VELILLE,PANP VELILLE,920,PANP,DESPLAZAMIENTO,08:45 a 16:45,NO,NO,SI,SI,NO,SI,SI,NO, Plaza de Armas - Municipalidad Distrital Velille,,,,,,,,,,,
265,09.- CUSCO,CUSCO,CALCA,YANATILE,PANP YANATILE,919,PANP,DESPLAZAMIENTO,08:45 a 16:45,NO,NO,SI,SI,NO,SI,SI,NO, Plaza de Armas - Municipalidad Distrital Yanatile,,,,,,,,,,,
266,09.- CUSCO,APURIMAC,ABANCAY,CURAHUASI,PANP CURAHUASI,921,PANP,DESPLAZAMIENTO,08:45 a 16:45,NO,NO,SI,SI,NO,SI,SI,NO, Coliseo Cerrado - Municipalidad de Curahuasi,,,,,,,,,,,
267,09.- CUSCO,CUSCO,CUSCO,SANTIAGO,AGENCIA SANTIAGO,1132,AG,OPERATIVO,08:45 a 16:45,SI,SI,SI,SI,NO,SI,SI,SI,Calle Giraldo Ruiz Caro S/N,,,,,,,,,,,
268,09.- CUSCO,CUSCO,CUSCO,WANCHAQ,MAC CUSCO,1165,MAC,OPERATIVO,08:30 a 16:30,SI,SI,SI,SI,NO,SI,SI,SI,Avenida Collasuyo 2964 - Real Plaza Cusco,,,,,,,,,,,
269,09.- CUSCO,MADRE DE DIOS,TAMBOPATA,INAMBARI,AG INAMBARI,343,AG,DESPLAZAMIENTO,08:45 a 16:45,NO,NO,SI,SI,NO,SI,SI,NO, Plaza de Armas - Municipalidad Provincial de Inambari,,,,,,,,,,,
270,09.- CUSCO,CUSCO,CUSCO,CUSCO,PVM - OR CUSCO,,PVM,OPERATIVO,08:45 a 16:45,NO,NO,SI,NO,NO,NO,NO,NO,Avenida El Sol N° 272,,,,,,,,,,,
271,10.- LIMA,LIMA,LIMA ,JESÚS MARÍA,ORA HOSPITAL NACIONAL EDGARDO REBAGLIATI MARTINS (ESSALUD),8,ORA,OPERATIVO,08:45 a 16:30,SI,NO,NO,NO,SI,NO,NO,NO,Avenida SALAVERRY CDRA. 13 - PUERTA 6,,,,,,,,,,,
272,10.- LIMA,CALLAO,CALLAO,CALLAO,ORA NAC. DANIEL A. CARRIÓN (MINSA),11,ORA,OPERATIVO,08:45 a 16:30,SI,NO,NO,NO,SI,NO,NO,NO,Avenida Guardia Chalaca Nº 2176 - Bellavista,,,,,,,,,,,
273,10.- LIMA,LIMA,LIMA,SAN JUAN DE LURIGANCHO,ORA HOSPITAL SAN JUAN DE LURIGANCHO (MINSA),12,ORA,OPERATIVO,08:45 a 16:30,SI,NO,NO,NO,SI,NO,NO,NO,Avenida Canto Grande S/N - Altura del paradero 10,,,,,,,,,,,
274,10.- LIMA,LIMA,LIMA,EL AGUSTINO,ORA HOSPITAL NACIONAL HIPOLITO UNANUE (MINSA),14,ORA,OPERATIVO,08:45 a 16:30,SI,NO,NO,NO,SI,NO,NO,NO,Avenida Cesar Vallejo Nº 1390 ,,,,,,,,,,,
275,10.- LIMA,LIMA,LIMA,LIMA,ORA INSTITUTO NACIONAL MATERNO PERINATAL (MINSA),51,ORA,OPERATIVO,08:45 a 16:30,SI,SI,NO,SI,SI,NO,NO,NO,Jirón Miroquesada Nº 941 - Lima,,,,,,,,,,,
276,10.- LIMA,CALLAO,CALLAO,VENTANILLA,OR VENTANILLA,58,OR,OPERATIVO,08:45 a 16:45,SI,SI,SI,SI,SI,SI,SI,SI,Avenida Pachacutec N° 225 - Sector B - Grupo Residencial B1 - Mz. F1 ,,,,,,,,,,,
277,10.- LIMA,LIMA,LIMA,SANTIAGO DE SURCO,OR SURCO - HIGUERETA,114,OR,OPERATIVO,08:45 a 16:45,SI,SI,SI,SI,SI,SI,SI,SI,Avenida Santiago de Surco Nº 2807 Urb. Residencial Higuereta,,,,,,,,,,,
278,10.- LIMA,LIMA,LIMA,SAN BORJA,OR SAN BORJA,168,OR,OPERATIVO,08:45 a 16:45,SI,SI,SI,SI,SI,SI,SI,SI,Avenida San Luis N° 1673 Urb. Jacaranda II,,,,,,,,,,,
279,10.- LIMA,LIMA,LIMA,COMAS,OR COMAS III,169,OR,OPERATIVO,08:45 a 16:45,SI,SI,SI,SI,SI,SI,SI,SI,Avenida San Felipe Nº 830 Urb. San Felipe,,,,,,,,,,,
280,10.- LIMA,LIMA,LIMA,LIMA,OR QUILCA,174,OR,OPERATIVO,08:45 a 16:45,SI,SI,SI,SI,SI,SI,SI,SI,Jirón Quilca Nº 501 y 525 ,,,,,,,,,,,
281,10.- LIMA,LIMA,LIMA,LIMA,AG ANCASH,175,AG,OPERATIVO,08:45 a 16:45,SI,SI,SI,SI,NO,SI,SI,SI,Jirón Ancash Nº 336-340 y 344 (Frente a la Plazuela San Francisco) - Lima,,,,,,,,,,,
282,10.- LIMA,LIMA,LIMA,VILLA MARÍA DEL TRIUNFO,ORA DANIEL ALCIDES CARRION (MINSA),187,ORA,OPERATIVO,08:45 a 16:30,SI,NO,NO,NO,SI,NO,NO,NO,Avenida Pachacutec N° 3470 - Pasando el Terminal Pesquero.,,,,,,,,,,,
283,10.- LIMA,CALLAO,CALLAO,BELLAVISTA,MAC - CALLAO,335,MAC,OPERATIVO,08:30 a 16:30,SI,SI,SI,SI,NO,SI,SI,SI,Avenida Oscar R. Benavides N° 3866 - Centro Comercial Mall Aventura Plaza,,,,,,,,,,,
284,10.- LIMA,LIMA,LIMA,LIMA,OR LIMA,371,OR,OPERATIVO,08:45 a 16:45,SI,SI,SI,SI,SI,SI,SI,SI,Jirón Nicolás de Piérola N 545,,,,,,,,,,,
285,10.- LIMA,LIMA,LIMA,ATE,OR ATE,372,OR,OPERATIVO,08:45 a 16:45,SI,SI,SI,SI,SI,SI,SI,SI,Jirón Industrial Nº 438,,,,,,,,,,,
286,10.- LIMA,LIMA,LIMA,COMAS,OR COMAS I,376,OR,OPERATIVO,08:45 a 16:45,SI,SI,SI,SI,SI,SI,SI,SI,"Avenida Tupac Amaru N° 5527 - 5531 - 5535, Urb Huaquillay 2da Etapa",,,,,,,,,,,
287,10.- LIMA,LIMA,LIMA,LURIN,OR LURIN,379,OR,OPERATIVO,08:45 a 16:45,SI,SI,SI,SI,SI,SI,SI,SI,"MZ B, Lote 5 Asociación de Vivienda Familiar Centinela - Lurin",,,,,,,,,,,
288,10.- LIMA,LIMA,LIMA,MIRAFLORES,OR MIRAFLORES,380,OR,OPERATIVO,08:45 a 16:45,SI,SI,SI,SI,SI,SI,SI,SI,Avenida Ernesto Diez Canseco N° 230,,,,,,,,,,,
289,10.- LIMA,LIMA,LIMA,PUENTE PIEDRA,OR PUENTE PIEDRA,382,OR,OPERATIVO,08:45 a 16:45,SI,SI,SI,SI,SI,SI,SI,SI,Jirón Ricardo Palma Nº 241,,,,,,,,,,,
290,10.- LIMA,LIMA,LIMA,SAN JUAN DE LURIGANCHO,OR SAN JUAN DE LURIGANCHO,386,OR,OPERATIVO,08:45 a 16:45,SI,SI,SI,SI,SI,SI,SI,SI,Avenida Las Flores Lote 1 Mz. G Urb. Canto Grande Unidad 7,,,,,,,,,,,
291,10.- LIMA,LIMA,LIMA,SAN JUAN DE MIRAFLORES,OR SAN JUAN DE MIRAFLORES,387,OR,OPERATIVO,08:45 a 16:45,SI,SI,SI,SI,SI,SI,SI,SI,Avenida Guillermo Billinghurst  N° 767 – 769 Mz. F Lote 18 Urb. SJM Parcela D,,,,,,,,,,,
292,10.- LIMA,LIMA,LIMA,SAN MARTÍN DE PORRES,OR SAN MARTIN DE PORRES,389,OR,OPERATIVO,08:45 a 16:45,SI,SI,SI,SI,SI,SI,SI,SI,Avenida Eduardo de Habich Nº 590 - 592 con Pedro Paulet N° 589,,,,,,,,,,,
293,10.- LIMA,LIMA,CAJATAMBO,CAJATAMBO,AG CAJATAMBO,391,AG,OPERATIVO,08:45 a 16:45,NO,NO,SI,SI,NO,SI,SI,NO,Jirón Bolognesi S/N - Comisiones de Regantes -Frente plaza de Armas,,,,,,,,,,,
294,10.- LIMA,LIMA,CANTA,CANTA,AG CANTA,392,AG,OPERATIVO,08:45 a 16:45,NO,NO,SI,SI,NO,SI,SI,NO,Jirón Independencia Nº 308 Municipio (Plaza de Armas),,,,,,,,,,,
295,10.- LIMA,LIMA,CAÑETE,SAN VICENTE DE CAÑETE,AG CAÑETE,393,AG,OPERATIVO,08:45 a 16:45,SI,SI,SI,SI,NO,SI,SI,SI,Avenida Los Libertadores Mz. D-3 Lote 4 Urbanización Tercer Mundo,,,,,,,,,,,
296,10.- LIMA,LIMA,HUAURA,HUACHO,AG HUACHO,394,AG,OPERATIVO,08:45 a 16:45,SI,SI,SI,SI,NO,SI,SI,SI,Avenida Grau Nº 295,,,,,,,,,,,
297,10.- LIMA,LIMA,HUAROCHIRI,MATUCANA,AG MATUCANA,395,AG,OPERATIVO,08:45 a 16:45,SI,NO,SI,SI,NO,NO,NO,NO,Jirón Tacna S/N  - Centro Civico,,,,,,,,,,,
298,10.- LIMA,LIMA,YAUYOS,YAUYOS,AG YAUYOS,396,AG,OPERATIVO,08:45 a 16:45,NO,NO,SI,SI,NO,SI,SI,NO,Plaza Plaza Constitución Nº 110,,,,,,,,,,,
299,10.- LIMA,LIMA,HUARAL,HUARAL,AG HUARAL,397,AG,OPERATIVO,08:45 a 16:45,SI,SI,SI,SI,NO,SI,SI,SI,Pasaje el Palmo esquina con Calle Huaquilla (DEMUNA HUARAL),,,,,,,,,,,
300,10.- LIMA,LIMA,BARRANCA,BARRANCA,OR BARRANCA,398,OR,OPERATIVO,08:45 a 16:45,SI,SI,SI,SI,SI,SI,SI,SI,Avenida Independencia N° 674 - 676 - 678,,,,,,,,,,,
301,10.- LIMA,LIMA,OYON,OYON,AG OYON,399,AG,OPERATIVO,08:45 a 16:45,NO,NO,SI,SI,NO,SI,SI,NO,Jirón Unión 216,,,,,,,,,,,
302,10.- LIMA,LIMA,LIMA,LURIGANCHO,OR CHOSICA,401,OR,OPERATIVO,08:45 a 16:45,SI,SI,SI,SI,SI,SI,SI,SI,Jirón Chucuito Nº 248 ,,,,,,,,,,,
303,10.- LIMA,LIMA,LIMA,PACHACAMAC,OR PACHACAMAC,404,OR,OPERATIVO,08:45 a 16:45,SI,SI,SI,SI,SI,SI,SI,SI,Avenida Paul Poblet N° 3111 - Dentro del Mercado Jumbo,,,,,,,,,,,
304,10.- LIMA,LIMA,LIMA,JESÚS MARÍA,OR JESUS MARIA,405,OR,OPERATIVO,08:45 a 16:45,SI,SI,SI,SI,SI,SI,SI,SI,Jirón Talara N° 130-132-134 y 136 Jesús Maria,,,,,,,,,,,
305,10.- LIMA,LIMA,LIMA,CIENEGUILLA,OR CIENEGUILLA,421,OR,OPERATIVO,08:45 a 16:45,SI,SI,SI,SI,SI,SI,SI,SI,"Avenida San Martin Lote 15, Zona ""D"" Manzana ""D"" Centro Poblado Tambo Viejo",,,,,,,,,,,
306,10.- LIMA,LIMA,LIMA,SANTA ANITA,OR SANTA ANITA,423,OR,OPERATIVO,08:45 a 16:45,SI,SI,SI,SI,SI,SI,SI,SI,"Avenida Los Eucaliptos Nº 947, Urbanización Universal",,,,,,,,,,,
307,10.- LIMA,LIMA,LIMA,INDEPENDENCIA,OR INDEPENDENCIA,430,OR,OPERATIVO,08:45 a 16:45,SI,SI,SI,SI,SI,SI,SI,SI,Calle Los Andes Nº 486 Urb. Industrial Panamericana Norte,,,,,,,,,,,
308,10.- LIMA,CALLAO,CALLAO,VENTANILLA,MAC - VENTANILLA,544,MAC,OPERATIVO,08:30 a 16:30,SI,SI,SI,SI,NO,SI,SI,SI,Avenida La Playa S/N altura la Urb. Zona Comercial frente a la Plaza Cívica ,,,,,,,,,,,
309,10.- LIMA,LIMA,LIMA,JESÚS MARÍA,AG 06 DE AGOSTO,550,AG,OPERATIVO,08:45 a 16:45,NO,NO,NO,SI,NO,SI,SI,NO,Avenida 06 de Agosto N° 856,,,,,,,,,,,
310,10.- LIMA,CALLAO,CALLAO,MI PERÚ,PAP MI PERU,574,PAP,OPERATIVO,08:45 a 16:45,SI,NO,SI,SI,NO,NO,NO,NO, Mz. G7 Lt. 06 Mi Perú  interior de la Sede Municipal.,,,,,,,,,,,
311,10.- LIMA,LIMA,LIMA,SAN MARTÍN DE PORRES,ORA NACIONAL CAYETANO HEREDIA (MINSA),577,ORA,OPERATIVO,08:45 a 16:30,SI,NO,NO,NO,SI,NO,NO,NO,Jirón Honorio Delgado N° 262 - Urb. Ingeniería / Obstetricia,,,,,,,,,,,
312,10.- LIMA,LIMA,HUAURA,HUACHO,ORA HOSPITAL GENERAL DE HUACHO (MINSA),640,ORA,OPERATIVO,08:45 a 16:30,SI,NO,NO,SI,SI,NO,NO,NO,Avenida Jose Arnaldo Arambulo La Rosa N° 251,,,,,,,,,,,
313,10.- LIMA,CALLAO,CALLAO,CALLAO,OR CALLAO,661,OR,OPERATIVO,08:45 a 16:45,SI,SI,SI,SI,SI,SI,SI,SI,Avenida Dos de Mayo N° 440 - 446,,,,,,,,,,,
314,10.- LIMA,LIMA,LIMA,SAN BORJA,AG ATENCIONES ESPECIALES DE SAN BORJA,696,AG,OPERATIVO,08:45 a 16:45,SI,SI,SI,SI,NO,NO,NO,SI,Avenida Javier Prado N° 2388 -2386 - 2392,,,,,,,,,,,
315,10.- LIMA,LIMA,LIMA,EL AGUSTINO,MAC - LIMA ESTE,717,MAC,OPERATIVO,08:30 a 16:30,SI,SI,SI,SI,NO,NO,NO,SI,Avenida Carretera Central 111 Mall Aventura Santa Anita Nivel 2,,,,,,,,,,,
316,10.- LIMA,CALLAO,CALLAO,CARMEN DE LA LEGUA REYNOSO,ORA HOSPITAL SAN JOSE (MINSA),729,ORA,OPERATIVO,08:45 a 16:30,SI,SI,NO,SI,SI,NO,NO,NO,Jirón Las Magnolias 475 Carmen de la Legua-Reynoso,,,,,,,,,,,
317,10.- LIMA,CALLAO,CALLAO,VENTANILLA,ORA HOSPITAL DE VENTANILLA (MINSA),730,ORA,OPERATIVO,08:45 a 16:30,SI,SI,NO,SI,SI,NO,NO,NO,Avenida Pedro Beltran S/N Ventanilla - Hospital de Ventanilla,,,,,,,,,,,
318,10.- LIMA,LIMA,CAÑETE,SAN LUIS,ORA HOSPITAL REZOLA (MINSA),739,ORA,OPERATIVO,08:45 a 16:30,SI,SI,NO,SI,SI,NO,NO,NO,Calle Distrito de San Luis S/N,,,,,,,,,,,
319,10.- LIMA,LIMA,BARRANCA,BARRANCA,ORA HOSPITAL DE BARRANCA (MINSA),740,ORA,OPERATIVO,08:45 a 16:30,SI,SI,NO,SI,SI,NO,NO,NO,Avenida Nicolás de Piérola Nº 210 -224,,,,,,,,,,,
320,10.- LIMA,LIMA,HUARAL,HUARAL,ORA HOSPITAL SAN JUAN BAUTISTA HUARAL (MINSA),753,ORA,OPERATIVO,08:45 a 16:30,SI,SI,NO,SI,SI,NO,NO,NO,Calle Tacna Nº 120 Urb. San Juan I,,,,,,,,,,,
321,10.- LIMA,LIMA,LIMA ,COMAS,ORA HOSPITAL NACIONAL SERGIO E. BERNALES (MINSA),754,ORA,OPERATIVO,08:45 a 16:30,SI,SI,NO,SI,SI,NO,NO,NO,"Avenida Túpac Amaru N° 8000, Collique, Comas.",,,,,,,,,,,
322,10.- LIMA,LIMA,LIMA,LIMA,ORA NACIONAL DOS DE MAYO (MINSA),755,ORA,OPERATIVO,08:45 a 16:30,SI,SI,NO,SI,SI,NO,NO,NO,Avenida Parque Historia De La Medicina Peruana S/N Altura Cuadra 13 Av Grau,,,,,,,,,,,
323,10.- LIMA,LIMA,LIMA,ATE ,ORA HOSPITAL DE HUAYCAN (MINSA),757,ORA,OPERATIVO,08:45 a 16:30,SI,SI,NO,SI,SI,NO,NO,NO,Avenida José C.Mariátegui S/N Zona B - A.H.Huaycán S/N Ate Lima Lima,,,,,,,,,,,
324,10.- LIMA,LIMA,LIMA,SAN JUAN DE MIRAFLORES,MAC - LIMA SUR,796,MAC,OPERATIVO,08:30 a 16:30,SI,NO,SI,SI,NO,SI,SI,SI,Avenida Circunvalación 1583- San Juan de Miraflores,,,,,,,,,,,
325,10.- LIMA,LIMA,LIMA,COMAS,MAC - LIMA NORTE,808,MAC,OPERATIVO,08:30 a 16:30,SI,SI,SI,SI,NO,SI,SI,SI,Avenida Los Angeles N° 602 2do piso - Cc Mall Plaza ,,,,,,,,,,,
326,10.- LIMA,LIMA,LIMA,JESUS MARIA,PVM - JESUS MARIA ,490,PVM,OPERATIVO,08:45 a 16:45,NO,NO,NO,NO,NO,SI,NO,NO,Jirón Talara N° 130,,,,,,,,,,,
327,10.- LIMA,LIMA,LIMA,SANTIAGO DE SURCO,PVM - JOCKEY PLAZA,478,PVM,OPERATIVO,08:45 a 16:45,NO,NO,NO,NO,NO,SI,NO,NO,Avenida Javier Prado Este N° 4200 ( Centro Financiero del Centro Comercial),,,,,,,,,,,
328,10.- LIMA,LIMA,LIMA,SURQUILLO,PVM - OPEN PLAZA ANGAMOS,499,PVM,OPERATIVO,08:45 a 16:45,NO,NO,NO,NO,NO,SI,NO,NO,Avenida Cruce Angamos N° 1805 con Tomas Marsano,,,,,,,,,,,
329,10.- LIMA,LIMA,LIMA,CHORRILLOS,PVM - PLAZA LIMA SUR,493,PVM,OPERATIVO,08:45 a 16:45,NO,NO,NO,NO,NO,SI,NO,NO, Prolongación Paseo  de la Republica S/N Urb. Matellini (2do nivel del Centro Comercial) ,,,,,,,,,,,
330,10.- LIMA,CALLAO,CALLAO,VENTANILLA,PVM - VENTANILLA,724,PVM,OPERATIVO,08:45 a 16:45,NO,NO,NO,NO,NO,SI,NO,NO,Avenida La Playa S/N altura la Urb. Zona Comercial frente a la Plaza Cívica ,,,,,,,,,,,
331,10.- LIMA,CALLAO,CALLAO,BELLAVISTA,PVM MALL AVENTURA PLAZA - CALLAO,494,PVM,OPERATIVO,08:45 a 16:45,NO,NO,NO,NO,NO,SI,NO,NO,Avenida Oscar R. Benavides N° 3866 - Centro Comercial Mall Aventura Plaza,,,,,,,,,,,
332,10.- LIMA,LIMA,LIMA,MIRAFLORES,PVM- MIRAFLORES,547,PVM,OPERATIVO,08:45 a 16:45,NO,NO,NO,NO,NO,SI,NO,NO,Avenida Diez Canseco N° 230,,,,,,,,,,,
333,10.- LIMA,LIMA,LIMA,INDEPENDENCIA,PVM - INDEPENDENCIA,775,PVM,OPERATIVO,08:45 a 16:45,NO,NO,NO,NO,NO,SI,NO,NO,Calle Los Andes Nº 486 Urb. Industrial Panamericana Norte,,,,,,,,,,,
334,10.- LIMA,LIMA,LIMA,LURIN,PVM - OR LURIN,489,PVM,OPERATIVO,08:45 a 16:45,NO,NO,NO,NO,NO,SI,NO,NO,Mz. B Lote 5 Asociación de Vivienda Centinela (detrás del polideportivo),,,,,,,,,,,
335,10.- LIMA,LIMA,LIMA,SANTA ANITA,ORA HOSP. JORGE VOTO BERNALES (ESSALUD),17,ORA,OPERATIVO,08:45 a 16:30,SI,NO,NO,NO,SI,NO,NO,NO,"Carretera CARRETERA CENTRAL KM. 3,5 - SANTA ANITA",,,,,,,,,,,
336,10.- LIMA,LIMA,LIMA,CERCADO DE LIMA,HOSP. NAC DOC MADRE Y NIÑO  SAN BARTOLOME (MINSA),186,ORA,OPERATIVO,08:45 a 16:30,SI,NO,NO,NO,SI,NO,NO,NO,Avenida ALFONSO UGARTE 825 - LIMA,,,,,,,,,,,
337,10.- LIMA,LIMA,LIMA,CHORRILLOS,CMI VIRGEN DEL CARMEN  (MINSA),183,ORA,OPERATIVO,08:45 a 16:30,SI,NO,NO,NO,SI,NO,NO,NO,Avenida LEOPOLDO ARIAS 200 FRENTE AL COLISEO MARISCAL CACERES,,,,,,,,,,,
338,10.- LIMA,LIMA,LIMA,PUENTE PIEDRA,ORA HOSPITAL PUENTE PIEDRA (MINSA),13,ORA,OPERATIVO,08:45 a 16:30,SI,NO,NO,NO,SI,NO,NO,NO,Avenida SAENZ PEÑA S/N KM 30,,,,,,,,,,,
339,10.- LIMA,LIMA,LIMA,SAN JUAN DE LURIGANCHO,PVM - SAN JUAN DE LURIGANCHO,492,PVM,OPERATIVO,08:45 a 16:45,NO,NO,NO,NO,NO,SI,NO,NO,Avenida Las Flores 260-262  Urb. San Rafael,,,,,,,,,,,
340,10.- LIMA,ANCASH,OCROS,OCROS,AG OCROS,40,AG,OPERATIVO,08:45 a 16:45,NO,NO,SI,SI,NO,SI,SI,NO, Plaza de Armas S/N (MUNICIPIO),,,,,,,,,,,
341,10.- LIMA,LIMA,HUARAL,CHANCAY,AG CHANCAY,1183,AG,OPERATIVO,08:45 a 16:45,SI,NO,SI,SI,NO,SI,SI,NO,Avenida 1ro de mayo s/n cdra 03,,,,,,,,,,,
342,10.- LIMA,LIMA,LIMA,PUEBLO LIBRE,ORA HOSPITAL SANTA ROSA,9,ORA,OPERATIVO,08:45 a 16:30,SI,SI,NO,NO,SI,NO,NO,NO,Avenida Bolivar Crda. 8 Pueblo Libre ,,,,,,,,,,,
343,10.- LIMA,LIMA,LIMA,INDEPENDENCIA,ORA  CMI TAHUANTINSUYO BAJO,769,ORA,OPERATIVO,08:45 a 16:30,SI,SI,NO,SI,SI,NO,NO,NO,Avenida Chinchaysullo cdra 4 Independencia,,,,,,,,,,,
344,10.- LIMA,LIMA,LIMA,SURQUILLO,AG. INSTITUTO NACIONAL DE ENFERMEDADES NEOPLASICAS,114,AG,OPERATIVO,08:45 a 16:45,SI,NO,SI,NO,NO,NO,NO,NO,Av. Angamos Este 2520 - Surquillo (puerta emergencia del INEN),,,,,,,,,,,
345,10.- LIMA,LIMA,LIMA,SAN MARTIN DE PORRES,PVM - OR SAN MARTIR DE PORRES,491,PVM,OPERATIVO,08:45 a 16:45,NO,NO,NO,NO,NO,SI,NO,NO,Av. Eduardo de Habich 592,,,,,,,,,,,
346,11.- PUNO,PUNO,PUNO,PUNO,ORA MANUEL NUÑEZ BUTRON,19,ORA,OPERATIVO,08:45 a 16:30,SI,NO,NO,SI,SI,NO,NO,NO,Avenida El Sol N° 1022,,,,,,,,,,,
347,11.- PUNO,PUNO,PUNO,PUNO,ORA HOSPITAL BASE III (PUNO) - RED ASISTENCIAL PUNO,89,ORA,OPERATIVO,08:45 a 16:30,SI,NO,NO,SI,SI,NO,NO,NO,Jirón Francisco Cáceres Jara Nº 600,,,,,,,,,,,
348,11.- PUNO,PUNO,SAN ROMAN,JULIACA,ORA CARLOS MONGE MEDRANO,90,ORA,OPERATIVO,08:45 a 16:30,SI,NO,NO,SI,SI,NO,NO,NO, Carretera a Huancane Km 2,,,,,,,,,,,
349,11.- PUNO,PUNO,EL COLLAO ,ILAVE ,ORA ILAVE,108,ORA,OPERATIVO,08:45 a 16:30,SI,NO,NO,SI,SI,NO,NO,NO,Jirón Atahualpa Nº 825,,,,,,,,,,,
350,11.- PUNO,PUNO,SAN ROMAN,JULIACA,ORA HOSPITAL BASE III JULIACA - ESSALUD - RED ASISTENCIAL JULIACA,118,ORA,OPERATIVO,08:45 a 16:30,SI,NO,NO,SI,SI,NO,NO,NO,Avenida José Santos Chocano S/N - La Capilla,,,,,,,,,,,
351,11.- PUNO,PUNO,PUNO,PUNO,OR PUNO,551,OR,OPERATIVO,08:45 a 16:45,SI,SI,SI,SI,SI,SI,SI,SI,Jirón Arequipa N° 1143 - 1145 Barrio Victoria,,,,,,,,,,,
352,11.- PUNO,PUNO,AZANGARO,AZANGARO,PAP AZANGARO,552,PAP,OPERATIVO,08:45 a 16:45,SI,NO,SI,SI,NO,SI,SI,NO,Jirón Azangaro N° 160  (Palacio Municipal),,,,,,,,,,,
353,11.- PUNO,PUNO,CARABAYA,MACUSANI,PAP CARABAYA,553,PAP,OPERATIVO,08:45 a 16:45,NO,NO,SI,SI,NO,SI,SI,NO,Jirón Raimondi N° 116,,,,,,,,,,,
354,11.- PUNO,PUNO,CHUCUITO,JULI,PAP CHUCUITO,554,PAP,OPERATIVO,08:45 a 16:45,NO,NO,SI,SI,NO,SI,SI,NO,Jirón Ilave 235 - Mercado Central Municipio,,,,,,,,,,,
355,11.- PUNO,PUNO,HUANCANE,HUANCANE,PAP HUANCANE,555,PAP,OPERATIVO,08:45 a 16:45,NO,NO,SI,SI,NO,SI,SI,NO,Jirón Moquegua N° 104 - Barrio Progreso,,,,,,,,,,,
356,11.- PUNO,PUNO,LAMPA,LAMPA,PAP LAMPA,556,PAP,OPERATIVO,08:45 a 16:45,NO,NO,SI,SI,NO,SI,SI,NO,Jirón Alfonso Ugarte N° 343,,,,,,,,,,,
357,11.- PUNO,PUNO,MELGAR,AYAVIRI,PAP MELGAR,557,PAP,OPERATIVO,08:45 a 16:45,SI,NO,SI,SI,NO,SI,SI,NO,Calle Jorge Chavez N°  550,,,,,,,,,,,
358,11.- PUNO,PUNO,SANDIA,SANDIA,PAP SANDIA,558,PAP,OPERATIVO,08:45 a 16:45,NO,NO,SI,SI,NO,SI,SI,NO,Avenida Juliaca S/N - Mercado Central Sandia,,,,,,,,,,,
359,11.- PUNO,PUNO,SAN ROMAN,JULIACA,AG SAN ROMAN,559,AG,OPERATIVO,08:45 a 16:45,SI,SI,SI,SI,NO,SI,SI,SI,Jirón Brascesco N° 181 ,,,,,,,,,,,
360,11.- PUNO,PUNO,YUNGUYO,YUNGUYO,PAP YUNGUYO,560,PAP,OPERATIVO,08:45 a 16:45,NO,NO,SI,SI,NO,SI,SI,NO,Jirón Grau Nº 240,,,,,,,,,,,
361,11.- PUNO,PUNO,SAN ANTONIO DE PUTINA,PUTINA,PAP PUTINA,561,PAP,OPERATIVO,08:45 a 16:45,NO,NO,SI,SI,NO,SI,SI,NO, Plaza de Armas S/N (Palacio Municipal),,,,,,,,,,,
362,11.- PUNO,PUNO,EL COLLAO,ILAVE,PAP EL COLLAO,562,PAP,OPERATIVO,08:45 a 16:45,SI,NO,SI,SI,NO,SI,SI,NO,Jirón Bolognesi S/N - Coliseo Cubierto Ilave Oficina N° 02,,,,,,,,,,,
363,11.- PUNO,PUNO,MOHO,MOHO,PAP MOHO,563,PAP,OPERATIVO,08:45 a 16:45,NO,NO,SI,SI,NO,NO,NO,NO,Avenida Circunvalación S/N Terminal Terrestre,,,,,,,,,,,
364,11.- PUNO,PUNO,AZANGARO,AZANGARO,ORA CARLOS CORNEJO ROSELLO,634,ORA,OPERATIVO,08:45 a 16:30,SI,NO,NO,SI,SI,NO,NO,NO,Jirón Francisco Bolognesi N° 557,,,,,,,,,,,
365,11.- PUNO,PUNO,CHUCUITO,JULI,ORA JULI,635,ORA,OPERATIVO,08:45 a 16:30,SI,NO,NO,SI,SI,NO,NO,NO,Avenida Panamericana S/N,,,,,,,,,,,
366,11.- PUNO,PUNO,HUANCANE,HUANCANE,ORA HOSPITAL LUCIO ALDAZABAL PAUCA,636,ORA,OPERATIVO,08:45 a 16:30,SI,NO,NO,SI,SI,NO,NO,NO,Avenida Santa Cruz S/N,,,,,,,,,,,
367,11.- PUNO,PUNO,MELGAR,AYAVIRI,ORA SAN JUAN DE DIOS (AYAVIRI),637,ORA,OPERATIVO,08:45 a 16:30,SI,NO,NO,SI,SI,NO,NO,NO,Jirón Progreso S/N,,,,,,,,,,,
368,11.- PUNO,PUNO,SAN ROMÁN,JULIACA,ORA CENTRO DE SALUD CLAS SANTA ADRIANA,759,ORA,OPERATIVO,08:45 a 16:30,SI,NO,NO,SI,SI,NO,NO,NO,Jirón Pachacutec S/N,,,,,,,,,,,
369,11.- PUNO,PUNO,SAN ROMÁN,SAN MIGUEL,PAP SAN MIGUEL - JR11,792,PAP,OPERATIVO,08:45 a 16:45,SI,NO,SI,SI,NO,SI,SI,NO, Palacio Municipal S/N,,,,,,,,,,,
370,11.- PUNO,PUNO,CHUCUITO,DESAGUADERO,PAP DESAGUADERO,791,PAP,OPERATIVO,08:45 a 16:45,NO,NO,SI,SI,NO,NO,NO,NO,Jirón 28 de Julio N° 305 - Desaguadero,,,,,,,,,,,
371,11.- PUNO,PUNO,PUNO,ACORA,PAP ACORA,824,PAP,OPERATIVO,08:45 a 16:45,NO,NO,SI,SI,NO,NO,NO,NO,Plaza de Armas (Palacio Municipal),,,,,,,,,,,
372,11.- PUNO,PUNO,SAN ROMAN,JULIACA,MAC PUNO,1184,MAC,OPERATIVO,08:30 a 16:30,SI,SI,SI,SI,NO,SI,SI,SI,Avenida San Martin lote 07,,,,,,,,,,,
373,11.- PUNO,PUNO,CARABAYA,MACUSANI,PANP CRUCERO,1185,PANP,DESPLAZAMIENTO,08:45 a 16:45,NO,NO,SI,SI,NO,SI,SI,NO,Plaza Plaza de Armas S/N,,,,,,,,,,,
374,12.- ICA,ICA,ICA,ICA,ORA REGIONAL DE ICA (MINSA),18,ORA,OPERATIVO,08:45 a 16:30,SI,SI,NO,SI,SI,NO,NO,NO,Avenida Huacachina S/N,,,,,,,,,,,
375,12.- ICA,AYACUCHO,LUCANAS,PUQUIO,AG LUCANAS,125,AG,OPERATIVO,08:45 a 16:45,SI,NO,SI,SI,NO,SI,SI,SI,Jirón San Pedro  Nº 216,,,,,,,,,,,
376,12.- ICA,AYACUCHO,PARINACOCHAS,CORACORA,AG PARINACOCHAS,126,AG,OPERATIVO,08:45 a 16:45,NO,NO,SI,SI,NO,SI,SI,NO,Jirón Bolognesi N° 419 Plaza de Armas,,,,,,,,,,,
377,12.- ICA,AYACUCHO,PAUCAR DEL SARA SARA,PAUSA,PANP PAUCAR DEL SARA SARA,130,PANP,OPERATIVO,08:45 a 16:45,NO,NO,SI,SI,NO,NO,NO,NO,Jirón Miguel de Cervantes N° 455 (Palacio Municipal),,,,,,,,,,,
378,12.- ICA,ICA,ICA,PARCONA,PAP PARCONA,150,PAP,OPERATIVO,08:45 a 16:45,SI,NO,SI,SI,NO,SI,SI,SI,Avenida Jhon F. Kennedy N° 500 con Calle Lima S/N (Costado del Palacio Municipal),,,,,,,,,,,
379,12.- ICA,ICA,ICA,ICA,OR ICA,271,OR,OPERATIVO,08:45 a 16:45,SI,SI,SI,SI,NO,SI,SI,SI,Avenida San Martin N° 1366 Mz. M-02 Lt. 035. Urb. San Isidro ,,,,,,,,,,,
380,12.- ICA,ICA,CHINCHA,CHINCHA ALTA,AG CHINCHA,272,AG,OPERATIVO,08:45 a 16:45,SI,SI,SI,SI,NO,SI,SI,SI,Calle Los Angeles N° 300,,,,,,,,,,,
381,12.- ICA,ICA,NASCA,NASCA,AG NASCA,273,AG,OPERATIVO,08:45 a 16:45,SI,SI,SI,SI,NO,SI,SI,SI,Calle Fermin del Castillo N° 270,,,,,,,,,,,
382,12.- ICA,ICA,PISCO,PISCO,AG PISCO,274,AG,OPERATIVO,08:45 a 16:45,SI,SI,SI,SI,NO,SI,SI,SI,Calle San Juan de Dios N° 288,,,,,,,,,,,
383,12.- ICA,ICA,PALPA,PALPA,AG PALPA,275,AG,OPERATIVO,08:45 a 16:45,NO,NO,SI,SI,NO,SI,SI,NO,Calle Portal de Escribanos Nº 145,,,,,,,,,,,
384,12.- ICA,AYACUCHO,LUCANAS,CABANA,PAP CABANA ,330,PAP,DESPLAZAMIENTO,08:45 a 16:45,NO,NO,SI,SI,NO,SI,SI,NO,Jirón Jorge Chavez N° 272 ,,,,,,,,,,,
385,12.- ICA,AYACUCHO,LUCANAS,PUQUIO,ORA FELIPE HUAMAN POMA DE AYALA (MINSA),346,ORA,OPERATIVO,08:45 a 16:30,SI,SI,NO,SI,SI,NO,NO,NO,Avenida Arnaldo Alvarado S/N ,,,,,,,,,,,
386,12.- ICA,AYACUCHO,PARINACOCHAS,CORACORA,ORA HOSPITAL DE APOYO DE CORACORA (MINSA),347,ORA,OPERATIVO,08:45 a 16:30,SI,SI,NO,SI,SI,NO,NO,NO,Avenida La Cultura S/N,,,,,,,,,,,
387,12.- ICA,ICA,ICA,ICA,ORA SANTA MARIA DEL SOCORRO (MINSA),354,ORA,OPERATIVO,08:45 a 16:30,SI,SI,NO,SI,SI,NO,NO,NO,Calle Castrovirreyna N° 759,,,,,,,,,,,
388,12.- ICA,ICA,PISCO,PISCO,ORA SAN JUAN DE DIOS (MINSA),355,ORA,OPERATIVO,08:45 a 16:30,SI,SI,NO,SI,SI,NO,NO,NO,Avenida Fermín Tanguis S/N (Altura del Fundo Alto de la Luna),,,,,,,,,,,
389,12.- ICA,ICA,CHINCHA,CHINCHA ALTA,ORA SAN JOSE DE CHINCHA (MINSA),356,ORA,OPERATIVO,08:45 a 16:30,SI,SI,NO,SI,SI,NO,NO,NO,Avenida Abelardo Alva Maurtua Nº 600,,,,,,,,,,,
390,12.- ICA,AYACUCHO,LUCANAS,LARAMATE,PANP LARAMATE,469,PANP,DESPLAZAMIENTO,08:45 a 16:45,NO,NO,SI,SI,NO,NO,NO,NO,Jirón Ica S/N,,,,,,,,,,,
391,12.- ICA,ICA,NASCA,NASCA,ORA HOSPITAL DE APOYO DE NASCA (MINSA),507,ORA,OPERATIVO,08:45 a 16:30,SI,SI,NO,SI,SI,NO,NO,NO,Calle Callao S/N - 5ta Cuadra,,,,,,,,,,,
392,12.- ICA,ICA,ICA,ICA,ORA AUGUSTO HERNANDEZ MENDOZA (ESSALUD),233,ORA,OPERATIVO,08:45 a 16:30,SI,SI,NO,SI,SI,NO,NO,NO,Calle José Matias Manzanilla S/N,,,,,,,,,,,
393,12.- ICA,ICA,NASCA,MARCONA,PAP MARCONA,876,PAP,OPERATIVO,08:45 a 16:45,NO,NO,SI,SI,NO,NO,NO,NO,Calle Andres Avelino Caceres S/N,,,,,,,,,,,
394,12.- ICA,ICA,ICA,ICA,MAC ICA,1193,MAC,OPERATIVO,08:30 a 16:30,SI,SI,SI,SI,NO,SI,SI,SI,Avenida Los Maestros S/N C.C. Mega Plaza Segundo Piso,,,,,,,,,,,
395,13.- PUCALLPA,UCAYALI,CORONEL PORTILLO,CALLERIA,ORA HOSPITAL REGIONAL DE PUCALLPA (MINSA),143,ORA,OPERATIVO,08:45 a 16:30,SI,NO,NO,SI,SI,NO,NO,NO,Jirón Agustin Cauper N° 285,,,,,,,,,,,
396,13.- PUCALLPA,HUANUCO,PUERTO INCA,PUERTO INCA,PAP PUERTO INCA,248,PAP,OPERATIVO,08:45 a 16:45,NO,NO,SI,SI,NO,NO,NO,NO,Jirón Vulcano S/N,,,,,,,,,,,
397,13.- PUCALLPA,UCAYALI,CORONEL PORTILLO,YARINACOCHA,ORA HOSPITAL AMAZÓNICO - YARINACOCHA (MINSA),337,ORA,OPERATIVO,08:45 a 16:30,SI,NO,NO,SI,SI,NO,NO,NO,Jirón Aguaytia N° 605,,,,,,,,,,,
398,13.- PUCALLPA,LORETO,UCAYALI,CONTAMANA,PAP CONTAMANA,435,PAP,OPERATIVO,08:45 a 16:45,SI,SI,SI,SI,NO,SI,SI,SI,Calle Nuevo Loreto Mz.38C  Lt.5B,,,,,,,,,,,
399,13.- PUCALLPA,UCAYALI,PADRE ABAD,IRAZOLA ,AG IRAZOLA ,542,AG,OPERATIVO,08:45 a 16:45,SI,SI,SI,SI,NO,NO,SI,NO,Calle Progreso S/N ,,,,,,,,,,,
400,13.- PUCALLPA,UCAYALI,CORONEL PORTILLO,CALLERIA,OR PUCALLPA,701,OR,OPERATIVO,08:45 a 16:45,SI,SI,SI,SI,SI,SI,SI,SI,"Jirón 09 de Diciembre N° 378 y Tacna Nº 891 Mz. 07 Lt. Acumulado 1-B, independiente.",,,,,,,,,,,
401,13.- PUCALLPA,UCAYALI,PADRE ABAD,PADRE ABAD,PAP PADRE ABAD,702,PAP,OPERATIVO,08:45 a 16:45,SI,SI,SI,SI,NO,SI,SI,SI,Avenida Grau Nº 214,,,,,,,,,,,
402,13.- PUCALLPA,UCAYALI,ATALAYA,RAIMONDI,PAP ATALAYA,703,PAP,OPERATIVO,08:45 a 16:45,NO,NO,SI,SI,NO,NO,NO,NO,Jirón Rioja Nº 659,,,,,,,,,,,
403,13.- PUCALLPA,UCAYALI,PURUS,PURUS,PAP PURUS,704,PAP,OPERATIVO,08:45 a 16:45,NO,NO,SI,SI,NO,SI,SI,NO,Avenida Purus S/N,,,,,,,,,,,
404,13.- PUCALLPA,UCAYALI,ATALAYA,TAHUANIA,PAP TAHUANIA,723,PAP,OPERATIVO,08:45 a 16:45,NO,NO,SI,SI,NO,NO,NO,NO,Jirón 7 de Junio  S/N,,,,,,,,,,,
405,13.- PUCALLPA,UCAYALI,CORONEL PORTILLO,CALLERIA,MAC - UCAYALI,828,MAC,OPERATIVO,08:30 a 16:30,SI,SI,SI,SI,NO,SI,SI,SI,Avenida Centenario 1642 (2do piso) Centro Comercial Real Plaza,,,,,,,,,,,
406,14.- HUANCAVELICA,HUANCAVELICA,HUANCAVELICA,IZCUCHACA,PAP IZCUCHACA,15,PAP,OPERATIVO,08:45 a 16:45,NO,NO,SI,SI,NO,SI,SI,NO,Avenida Ferrocarril  S/N ,,,,,,,,,,,
407,14.- HUANCAVELICA,HUANCAVELICA,ACOBAMBA,PAUCARA,PAP PAUCARA,16,PAP,OPERATIVO,08:45 a 16:45,NO,NO,SI,SI,NO,SI,SI,NO, Plaza Mayor S/N,,,,,,,,,,,
408,14.- HUANCAVELICA,HUANCAVELICA,HUANCAVELICA,HUANCAVELICA,ORA HOSPITAL REGIONAL ZACARIAS CORREA VALDIVIA (MINSA),20,ORA,OPERATIVO,08:45 a 16:30,SI,NO,NO,NO,SI,NO,NO,NO,Avenida Andrés Avelino Cáceres S/N - Barrio Yananaco,,,,,,,,,,,
409,14.- HUANCAVELICA,HUANCAVELICA,HUANCAVELICA,HUANCAVELICA,ORA HUANDO (MINSA),618,ORA,OPERATIVO,08:45 a 16:30,SI,NO,NO,SI,SI,NO,NO,NO,Calle Cementerio s/n,,,,,,,,,,,
410,14.- HUANCAVELICA,HUANCAVELICA,HUANCAVELICA,ASCENSIÓN,ORA HOSPITAL II HUANCAVELICA (ESSALUD),62,ORA,OPERATIVO,08:45 a 16:30,SI,NO,NO,NO,SI,NO,NO,NO,Avenida Teresa de Jurnet S/N,,,,,,,,,,,
411,14.- HUANCAVELICA,HUANCAVELICA,HUANCAVELICA,HUANCAVELICA,OR HUANCAVELICA,221,OR,OPERATIVO,08:45 a 16:45,SI,SI,SI,SI,SI,SI,SI,SI,"Avenida San Cristóbal Nº 384, 386 y 388",,,,,,,,,,,
412,14.- HUANCAVELICA,HUANCAVELICA,ACOBAMBA,ACOBAMBA,OR ACOBAMBA,222,OR,OPERATIVO,08:45 a 16:45,SI,SI,SI,SI,SI,SI,SI,SI,Jirón Dos De Mayo N° 459,,,,,,,,,,,
413,14.- HUANCAVELICA,HUANCAVELICA,ANGARAES,LIRCAY,OR ANGARAES,223,OR,OPERATIVO,08:45 a 16:45,SI,SI,SI,SI,SI,SI,SI,SI,Avenida Centenario S/N - Barrio de Pueblo Nuevo - Dentro del Centro Civico,,,,,,,,,,,
414,14.- HUANCAVELICA,HUANCAVELICA,CASTROVIRREYNA,CASTROVIRREYNA,OR CASTROVIRREYNA,224,OR,OPERATIVO,08:45 a 16:45,SI,SI,SI,SI,SI,SI,SI,SI,Avenida Los Libertadores S/N,,,,,,,,,,,
415,14.- HUANCAVELICA,HUANCAVELICA,TAYACAJA,PAMPAS,OR TAYACAJA,225,OR,OPERATIVO,08:45 a 16:45,NO,SI,SI,SI,SI,SI,SI,SI,Jirón Manco Capac S/N con Jirón Alfonso Ugarte Cordova y Necochea - Coliseo Multiuso,,,,,,,,,,,
416,14.- HUANCAVELICA,HUANCAVELICA,HUAYTARA,HUAYTARA,OR HUAYTARA,226,OR,OPERATIVO,08:45 a 16:45,SI,SI,SI,SI,SI,SI,SI,SI,Calle 24 de Junio S/N - 2do piso Centro Cívico ,,,,,,,,,,,
417,14.- HUANCAVELICA,HUANCAVELICA,CHURCAMPA,CHURCAMPA,OR CHURCAMPA,227,OR,OPERATIVO,08:45 a 16:45,SI,SI,SI,SI,SI,SI,SI,SI,Jirón Real N° 255,,,,,,,,,,,
418,14.- HUANCAVELICA,HUANCAVELICA,TAYACAJA,PAMPAS,ORA HOSPITAL DE PAMPAS (MINSA),362,ORA,OPERATIVO,08:45 a 16:30,SI,NO,NO,SI,SI,NO,NO,NO,Jirón Bolívar S/N ,,,,,,,,,,,
419,14.- HUANCAVELICA,HUANCAVELICA,ANGARAES,LIRCAY,ORA LIRCAY (MINSA),467,ORA,DESPLAZAMIENTO,08:45 a 16:30,SI,NO,NO,SI,SI,NO,NO,NO,Avenida Esmeralda S/N,,,,,,,,,,,
420,14.- HUANCAVELICA,HUANCAVELICA,TAYACAJA,SURCUBAMBA,AG SURCUBAMBA,498,AG,OPERATIVO,08:45 a 16:45,NO,NO,SI,SI,NO,SI,SI,NO,Calle Alfonso Ugarte S/N,,,,,,,,,,,
421,14.- HUANCAVELICA,HUANCAVELICA,TAYACAJA,COLCABAMBA,AG COLCABAMBA,510,AG,OPERATIVO,08:45 a 16:45,NO,NO,SI,SI,NO,SI,SI,NO,Avenida Centenario S/N,,,,,,,,,,,
422,14.- HUANCAVELICA,HUANCAVELICA,HUANCAVELICA,YAULI,ORA YAULI (MINSA),598,ORA,OPERATIVO,08:45 a 16:30,SI,NO,NO,SI,SI,NO,NO,NO,Avenida Jorge Chávez S/N,,,,,,,,,,,
423,14.- HUANCAVELICA,HUANCAVELICA,ACOBAMBA,PAUCARA,ORA PAUCARA (MINSA),468,ORA,OPERATIVO,08:45 a 16:30,SI,NO,NO,SI,SI,NO,NO,NO,Calle Lircay s/n,,,,,,,,,,,
424,14.- HUANCAVELICA,HUANCAVELICA,CHURCAMPA,CHURCAMPA,ORA CHURCAMPA (MINSA),651,ORA,DESPLAZAMIENTO,08:45 a 16:30,SI,NO,NO,SI,SI,NO,NO,NO,Calle Ricardo Palma N° 535 (Instalaciones del Centro de Salud),,,,,,,,,,,
425,15.- HUANUCO,PASCO,PASCO,YANACANCHA,ORA DR. DANIEL ALCIDES CARRION GARCIA (MINSA),59,ORA,OPERATIVO,08:45 a 16:30,SI,NO,NO,SI,SI,NO,NO,NO,Avenida Los Incas S/N Urb. San Juan,,,,,,,,,,,
426,15.- HUANUCO,PASCO,OXAPAMPA,PUERTO BERMUDEZ,PAP PUERTO BERMÚDEZ,115,PAP,OPERATIVO,08:45 a 16:45,SI,NO,SI,SI,NO,SI,SI,NO,Avenida Remigio Morales Bermúdez S/N,,,,,,,,,,,
427,15.- HUANUCO,PASCO,PASCO,HUARIACA,PAP HUARIACA,116,PAP,OPERATIVO,08:45 a 16:45,NO,NO,SI,SI,NO,NO,NO,NO,Jirón 28 de Julio Nº 129,,,,,,,,,,,
428,15.- HUANUCO,HUANUCO,HUANUCO,HUÁNUCO,ORA HOSPITAL REGIONAL HERMILIO VALDIZAN (MINSA),144,ORA,OPERATIVO,08:45 a 16:30,SI,NO,NO,SI,SI,NO,NO,NO,Jirón Hermilio Valdizan Nº 950,,,,,,,,,,,
429,15.- HUANUCO,PASCO,PASCO,PAUCARTAMBO,PAP PAUCARTAMBO,170,PAP,OPERATIVO,08:45 a 16:45,NO,NO,SI,SI,NO,SI,SI,NO, Plaza 28 de Julio S/N,,,,,,,,,,,
430,15.- HUANUCO,HUANUCO,HUANUCO,HUÁNUCO,OR HUANUCO,241,OR,OPERATIVO,08:45 a 16:45,SI,SI,SI,SI,SI,SI,SI,SI,Jirón 28 de Julio N° 825,,,,,,,,,,,
431,15.- HUANUCO,HUANUCO,AMBO,AMBO,PAP AMBO,242,PAP,OPERATIVO,08:45 a 16:45,SI,NO,SI,SI,NO,NO,NO,NO,"Jirón 28 de Julio 697, Centro Cívico",,,,,,,,,,,
432,15.- HUANUCO,HUANUCO,DOS DE MAYO,LA UNION,PAP DOS DE MAYO,243,PAP,OPERATIVO,08:45 a 16:45,NO,NO,SI,SI,NO,NO,NO,NO,Jirón Lourdes N° 221,,,,,,,,,,,
433,15.- HUANUCO,HUANUCO,HUAMALIES,LLATA,PAP HUAMALIES,244,PAP,OPERATIVO,08:45 a 16:45,SI,NO,SI,SI,NO,NO,NO,NO,Jirón Huánuco N° 242,,,,,,,,,,,
434,15.- HUANUCO,HUANUCO,MARAÑON,HUACRACHUCO,PAP MARAÑON,245,PAP,OPERATIVO,08:45 a 16:45,NO,NO,SI,SI,NO,SI,SI,NO,Avenida 28 De Julio N° 602 ,,,,,,,,,,,
435,15.- HUANUCO,HUANUCO,LEONCIO PRADO,RUPA-RUPA,PAP LEONCIO PRADO,246,PAP,OPERATIVO,08:45 a 16:45,SI,SI,SI,SI,NO,SI,SI,SI,Jirón Chiclayo N° 585,,,,,,,,,,,
436,15.- HUANUCO,HUANUCO,PACHITEA,PANAO,PAP PACHITEA,247,PAP,OPERATIVO,08:45 a 16:45,SI,SI,SI,SI,NO,SI,SI,SI,Jirón Espinar N° 121,,,,,,,,,,,
437,15.- HUANUCO,HUANUCO,LAURICOCHA,JESÚS,PAP LAURICOCHA,250,PAP,OPERATIVO,08:45 a 16:45,NO,NO,SI,SI,NO,NO,NO,NO,Jirón Cristobal Colon S/N,,,,,,,,,,,
438,15.- HUANUCO,HUANUCO,YAROWILCA,CHAVINILLO,PAP YAROWILCA,251,PAP,OPERATIVO,08:45 a 16:45,SI,NO,SI,SI,NO,SI,SI,NO,Jirón Virgen de Fátima S/N,,,,,,,,,,,
439,15.- HUANUCO,PASCO,PASCO,CHAUPIMARCA,ORA HOSPITAL II PASCO (ESSALUD),340,ORA,OPERATIVO,08:45 a 16:30,SI,NO,NO,SI,SI,NO,NO,NO, Barrio La Esperanza - Casa de Piedra,,,,,,,,,,,
440,15.- HUANUCO,HUANUCO,PACHITEA,PANAO,ORA PANAO (MINSA),365,ORA,OPERATIVO,08:45 a 16:30,SI,NO,NO,SI,SI,NO,NO,NO,Jirón Grau Nº 193,,,,,,,,,,,
441,15.- HUANUCO,HUANUCO,LEONCIO PRADO,RUPA-RUPA,ORA HOSPITAL TINGO MARIA (MINSA),366,ORA,OPERATIVO,08:45 a 16:30,SI,NO,NO,SI,SI,NO,NO,NO, Mapresa S/N Luyando,,,,,,,,,,,
442,15.- HUANUCO,HUANUCO,LEONCIO PRADO,JOSÉ CRESPO Y CASTILLO,ORA AUCAYACU (MINSA),367,ORA,OPERATIVO,08:45 a 16:30,SI,NO,NO,SI,SI,NO,NO,NO,Jirón Grau S/N cuadra 4,,,,,,,,,,,
443,15.- HUANUCO,HUANUCO,HUAMALIES,LLATA,ORA LLATA (MINSA),368,ORA,OPERATIVO,08:45 a 16:30,SI,NO,NO,SI,SI,NO,NO,NO,Jirón 28 de Julio N° 216,,,,,,,,,,,
444,15.- HUANUCO,HUANUCO,DOS DE MAYO,LA UNION,ORA LA UNION (MINSA),451,ORA,OPERATIVO,08:45 a 16:30,SI,NO,NO,SI,SI,NO,NO,NO,Jirón Dos de Mayo N° 185,,,,,,,,,,,
445,15.- HUANUCO,HUANUCO,LEONCIO PRADO,JOSÉ CRESPO Y CASTILLO,PAP JOSE CRESPO Y CASTILLO,477,PAP,OPERATIVO,08:45 a 16:45,SI,NO,SI,SI,NO,SI,SI,NO,Jirón Maria Parado de Bellido S/N Cuadra 4,,,,,,,,,,,
446,15.- HUANUCO,HUANUCO,LAURICOCHA,BAÑOS,AG BAÑOS,497,AG,DESPLAZAMIENTO,08:45 a 16:45,NO,NO,SI,SI,NO,NO,NO,NO, Plaza de Armas S/N,,,,,,,,,,,
447,15.- HUANUCO,PASCO,PASCO,YANACANCHA,AG PASCO,501,AG,OPERATIVO,08:45 a 16:45,SI,SI,SI,SI,NO,SI,SI,SI," Centro Comercial ""Sector Dos de San Juan Pampa Edif. 4 Tienda 3 San Juan-Yanacancha",,,,,,,,,,,
448,15.- HUANUCO,PASCO,DANIEL ALCIDES CARRION,YANAHUANCA,PAP DANIEL ALCIDES CARRIÓN,502,PAP,OPERATIVO,08:45 a 16:45,NO,NO,SI,SI,NO,SI,SI,NO,Jirón Jorge Chavez S/N Plaza Principal,,,,,,,,,,,
449,15.- HUANUCO,PASCO,OXAPAMPA,OXAPAMPA,PAP OXAPAMPA,503,PAP,OPERATIVO,08:45 a 16:45,SI,SI,SI,SI,NO,SI,SI,SI,Jirón Huancabamba S/N Mz. 162 Estadio Municipal Oxapampa,,,,,,,,,,,
450,15.- HUANUCO,SAN MARTIN,TOCACHE,UCHIZA,AG UCHIZA,541,AG,OPERATIVO,08:45 a 16:45,NO,NO,SI,SI,NO,NO,NO,NO,Avenida Atahualpa N° 920,,,,,,,,,,,
451,15.- HUANUCO,PASCO,OXAPAMPA,PALCAZÚ,AG PALCAZU,580,AG,OPERATIVO,08:45 a 16:45,SI,NO,SI,SI,NO,SI,SI,NO,Avenida Juan Santos Atahualpa Mz. U Lt. 01,,,,,,,,,,,
452,15.- HUANUCO,SAN MARTIN,TOCACHE,TOCACHE,PAP TOCACHE,588,PAP,OPERATIVO,08:45 a 16:45,SI,SI,SI,SI,NO,SI,SI,SI,Jirón San Juan Cdra 7 S/N Centro Cívico,,,,,,,,,,,
453,15.- HUANUCO,HUANUCO,HUANUCO,CHINCHAO,ORA ACOMAYO (MINSA),596,ORA,OPERATIVO,08:45 a 16:30,SI,NO,NO,SI,SI,NO,NO,NO,Pasaje Iguarizo S/N Mz. 6 Lt. 02,,,,,,,,,,,
454,15.- HUANUCO,SAN MARTIN,TOCACHE,TOCACHE,ORA HOSPITAL DE TOCACHE (MINSA),650,ORA,OPERATIVO,08:45 a 16:30,SI,NO,NO,SI,SI,NO,NO,NO,Jirón Ricardo Palma N° 550,,,,,,,,,,,
455,15.- HUANUCO,HUANUCO,HUANUCO,SANTA MARIA DEL VALLE,ORA SANTA MARIA DEL VALLE (MINSA),653,ORA,DESPLAZAMIENTO,08:45 a 16:30,SI,NO,NO,SI,SI,NO,NO,NO,Jirón Libertad  S/N Intersección Carretera Central ,,,,,,,,,,,
456,15.- HUANUCO,HUANUCO,HUANUCO ,AMARILIS ,ORA CARLOS SHOWING FERRARI (MINSA),749,ORA,OPERATIVO,08:45 a 16:30,SI,NO,NO,SI,SI,NO,NO,NO,Jirón Micaela Bastidas S/N Paucarbamba ,,,,,,,,,,,
457,15.- HUANUCO,PASCO,OXAPAMPA,OXAPAMPA,ORA HOSPITAL ERNESTO GERMAN GUZMAN GONZALES (MINSA),660,ORA,DESPLAZAMIENTO,08:45 a 16:30,SI,NO,NO,SI,SI,NO,NO,NO,Jirón Eduardo Loechle S/N - Chontabamba,,,,,,,,,,,
458,15.- HUANUCO,HUANUCO,HUANUCO,HUANUCO,MAC - HUANUCO,802,MAC,OPERATIVO,08:30 a 16:30,SI,SI,SI,SI,NO,SI,SI,SI,"Jirón Independencia N° 1601, Centro Comercial Real Plaza, Primer Piso",,,,,,,,,,,
459,15.- HUANUCO,HUANUCO,PACHITEA,UMARI,ORA TAMBILLO UMARI (MINSA),597,ORA,DESPLAZAMIENTO,08:45 a 16:30,SI,NO,NO,SI,SI,NO,NO,NO,Carretera Huanuco - Panao Km 37,,,,,,,,,,,
460,15.- HUANUCO,HUANUCO,YAROWILCA,CHAVINILLO,ORA CHAVINILLO (MINSA),644,ORA,OPERATIVO,08:45 a 16:30,SI,NO,NO,SI,SI,NO,NO,NO,Avenida San Juan N° 102,,,,,,,,,,,
461,15.- HUANUCO,PASCO,OXAPAMPA,CONSTITUCIÓN,AG CONSTITUCION,548,AG,OPERATIVO,08:45 a 16:45,NO,NO,SI,SI,NO,NO,NO,NO,Avenida Fernando Belaunde S/N 4ta Etapa del Distrito de Constitución,,,,,,,,,,,
462,16.- AMAZONAS,AMAZONAS,CHACHAPOYAS,CHACHAPOYAS,OR CHACHAPOYAS,1,OR,OPERATIVO,08:45 a 16:45,SI,SI,SI,SI,NO,SI,SI,SI,Jirón Ortiz Arrieta 1135- 1137,,,,,,,,,,,
463,16.- AMAZONAS,AMAZONAS,BAGUA,BAGUA,PAP BAGUA,2,PAP,OPERATIVO,08:45 a 16:45,SI,SI,SI,SI,NO,SI,SI,SI,Jirón Los Cedros Nº 263,,,,,,,,,,,
464,16.- AMAZONAS,AMAZONAS,BONGARA,JAZAN,AG BONGARA,3,AG,OPERATIVO,08:45 a 16:45,SI,NO,SI,SI,NO,SI,SI,NO,Avenida Marginal  Nº 100 -Pedro Ruíz,,,,,,,,,,,
465,16.- AMAZONAS,AMAZONAS,LUYA ,LUYA ,AG LUYA,4,AG,OPERATIVO,08:45 a 16:45,SI,NO,SI,SI,NO,NO,NO,NO,Jirón Diego Mori Zuta N° 447,,,,,,,,,,,
466,16.- AMAZONAS,AMAZONAS,RODRIGUEZ DE MENDOZA,SAN NICOLÁS,AG RODRIGUEZ DE MENDOZA,5,AG,OPERATIVO,08:45 a 16:45,SI,NO,SI,SI,NO,NO,NO,NO,Jirón Victor Mori N° 204,,,,,,,,,,,
467,16.- AMAZONAS,AMAZONAS,CONDORCANQUI,NIEVA,PAP CONDORCANQUI,6,PAP,OPERATIVO,08:45 a 16:45,SI,NO,SI,SI,NO,SI,SI,NO,Calle Gonzalo puerta S/N,,,,,,,,,,,
468,16.- AMAZONAS,AMAZONAS,UTCUBAMBA,BAGUA GRANDE,PAP UTCUBAMBA,7,PAP,OPERATIVO,08:45 a 16:45,SI,SI,SI,SI,NO,SI,SI,SI,Jirón Simón Bolivar N° 545,,,,,,,,,,,
469,16.- AMAZONAS,CAJAMARCA,JAEN,JAEN,OR JAEN,158,OR,OPERATIVO,08:45 a 16:45,SI,SI,SI,SI,NO,SI,SI,SI,Calle Mariscal Ureta Nº 915,,,,,,,,,,,
470,16.- AMAZONAS,CAJAMARCA,SAN IGNACIO,SAN IGNACIO,PAP SAN IGNACIO,161,PAP,OPERATIVO,08:45 a 16:45,SI,NO,SI,SI,NO,SI,SI,NO,Pasaje Santa Rosa 107 - 109 - cuadra 1,,,,,,,,,,,
471,16.- AMAZONAS,AMAZONAS,BAGUA,IMAZA,OR IMAZA,234,OR,OPERATIVO,08:45 a 16:45,SI,SI,SI,SI,SI,SI,SI,SI,Avenida Awajun 751 Centro Poblado Chiriaco,,,,,,,,,,,
472,16.- AMAZONAS,AMAZONAS,CHACHAPOYAS,CHACHAPOYAS,ORA HOSPITAL REGIONAL VIRGEN DE FATIMA (MINSA),363,ORA,OPERATIVO,08:45 a 16:30,SI,SI,NO,SI,SI,NO,NO,NO,Pasaje Daniel Alcides Carrión N° 035,,,,,,,,,,,
473,16.- AMAZONAS,AMAZONAS,BAGUA,BAGUA,ORA HOSPITAL DE APOYO GUSTAVO LANATTA LUJAN (MINSA),452,ORA,OPERATIVO,08:45 a 16:30,SI,SI,NO,SI,SI,NO,NO,NO,Avenida Héroes de Cenepa N°980,,,,,,,,,,,
474,16.- AMAZONAS,CAJAMARCA,JAEN,JAEN,ORA HOSPITAL GENERAL DE JAEN (MINSA),453,ORA,OPERATIVO,08:45 a 16:30,SI,SI,NO,SI,SI,NO,NO,NO,Prolongación Huamantanga s/n,,,,,,,,,,,
475,16.- AMAZONAS,AMAZONAS,BAGUA,IMAZA,ORA CHIRIACO (MINSA),471,ORA,OPERATIVO,08:45 a 16:30,SI,SI,NO,SI,SI,NO,NO,NO,Calle Junin S/N,,,,,,,,,,,
476,16.- AMAZONAS,AMAZONAS,UTCUBAMBA,BAGUA GRANDE,ORA HOSPITAL DE APOYO SANTIAGO APOSTOL DE UTCUBAMBA (MINSA),472,ORA,OPERATIVO,08:45 a 16:30,SI,SI,NO,SI,SI,NO,NO,NO,Jirón San Felipe Santiago N°111,,,,,,,,,,,
477,16.- AMAZONAS,CAJAMARCA,SAN IGNACIO,SAN IGNACIO,ORA SAN IGNACIO (MINSA),476,ORA,OPERATIVO,08:45 a 16:30,SI,SI,NO,SI,SI,NO,NO,NO,"Avenida Abelardo Quiñones S/N, Sector Santiago",,,,,,,,,,,
478,16.- AMAZONAS,AMAZONAS,BONGARA,FLORIDA,ORA POMACOCHAS (MINSA),619,ORA,OPERATIVO PARCIAL,08:45 a 16:30,SI,SI,NO,SI,SI,NO,NO,NO,Jirón Pomacochas S/N ,,,,,,,,,,,
479,16.- AMAZONAS,AMAZONAS,CONDORCANQUI,NIEVA,ORA SANTA MARIA DE NIEVA (MINSA),344,ORA,OPERATIVO,08:45 a 16:30,SI,SI,NO,SI,SI,NO,NO,NO,"Jirón Javier Pérez de Cuellar S/N 
Mz. N Lt. 03 Asent.Humano Héctor Peas Tsegkuan",,,,,,,,,,,
480,16.- AMAZONAS,AMAZONAS,UTCUBAMBA,LONYA GRANDE,ORA LONYA GRANDE (MINSA),652,ORA,OPERATIVO,08:45 a 16:30,SI,SI,SI,SI,SI,NO,NO,NO,Jirón Alto Amazonas 340,,,,,,,,,,,
481,16.- AMAZONAS,AMAZONAS,CONDORCANQUI,RIO SANTIAGO,ORA GALILEA (MINSA),475,ORA,OPERATIVO,08:45 a 16:30,SI,SI,NO,SI,SI,NO,NO,NO,Jirón La Amistad S/N,,,,,,,,,,,
