N°,OFICINAS REGIONALES/U.O.,DEPARTAMENTO,PROVINCIA,DISTRITO,CODIGO SIO DNI NUM,SIGLA TIPO DE LOCAL,ESTADO,CENTRO DE ATENCIÓN,HORARIO DE ATENCIÓN AL PUBLICO, ¿Este Centro de Atención toma fotografía? , ¿Este Centro de Atención entrega DNI Electrónico? , TRAMITE DE DNI MAYOR , TRAMITE DE DNI MENOR , ENTREGAS DE DNI , INSCRIPCION DE REGISTROS CIVILES , CERTIFICACION DE REGISTROS CIVILES , CERTIFICACION DEL RUIPN , EREP ,NOMBRE DE LA VIA
1,01.- PIURA,LAMBAYEQUE,CHICLAYO,CHICLAYO,53,ORA,OPERATIVO,ORA HOSPITAL REGIONAL DOCENTE LAS MERCEDES (MINSA),08:45 a 16:30,SI,SI,NO,SI,SI,SI,NO,NO,NO,Avenida Luis Gonzáles  Nº 635
2,01.- PIURA,LAMBAYEQUE,CHICLAYO,CHICLAYO,88,ORA,OPERATIVO,ORA HOSPITAL ALMANZOR AGUINAGA ASENJO (ESSALUD),08:45 a 16:30,SI,SI,NO,SI,SI,SI,NO,NO,NO,Plaza Plaza de la Seguridad Social S/N
3,01.- PIURA,PIURA,SULLANA,SULLANA,112,ORA,OPERATIVO,ORA HOSPITAL DE APOYO II-SULLANA (MINSA),08:45 a 16:30,SI,SI,NO,SI,SI,SI,NO,NO,NO,Avenida Santa Rosa S/N
4,01.- PIURA,CAJAMARCA,CUTERVO,CUTERVO,155,PAP,OPERATIVO,PAP CUTERVO,08:45 a 16:45,SI,SI,SI,SI,SI,NO,SI,SI,SI,Jirón Comercio N° 1103 Mz. 203 Lt. 14-Urb. Los Jardines 
5,01.- PIURA,CAJAMARCA,CHOTA,CHOTA,156,AG,OPERATIVO,AG CHOTA,08:45 a 16:45,SI,SI,SI,SI,SI,NO,SI,SI,SI,Jirón 30 de Agosto N° 848
6,01.- PIURA,CAJAMARCA,SANTA CRUZ,SANTA CRUZ,159,PAP,OPERATIVO,PAP SANTA CRUZ,08:45 a 16:45,NO,NO,SI,SI,SI,NO,SI,SI,NO,Jirón Domingo Negrón Nº 399
7,01.- PIURA,LAMBAYEQUE,CHICLAYO,JOSE LEONARDO ORTIZ,179,OR,OPERATIVO,OR JOSÉ LEONARDO ORTIZ,08:45 a 16:45,SI,SI,SI,SI,SI,SI,SI,SI,SI,Calle Cacique Cinto Nº 317 Urb. Latina
8,01.- PIURA,PIURA,AYABACA,FRÍAS,214,OR,OPERATIVO,OR FRIAS,08:45 a 16:45,SI,NO,SI,SI,SI,SI,SI,SI,NO,Calle Lima Nº 235 - 2do piso
9,01.- PIURA,LAMBAYEQUE,CHICLAYO,CHICLAYO,351,OR,OPERATIVO,OR CHICLAYO,08:45 a 16:45,SI,SI,SI,SI,SI,SI,SI,SI,SI,Avenida Balta N° 680 y esquina con Av. Elias Aguirre
10,01.- PIURA,LAMBAYEQUE,FERREÑAFE,FERREÑAFE,352,PAP,OPERATIVO,PAP FERREÑAFE,08:45 a 16:45,NO,NO,SI,SI,SI,NO,SI,SI,NO,Calle Tres Marías Nº 717 – B
11,01.- PIURA,LAMBAYEQUE,LAMBAYEQUE,LAMBAYEQUE,353,PAP,OPERATIVO,PAP LAMBAYEQUE,08:45 a 16:45,SI,SI,SI,SI,SI,NO,SI,SI,SI,Avenida Huamachuco N° 342
12,01.- PIURA,CAJAMARCA,CUTERVO,CUTERVO,473,ORA,OPERATIVO,ORA SANTA MARIA DE CUTERVO (MINSA),08:45 a 16:30,SI,SI,NO,SI,SI,SI,NO,NO,NO,Jirón Ica S/N
13,01.- PIURA,CAJAMARCA,CHOTA,CHOTA,474,ORA,OPERATIVO,ORA HOSPITAL DE APOYO CHOTA - JOSE SOTO CADENILLAS (MINSA),08:45 a 16:30,SI,SI,NO,SI,SI,SI,NO,NO,NO,Jirón Ezequiel Montoya Nª 718
14,01.- PIURA,PIURA,PIURA,PIURA,521,OR,OPERATIVO,OR PIURA,08:45 a 16:45,SI,SI,SI,SI,SI,SI,SI,SI,SI,Calle Libertad Nº 568
15,01.- PIURA,PIURA,AYABACA,AYABACA,522,PAP,OPERATIVO,PAP AYABACA,08:45 a 16:45,NO,NO,SI,SI,SI,NO,SI,SI,NO,Calle Bolognesi N° 181
16,01.- PIURA,PIURA,HUANCABAMBA,HUANCABAMBA,523,PAP,OPERATIVO,PAP HUANCABAMBA,08:45 a 16:45,NO,NO,SI,SI,SI,NO,NO,NO,NO, Complejo Terminal Terrestre S/N - Stand 14
17,01.- PIURA,PIURA,MORROPON,CHULUCANAS,524,AG,OPERATIVO,AG CHULUCANAS,08:45 a 16:45,SI,SI,SI,SI,SI,NO,SI,SI,SI,Jirón Cuzco N° 202
18,01.- PIURA,PIURA,PAITA,PAITA,525,PAP,OPERATIVO,PAP PAITA,08:45 a 16:45,SI,NO,SI,SI,SI,NO,SI,SI,NO,Jirón San Martin S/N Plaza de Armas - Municipalidad de Paita
19,01.- PIURA,PIURA,SULLANA,SULLANA,526,OR,OPERATIVO,OR SULLANA,08:45 a 16:45,SI,SI,SI,SI,SI,SI,SI,SI,SI,Calle Leoncio Prado Nº 517 
20,01.- PIURA,PIURA,TALARA,PARIÑAS,527,AG,OPERATIVO,AG TALARA,08:45 a 16:45,SI,SI,SI,SI,SI,NO,SI,SI,SI,Avenida Mártires Petroleros B-3 Conjunto Habitacional - Talara
21,01.- PIURA,PIURA,SECHURA,SECHURA,528,PAP,OPERATIVO,PAP SECHURA,08:45 a 16:45,SI,NO,SI,SI,SI,NO,SI,SI,NO,Calle Dos de Mayo Nº 618 - Plaza de Armas - Municipalidad de Sechura
22,01.- PIURA,PIURA,PIURA,TAMBO GRANDE,531,PAP,OPERATIVO,PAP TAMBOGRANDE,08:45 a 16:45,SI,NO,SI,SI,SI,NO,SI,SI,NO,Jirón Piura 375
23,01.- PIURA,PIURA,PIURA,PIURA,576,MAC,OPERATIVO,MAC - PIURA,08:30 a 16:30,SI,SI,SI,SI,SI,NO,SI,SI,SI,Avenida Sanchez Cerro con Wiesse Centro Comercial Real Plaza
24,01.- PIURA,PIURA,PAITA,PAITA,611,ORA,OPERATIVO,ORA HOSPITAL LAS MERCEDES-PAITA (MINSA),08:45 a 16:30,SI,SI,NO,SI,SI,SI,NO,NO,NO, Zona Industrial Sector II Mz. H Lt. 1 Jr. Los Pescadores S/N 
25,01.- PIURA,TUMBES,TUMBES,TUMBES,641,OR,OPERATIVO,OR TUMBES,08:45 a 16:45,SI,SI,SI,SI,SI,SI,SI,SI,SI,Avenida Tumbes Norte  Nº 550
26,01.- PIURA,TUMBES,CONTRALMIRANTE VILLAR,ZORRITOS,642,PANP,DESPLAZAMIENTO,PANP CONTRALMIRANTE VILLAR - ZORRITOS,08:45 a 16:45,NO,NO,SI,SI,SI,NO,NO,NO,NO,Avenida Grau Nº 305
27,01.- PIURA,TUMBES,ZARUMILLA,ZARUMILLA,643,PAP,OPERATIVO,PAP ZARUMILLA,08:45 a 16:45,SI,NO,SI,SI,SI,NO,SI,SI,NO,Avenida El Ejérrcito Nº 105 - Interior Biblioteca Municipal
28,01.- PIURA,LAMBAYEQUE,LAMBAYEQUE,OLMOS,719,PANP,DESPLAZAMIENTO,PANP OLMOS,08:45 a 16:45,NO,NO,SI,SI,SI,NO,NO,NO,NO,Avenida A. B. Leguía/Calle Alfonso Ugarte
29,01.- PIURA,PIURA,PIURA,TAMBO GRANDE,721,ORA,OPERATIVO,ORA TAMBO GRANDE (MINSA),08:45 a 16:30,SI,SI,NO,SI,SI,SI,NO,NO,NO,"Avenida Froilan Alama,, AA.HH.Froilan Alama"
30,01.- PIURA,LAMBAYEQUE,LAMBAYEQUE,LAMBAYEQUE,731,ORA,OPERATIVO,ORA HOSPITAL PROVINCIAL DOCENTE BELEN-LAMBAYEQUE (MINSA),08:45 a 16:30,SI,SI,NO,SI,SI,SI,NO,NO,NO,Avenida Ramón Castilla Nº 597
31,01.- PIURA,TUMBES,TUMBES,TUMBES,732,ORA,OPERATIVO,ORA HOSPITAL REGIONAL JOSE ALFREDO MENDOZA OLAVARRIA JAMO II-2 (MINSA),08:45 a 16:30,SI,SI,NO,SI,SI,SI,NO,NO,NO,Avenida 24 de Julio Nº 565 
32,01.- PIURA,PIURA,PIURA,CATACAOS,609,ORA,OPERATIVO,ORA CENTRO DE SALUD MATERNO INFANTIL-CATACAOS (MINSA),08:45 a 16:30,SI,SI,NO,SI,SI,SI,NO,NO,NO,Avenida Cayetano Heredia 1108 - Catacos
33,01.- PIURA,PIURA,PIURA,Veintises de Octubre,87,ORA,OPERATIVO,ORA HOSPITAL DE LA AMISTAD PERU - COREA SANTA ROSA II-2 (MINSA),08:45 a 16:30,SI,SI,NO,SI,SI,SI,NO,NO,NO,Avenida Prolongación Av. Grau/Av. Chulucanas 
34,01.- PIURA,LAMBAYEQUE,CHICLAYO,CHICLAYO,760,ORA,OPERATIVO,ORA HOSPITAL REGIONAL LAMBAYEQUE (MINSA),08:45 a 16:30,SI,SI,NO,SI,SI,SI,NO,NO,NO,Avenida Intersección de Carretera Panamerica Norte y Vía de Evitamiento S/N
35,01.- PIURA,PIURA,MORROPON,CHULUCANAS,610,ORA,OPERATIVO,ORA HOSPITAL DE APOYO CHULUCANAS (MINSA),08:45 a 16:30,SI,SI,NO,SI,SI,SI,NO,NO,NO,Calle Daniel alcides carrion S/N Asent .H. vate manrique
36,02.- TRUJILLO,LA LIBERTAD,TRUJILLO,TRUJILLO,45,ORA,OPERATIVO,ORA REGIONAL DOCENTE DE TRUJILLO (MINSA),08:45 a 13:00 - 14:00 a 16:30,SI,NO,NO,SI,SI,SI,NO,NO,NO,Avenida Mansiche Nº 795
37,02.- TRUJILLO,CAJAMARCA,CAJAMARCA,CAJAMARCA,86,ORA,OPERATIVO,ORA REGIONAL CAJAMARCA (MINSA),08:45 a 13:00 - 14:00 a 16:30 ,SI,NO,NO,SI,SI,SI,NO,NO,NO,Jirón Larry Jhonson S/N Cdra. 8
38,02.- TRUJILLO,LA LIBERTAD,TRUJILLO,TRUJILLO,139,ORA,OPERATIVO,ORA HOSPITAL BELEN DE TRUJILLO (MINSA),08:45 a 16:30,SI,NO,NO,SI,SI,SI,NO,NO,NO,Calle Bolívar Nº 350
39,02.- TRUJILLO,CAJAMARCA,CAJAMARCA,CAJAMARCA,151,OR,OPERATIVO,OR CAJAMARCA,08:45 a 16:45,SI,SI,SI,SI,SI,SI,SI,SI,SI,Jirón Del Comercio Nº 633
40,02.- TRUJILLO,CAJAMARCA,CAJABAMBA,CAJABAMBA,152,PAP,OPERATIVO,PAP CAJABAMBA,08:45 a 16:45,SI,NO,SI,SI,SI,NO,SI,SI,NO,Jirón Miguel Grau Nº 224-226-228 Mz. 31 Lt. 2 
41,02.- TRUJILLO,CAJAMARCA,CELENDIN,CELENDÍN,153,PAP,OPERATIVO,PAP CELENDIN,08:45 a 16:45,SI,NO,SI,SI,SI,NO,SI,SI,NO,Jirón Pardo N° 610
42,02.- TRUJILLO,CAJAMARCA,CONTUMAZA,CONTUMAZÁ,154,PAP,OPERATIVO,PAP CONTUMAZA,08:45 a 13:00 - 14:00 a 16:45 ,NO,NO,SI,SI,SI,NO,SI,SI,NO,Jirón Miguel Grau Nº 212
43,02.- TRUJILLO,CAJAMARCA,HUALGAYOC,BAMBAMARCA,157,PAP,OPERATIVO,PAP HUALGAYOC,08:45 a 16:45,SI,NO,SI,SI,SI,NO,SI,SI,NO,Jirón 07 de Junio Nº 470
44,02.- TRUJILLO,CAJAMARCA,SAN MIGUEL,SAN MIGUEL,160,PAP,OPERATIVO,PAP SAN MIGUEL,08:45 a 13:00 - 14:00 a 16:45 ,NO,NO,SI,SI,SI,NO,NO,NO,NO,Jirón Bolognesi N° 364
45,02.- TRUJILLO,CAJAMARCA,SAN MARCOS,PEDRO GÁLVEZ,162,PAP,OPERATIVO,PAP SAN MARCOS,08:45 a 16:45,NO,NO,SI,SI,SI,NO,SI,SI,NO,Jirón Alfonso Ugarte N° 325 (Mz. 46 Lt. 17 Centro Poblado San Marcos).
46,02.- TRUJILLO,CAJAMARCA,SAN PABLO,SAN PABLO,163,PAP,OPERATIVO,PAP SAN PABLO,08:45 a 13:00 - 14:00 a 16:45 ,NO,NO,SI,SI,SI,NO,SI,SI,NO,Jirón Plaza de Armas S/N
47,02.- TRUJILLO,LA LIBERTAD,TRUJILLO,VICTOR LARCO HERRERA,173,OR,OPERATIVO,OR TRUJILLO II,08:45 a 16:45,SI,SI,SI,SI,SI,SI,SI,SI,SI,Avenida Víctor Larco N° 1096. Urb. Vista Alegre
48,02.- TRUJILLO,LA LIBERTAD,PATAZ,PARCOY,293,OR,OPERATIVO,OR PARCOY,08:45 a 13:00 - 14:00 a 16:45 ,SI,NO,SI,SI,SI,SI,SI,SI,NO,Jirón San Martín N° 859
49,02.- TRUJILLO,LA LIBERTAD,TRUJILLO,TRUJILLO,310,OR,OPERATIVO,OR TRUJILLO ,08:45 a 16:45,SI,SI,SI,SI,SI,SI,SI,SI,SI,Avenida Pablo Casals Mz. A Lt. 6 Urb. Los Cedros
50,02.- TRUJILLO,LA LIBERTAD,BOLIVAR,BOLÍVAR,311,PAP,OPERATIVO,PAP BOLIVAR,08:45 a 13:00 - 14:00 a 16:45 ,NO,NO,SI,SI,SI,NO,SI,SI,NO,Jirón Bolivar S/N - Mz. 20 Lt. 8
51,02.- TRUJILLO,LA LIBERTAD,SANCHEZ CARRION,HUAMACHUCO,312,AG,OPERATIVO,AG SANCHEZ CARRION,08:45 a 16:45,SI,SI,SI,SI,SI,NO,SI,SI,SI,Jirón Alfonso Ugarte N° 567
52,02.- TRUJILLO,LA LIBERTAD,OTUZCO,OTUZCO,313,AG,OPERATIVO,AG OTUZCO,08:45 a 16:45,SI,SI,SI,SI,SI,NO,SI,SI,SI,Pasaje Elías Armas Castillo Lt. 5-E1 Mz. 28
53,02.- TRUJILLO,LA LIBERTAD,PACASMAYO,SAN PEDRO DE LLOC,314,AG,OPERATIVO,AG PACASMAYO,08:45 a 16:45,SI,SI,SI,SI,SI,NO,SI,SI,SI,Jirón Alianza Nº 524
54,02.- TRUJILLO,LA LIBERTAD,PATAZ,TAYABAMBA,315,PAP,OPERATIVO,PAP PATAZ,08:45 a 13:00 - 14:00 a 16:45 ,NO,NO,SI,SI,SI,NO,NO,NO,NO,Jirón Sucre 337 1er Piso Centro Civico
55,02.- TRUJILLO,LA LIBERTAD,SANTIAGO DE CHUCO,SANTIAGO DE CHUCO,316,PAP,OPERATIVO,PAP SANTIAGO DE CHUCO,08:45 a 13:00 - 14:00 a 16:45 ,NO,NO,SI,SI,SI,NO,SI,SI,NO,Calle Luis de La Puente Uceda  Nº 1120
56,02.- TRUJILLO,LA LIBERTAD,ASCOPE,ASCOPE,317,PAP,OPERATIVO,PAP ASCOPE,08:45 a 16:45,NO,NO,SI,SI,SI,NO,SI,SI,NO,"Calle Miguel Grau N° 879, Ascope - 1er Piso"
57,02.- TRUJILLO,LA LIBERTAD,CHEPEN,CHEPÉN,318,PAP,OPERATIVO,PAP CHEPEN,08:45 a 16:45,SI,NO,SI,SI,SI,NO,SI,SI,NO,Calle Manuel Seoane  N° 136. Chepen
58,02.- TRUJILLO,LA LIBERTAD,GRAN CHIMU,CASCAS,320,PAP,OPERATIVO,PAP GRAN CHIMU,08:45 a 13:00 - 14:00 a 16:45 ,NO,NO,SI,SI,SI,NO,SI,SI,NO,Jr. San Martin S/N 
59,02.- TRUJILLO,LA LIBERTAD,VIRU,VIRU,321,PAP,OPERATIVO,PAP VIRU,08:45 a 16:45,SI,NO,SI,SI,SI,NO,SI,SI,NO,  Mz. A Lt. N° 08 Urb. Las Palmeras
60,02.- TRUJILLO,CAJAMARCA,HUALGAYOC,BAMBAMARCA,358,ORA,OPERATIVO,ORA BAMBAMARCA - TITO VILLAR CABEZAS (MINSA),08:45 a 13:00 - 14:00 a 16:30,SI,NO,NO,SI,SI,SI,NO,NO,NO,Caserío El Frutillo. Bambamarca
61,02.- TRUJILLO,CAJAMARCA,CELENDIN,CELENDÍN,359,ORA,OPERATIVO,ORA DE APOYO CELENDIN (MINSA),08:45 a 13:00 - 14:00 a 16:30 ,SI,NO,NO,SI,SI,SI,NO,NO,NO,Avenida Túpac Amaru Cdra. 4
62,02.- TRUJILLO,CAJAMARCA,CAJABAMBA,CAJABAMBA,360,ORA,OPERATIVO,ORA HOSPITAL NUESTRA SEÑORA DEL ROSARIO (MINSA),08:45 a 13:00 - 14:00 a 16:30,SI,NO,NO,SI,SI,SI,NO,NO,NO,Jirón La Torre N° 277
63,02.- TRUJILLO,CAJAMARCA,SAN MARCOS,PEDRO GÁLVEZ,361,ORA,OPERATIVO,ORA SAN MARCOS (MINSA),08:45 a 13:00 - 14:00 a 16:30,SI,NO,NO,SI,SI,SI,NO,NO,NO,Avenida 28 de Julio S/N Cdra.2
64,02.- TRUJILLO,LA LIBERTAD,TRUJILLO,EL PORVENIR,508,OR,OPERATIVO,OR EL PORVENIR,08:45 a 16:45,SI,SI,SI,SI,SI,SI,SI,SI,SI,Jirón Gabriel Aguilar Nº 1657. 2do piso.
65,02.- TRUJILLO,LA LIBERTAD,TRUJILLO,ALTO TRUJILLO,569,OR,OPERATIVO,OR ALTO TRUJILLO,08:45 a 16:45,SI,SI,SI,SI,SI,SI,SI,SI,SI, Barrio 3 Mz T Lt. 2
66,02.- TRUJILLO,CAJAMARCA,CAJAMARCA,CAJAMARCA,592,ORA,OPERATIVO,ORA SIMON BOLIVAR (MINSA),08:45 a 13:00 - 14:00 a 16:30,SI,NO,NO,SI,SI,SI,NO,NO,NO,Avenida Mario Urteaga N° 500
67,02.- TRUJILLO,LA LIBERTAD,PACASMAYO,GUADALUPE,593,ORA,OPERATIVO,ORA DE APOYO TOMÁS LAFORA (MINSA),08:45 a 13:00 - 14:00 a 16:30,SI,NO,NO,SI,SI,SI,NO,NO,NO,Calle La Victoria S/N
68,02.- TRUJILLO,CAJAMARCA,CAJAMARCA,LOS BAÑOS DEL INCA,602,ORA,OPERATIVO,ORA BAÑOS DEL INCA (MINSA),08:45 a 13:00 - 14:00 a 16:30,SI,NO,NO,SI,SI,SI,NO,NO,NO,Jirón Pachacútec N° 489
69,02.- TRUJILLO,LA LIBERTAD,TRUJILLO,LA ESPERANZA,604,ORA,OPERATIVO,ORA DISTRITAL JERUSALEN (MINSA),08:45 a 13:00 - 14:00 a 16:30 ,SI,NO,NO,SI,SI,SI,NO,NO,NO,Pasaje 1 Barrio 3 Mz. 20 Lt. 02 Sector Jerusalén
70,02.- TRUJILLO,LA LIBERTAD,PATAZ,CHILLIA,605,AG,OPERATIVO,AG CHILLIA,08:45 a 13:00 - 14:00 a 16:45 ,SI,NO,SI,SI,SI,NO,SI,SI,NO,Jirón Miraflores S/N
71,02.- TRUJILLO,LA LIBERTAD,SANTIAGO DE CHUCO,SANTIAGO DE CHUCO,613,ORA,OPERATIVO,ORA DE APOYO CESAR ABRAHAM VALLEJO MENDOZA (MINSA),08:45 a 13:00 - 14:00 a 16:30 ,SI,NO,NO,SI,SI,SI,NO,NO,NO,Calle Gustavo Pinillo S/N - Barrio San Cristobal
72,02.- TRUJILLO,LA LIBERTAD,CHEPEN,CHEPEN,614,ORA,DESPLAZAMIENTO,ORA DE APOYO CHEPEN (MINSA),08:45 a 13:00 - 14:00 a 16:30 ,SI,NO,NO,SI,SI,SI,NO,NO,NO,Avenida 28 de Julio S/N
73,02.- TRUJILLO,LA LIBERTAD,SANCHEZ CARRION,HUAMACHUCO,615,ORA,OPERATIVO,ORA DE APOYO LEONCIO PRADO (MINSA),08:45 a 13:00 - 14:00 a 16:30 ,SI,NO,NO,SI,SI,SI,NO,NO,NO,Avenida 10 de Julio N° 209
74,02.- TRUJILLO,LA LIBERTAD,OTUZCO,OTUZCO,616,ORA,OPERATIVO,ORA DE APOYO OTUZCO ELPIDIO BEROVIDES PEREZ (MINSA),08:45 a 13:00 - 14:00 a 16:30 ,SI,NO,NO,SI,SI,SI,NO,NO,NO,Calle Progreso N° 385
75,02.- TRUJILLO,LA LIBERTAD,ASCOPE,PAIJAN,617,ORA,DESPLAZAMIENTO,ORA PAIJAN (MINSA),08:45 a 13:00 - 14:00 a 16:30 ,SI,NO,NO,SI,SI,SI,NO,NO,NO,Carretera Vía Panamericana S/N Sector Manco Capac
76,02.- TRUJILLO,CAJAMARCA,CAJAMARCA,CAJAMARCA,795,MAC,OPERATIVO,MAC - CAJAMARCA,08:30 a 16:30,SI,SI,SI,SI,SI,NO,SI,SI,SI,Avenida Via De Evitamiento. Jr. El Mutuy y Av. La Cantuta - Cajamarca - Centro Comercial Real Plaza 2do. Piso
77,02.- TRUJILLO,LA LIBERTAD,TRUJILLO,TRUJILLO,822,MAC,OPERATIVO,MAC - LA LIBERTAD,08:30 a 16:30,SI,SI,SI,SI,SI,NO,SI,SI,SI,"Avenida Centro Comercial Real Plaza de Trujillo -Fundo Las Casuarinas, Sub Lote predio A; Intersección , Av. Fátima 1345, Trujillo, La Libertad"
78,02.- TRUJILLO,LA LIBERTAD,VIRU,VIRU,594,ORA,OPERATIVO,ORA PROVINCIAL DE VIRÚ (MINSA),08:45 a 13:00 - 14:00 a 16:30,SI,NO,NO,SI,SI,SI,NO,NO,NO,Calle Sucre Nº 799
79,02.- TRUJILLO,LA LIBERTAD,TRUJILLO,TRUJILLO,46,ORA,OPERATIVO,ORA HOSPITAL VÍCTOR LAZARTE ECHEGARAY (ESSALUD),08:45 a 13:00 - 14:00 a 16:30 ,SI,NO,NO,SI,SI,SI,NO,NO,NO,Avenida Prolongación Unión 1375
80,03.- TARAPOTO,SAN MARTIN,SAN MARTIN,TARAPOTO,109,ORA,OPERATIVO,ORA HOSPITAL TARAPOTO (MINSA),08:45 a 16:30,NO,NO,NO,SI,SI,SI,NO,NO,NO,Jirón Angel Delgado Morey Nº 503
81,03.- TARAPOTO,LORETO,DATEM DEL MARAÑON,BARRANCA,120,PAP,OPERATIVO,PAP DATEM DEL MARAÑON,08:45 a 16:45,SI,NO,SI,SI,SI,NO,SI,SI,NO,Calle Tigre Mz. 31 Lt. 08 - San Lorenzo
82,03.- TARAPOTO,SAN MARTIN,RIOJA,NUEVA CAJAMARCA,331,AG,OPERATIVO,AG NUEVA CAJAMARCA,08:45 a 16:45,SI,NO,SI,SI,SI,NO,SI,SI,NO,Carretera Fernando Belaunde Terry Altura del Km. 447.50 
83,03.- TARAPOTO,LORETO,ALTO AMAZONAS,YURIMAGUAS,432,AG,OPERATIVO,AG ALTO AMAZONAS,08:45 a 16:45,SI,SI,SI,SI,SI,NO,SI,SI,SI,Calle Mariscal Castilla N° 411
84,03.- TARAPOTO,SAN MARTIN,MOYOBAMBA ,MOYOBAMBA,543,ORA,OPERATIVO,ORA HOSPITAL MOYOBAMBA (MINSA),08:45 a 16:30,SI,NO,NO,SI,SI,SI,NO,NO,NO,Jirón Grau cuadra 4
85,03.- TARAPOTO,SAN MARTIN,MOYOBAMBA ,MOYOBAMBA,581,AG,OPERATIVO,AG MOYOBAMBA,08:45 a 16:45,SI,SI,SI,SI,SI,NO,SI,SI,SI,Jirón Dos de Mayo Mz. 1530 Lt. 14 (837)
86,03.- TARAPOTO,SAN MARTIN,HUALLAGA,SAPOSOA,582,AG,OPERATIVO,AG HUALLAGA,08:45 a 16:45,SI,NO,SI,SI,SI,NO,SI,SI,NO,Jirón Lima N° 591
87,03.- TARAPOTO,SAN MARTIN,LAMAS,LAMAS,583,AG,OPERATIVO,AG LAMAS,08:45 a 16:45,SI,SI,SI,SI,SI,NO,SI,SI,SI,Jirón San Martín N° 984
88,03.- TARAPOTO,SAN MARTIN,MARISCAL CACERES,JUANJUI,584,AG,OPERATIVO,AG MARISCAL CACERES,08:45 a 16:45,SI,SI,SI,SI,SI,NO,SI,SI,SI,Jirón Eduardo Peña Meza N° 772 
89,03.- TARAPOTO,SAN MARTIN,RIOJA,RIOJA,585,OR,OPERATIVO,OR RIOJA,08:45 a 16:45,SI,SI,SI,SI,SI,SI,SI,SI,SI,Jirón Angaiza N° 530
90,03.- TARAPOTO,SAN MARTIN,SAN MARTIN ,TARAPOTO,586,OR,OPERATIVO,OR TARAPOTO,08:45 a 16:45,SI,SI,SI,SI,SI,SI,SI,SI,SI,Jirón Jiménez Pimentel N° 280 
91,03.- TARAPOTO,SAN MARTIN,BELLAVISTA,BELLAVISTA,587,AG,OPERATIVO,AG BELLAVISTA,08:45 a 16:45,SI,SI,SI,SI,SI,NO,SI,SI,SI,Jirón Huallaga - Iquitos Mz. 7 Lt. 27 - A.  1er. Piso
92,03.- TARAPOTO,SAN MARTIN,PICOTA,PICOTA,589,AG,OPERATIVO,AG PICOTA,08:45 a 16:45,SI,NO,SI,SI,SI,NO,SI,SI,NO,"Jirón Simón Bolívar, cuadra 4"
93,03.- TARAPOTO,LORETO,DATEM DEL MARAÑON,BARRANCA,601,ORA,OPERATIVO,ORA SAN LORENZO - NUCLEO BASE (MINSA),08:45 a 16:30,SI,NO,NO,SI,SI,SI,NO,NO,NO,Barrio Daniel Alcides Carrión S/N - Barrio Huacachina
94,03.- TARAPOTO,SAN MARTIN,SAN MARTIN ,LA BANDA DE SHILCAYO,612,AG,OPERATIVO,AG LA BANDA DE SHILCAYO,08:45 a 16:45,SI,SI,SI,SI,SI,NO,SI,SI,SI,Jirón Yurimaguas N° 340
95,03.- TARAPOTO,SAN MARTIN,MARISCAL CACERES,JUANJUI,632,ORA,OPERATIVO,ORA HOSPITAL JUANJUI (MINSA),08:45 a 16:30,SI,NO,NO,SI,SI,SI,NO,NO,NO,Jirón Arica N° 205
96,03.- TARAPOTO,SAN MARTIN,RIOJA,RIOJA,658,ORA,OPERATIVO,ORA HOSPITAL DE RIOJA (MINSA),08:45 a 16:30,SI,NO,NO,SI,SI,SI,NO,NO,NO,Jirón Túpac Amaru S/N
97,03.- TARAPOTO,SAN MARTIN,SAN MARTIN,MORALES,983,PANP,OPERATIVO,PANP MORALES,08:45 a 16:45,SI,NO,SI,SI,SI,NO,SI,SI,NO,Jirón Tarapoto N° 116 Plaza de Armas
98,04.- IQUITOS,LORETO,MAYNAS,PUNCHANA,55,ORA,OPERATIVO,"ORA HOSPITAL REGIONAL DE LORETO ""FELIPE ARRIOLA IGLESIAS""",08:45 a 16:30,SI,NO,NO,SI,SI,SI,NO,NO,NO,Avenida 28 de Julio S/N
99,04.- IQUITOS,LORETO,MAYNAS,IQUITOS,85,ORA,OPERATIVO,"ORA HOSPITAL IQUITOS ""CESAR GARAYAR GARCIA""",08:45 a 16:30,SI,NO,NO,SI,SI,SI,NO,NO,NO,Calle Cornejo Portugal 1710
100,04.- IQUITOS,LORETO,MAYNAS,BELÉN,332,OR,OPERATIVO,OR BELEN,08:45 a 16:45,SI,NO,SI,SI,SI,SI,SI,SI,NO,Calle Miraflores S/N P. J. 09 de Octubre
101,04.- IQUITOS,LORETO,MAYNAS,IQUITOS,431,OR,OPERATIVO,OR IQUITOS,08:45 a 16:45,SI,SI,SI,SI,SI,SI,SI,SI,SI,Jirón Próspero Nº 201
102,04.- IQUITOS,LORETO,LORETO,NAUTA,433,PAP,OPERATIVO,PAP NAUTA,08:45 a 16:45,SI,NO ,SI,SI,SI,NO,SI,SI,NO,Cal. Manuel Pacaya N° 570 centro cívico
103,04.- IQUITOS,LORETO,REQUENA,REQUENA,434,PAP,OPERATIVO,PAP REQUENA,08:45 a 16:45,SI,NO ,SI,SI,SI,NO,SI,SI,NO,Calle San Antonio S/N Anexo Hotel Municipal
104,04.- IQUITOS,LORETO,MARISCAL RAMON CASTILLA,RAMON CASTILLA,436,PAP,OPERATIVO,PAP MARISCAL RAMON CASTILLA - CABALLOCOCHA,08:45 a 16:45,SI,NO ,SI,SI,SI,NO,SI,SI,NO,Calle Ayacucho Mz. 22 Lt. 4 C con Amazonas S/N - Local Municipal
105,04.- IQUITOS,LORETO,MAYNAS,SAN JUAN BAUTISTA,438,OR,OPERATIVO,OR SAN JUAN BAUTISTA,08:45 a 16:45,SI,NO ,SI,SI,SI,SI,SI,SI,NO,Avenida Abelardo Quiñones Nº 2371 Km. 2.5 
106,04.- IQUITOS,LORETO,MARISCAL RAMON CASTILLA,YAVARI,439,PAP,OPERATIVO,PAP YAVARI,08:45 a 16:45,NO,NO ,SI,SI,SI,NO,NO,NO,NO,Calle Nueva Jerusalen S/N Local Municipal
107,04.- IQUITOS,LORETO,PUTUMAYO,PUTUMAYO,440,PAP,OPERATIVO,PAP PUTUMAYO,08:45 a 16:45,NO,NO ,SI,SI,SI,NO,NO,NO,NO,Calle Arequipa S/N
108,04.- IQUITOS,LORETO,MAYNAS,PUNCHANA,449,PAP,OPERATIVO,PAP PUNCHANA,08:45 a 16:45,SI,NO ,SI,SI,SI,NO,SI,NO,NO,"Calle Cusco S/N, cuadra 5, esquina con Trujillo."
109,04.- IQUITOS,LORETO,REQUENA,REQUENA,645,ORA,OPERATIVO,ORA REQUENA,08:45 a 16:30,SI,NO ,NO,SI,SI,SI,NO,NO,NO,Calle Mártires del Petroléo S/N - Malecon Grau
110,04.- IQUITOS,LORETO,MARISCAL RAMON CASTILLA,RAMON CASTILLA,711,ORA,OPERATIVO,ORA CABALLOCOCHA,08:45 a 16:30,si,NO ,NO,SI,SI,SI,NO,NO,NO,Calle Progreso N° 425
111,04.- IQUITOS,LORETO,MAYNAS,PUNCHANA,806,MAC,OPERATIVO,MAC - LORETO,08:30 a 16:30,SI,NO ,SI,SI,SI,NO,SI,SI,NO,Avenida La Marina Nº  1338
112,04.- IQUITOS,LORETO,MAYNAS,IQUITOS,600019,PVM,OPERATIVO,PVM - OR IQUITOS,08:45 a 16:45,NO,NO,SI,NO,NO,NO,SI,NO,NO,Jirón Próspero Nº 201
113,05.- CHIMBOTE,ANCASH,SANTA,CHIMBOTE,33,OR,OPERATIVO,OR SANTA,08:45 a 16:45,SI,SI,SI,SI,SI,SI,SI,SI,SI,Jirón Enrique Palacios Nº 504-506 esquina con Jr. Ladislao Espinar Nº 401
114,05.- CHIMBOTE,ANCASH,SANTA,CHIMBOTE,1182,MAC,OPERATIVO,CENTRO MAC ANCASH (MegaPlaza Chimbote),08:30 a 16:30,SI,SI,SI,SI,SI,NO,SI,SI,SI," Mz. B Lt. 1-A-1-A2 Sector Parque Gran Chavín, Centro Comercial Megaplaza Chimbote"
115,05.- CHIMBOTE,ANCASH,SANTA,NUEVO CHIMBOTE,137,AG,OPERATIVO,AG NUEVO CHIMBOTE,08:45 a 16:45,SI,SI,SI,SI,SI,NO,SI,SI,SI, Mz. 74-75 Lt. 1 del Centro Cívico de la Municipalidad Distrital de Nuevo Chimbote
116,05.- CHIMBOTE,ANCASH,HUARAZ,HUARAZ,21,AG,OPERATIVO,AG HUARAZ,08:45 a 16:45,SI,SI,SI,SI,SI,NO,SI,SI,SI,"Jirón Agustin Loly N° 756, Mz. 29A Lt. 27, Barrio La Soledad Alta, intersección con Jr. Agustin Mejía"
117,05.- CHIMBOTE,ANCASH,HUAYLAS,CARAZ,27,AG,OPERATIVO,AG HUAYLAS,08:45 a 16:45,SI,SI,SI,SI,SI,NO,SI,SI,SI,Jirón Raimondi N° 215
118,05.- CHIMBOTE,ANCASH,HUARI,HUARI,28,AG,OPERATIVO,AG HUARI,08:45 a 16:45,SI,SI,SI,SI,SI,NO,SI,SI,SI,Jirón Libertad Mz. P2 Lt. 003
119,05.- CHIMBOTE,ANCASH,POMABAMBA,POMABAMBA,31,AG,OPERATIVO,AG POMABAMBA,08:45 a 16:45,SI,SI,SI,SI,SI,NO,SI,SI,SI,Jirón Huaraz Nº 369
120,05.- CHIMBOTE,ANCASH,SIHUAS,SIHUAS,34,AG,OPERATIVO,AG SIHUAS,08:45 a 16:45,SI,SI,SI,SI,SI,NO,SI,SI,SI,"Jirón Gomes Arias 106, Barrio Pingullo Alto"
121,05.- CHIMBOTE,ANCASH,PALLASCA,PAMPAS,518,AG,OPERATIVO,AG PAMPAS,08:45 a 16:45,SI,NO,SI,SI,SI,NO,SI,SI,NO,Calle Plaza de Armas S/N - Municipalidad Distrital de Pampas - 1er piso
122,05.- CHIMBOTE,ANCASH,CASMA,CASMA,25,PAP,OPERATIVO,PAP CASMA,08:45 a 16:45,SI,NO,SI,SI,SI,NO,SI,SI,NO, Sector Hijuela Mz. C Lt. 13 del Centro Cívico de la Municipalidad Provincial de Casma
123,05.- CHIMBOTE,ANCASH,HUARMEY,HUARMEY,39,PAP,OPERATIVO,PAP HUARMEY,08:45 a 16:45,SI,NO,SI,SI,SI,NO,SI,SI,NO, 1er. Pabellón S/N del Centro Cívico de la Municipalidad Provincial de Huarmey
124,05.- CHIMBOTE,ANCASH,RECUAY,RECUAY,32,PAP,OPERATIVO,PAP RECUAY,08:45 a 16:45,SI,NO,SI,SI,SI,NO,SI,SI,NO,Calle Plaza de Armas Nº 180 Municipalidad Distrital de Recuay
125,05.- CHIMBOTE,ANCASH,CARHUAZ,CARHUAZ,24,PAP,OPERATIVO,PAP CARHUAZ,08:45 a 16:45,SI,NO,SI,SI,SI,NO,NO,NO,NO,Avenida La Merced Nº 1006
126,05.- CHIMBOTE,ANCASH,YUNGAY,YUNGAY,35,PAP,OPERATIVO,PAP YUNGAY,08:45 a 16:45,SI,NO,SI,SI,SI,NO,NO,NO,NO,Avenida Arias Grazziani Lt. 1-2 Centro Cívico de la Municipalidad Provincial de Yungay
127,05.- CHIMBOTE,ANCASH,CARLOS FERMIN FITZCARRALD,SAN LUÍS,37,PAP,OPERATIVO,PAP CARLOS FERMÍN FITZCARRALD,08:45 a 16:45,SI,NO,SI,SI,SI,NO,SI,SI,NO,Avenida Ramón Castilla N° 320 - 1er. piso Centro Cívico de la Municipalidad Provincial de C. F. Fitzcarrald
128,05.- CHIMBOTE,ANCASH,MARISCAL LUZURIAGA,PISCOBAMBA,29,PAP,OPERATIVO,PAP MARISCAL LUZURIAGA,08:45 a 16:45,SI,NO,SI,SI,SI,NO,SI,SI,NO,"Jirón San Pablo S/N, Centro Cívico de la Municipalidad Provincial de Mariscal Luzuriaga"
129,05.- CHIMBOTE,ANCASH,SANTA,CHIMBOTE,140,ORA,OPERATIVO,ORA HOSPITAL LA CALETA (Chimbote),08:45 a 16:30,SI,SI,NO,SI,SI,SI,NO,NO,NO,Avenida Malecon Grau S/N
130,05.- CHIMBOTE,ANCASH,SANTA,CHIMBOTE,57,ORA,OPERATIVO,ORA HOSPITAL ESSALUD III CHIMBOTE,08:45 a 16:30,SI,SI,NO,SI,SI,SI,NO,NO,NO,Avenida Circunvalación Nº 119 Urb. Laderas del Norte
131,05.- CHIMBOTE,ANCASH,SANTA,NUEVO CHIMBOTE,56,ORA,OPERATIVO,ORA HOSPITAL ELEAZAR GUZMÁN BARRÓN (Nuevo Chimbote),08:45 a 16:30,SI,SI,NO,SI,SI,SI,NO,NO,NO,"Avenida Brasil S/N, Urb. Santa Cristina (Hospital Regional Eleazar Guzmán Barrón puerta de Emergencia)"
132,05.- CHIMBOTE,ANCASH,HUARAZ,HUARAZ,295,ORA,OPERATIVO,ORA HOSPITAL VÍCTOR RAMOS GUARDIA (Huaraz),08:45 a 16:30,SI,SI,NO,SI,SI,SI,NO,NO,NO,"Avenida Mariscal Luzuriaga cdra. 01, cruce con Jr. Pedro Villón cdra. 10"
133,05.- CHIMBOTE,ANCASH,HUAYLAS,CARAZ,595,ORA,OPERATIVO,ORA HOSPITAL DE APOYO CARAZ,08:45 a 16:30,SI,SI,NO,SI,SI,SI,NO,NO,NO,Avenida 9 de Octubre S/N
134,05.- CHIMBOTE,ANCASH,HUARI,HUARI,748,ORA,OPERATIVO,ORA HOSPITAL DE APOYO HUARI,08:45 a 16:30,SI,SI,NO,SI,SI,SI,NO,NO,NO,Avenida Circunvalación Baja S/N
135,05.- CHIMBOTE,ANCASH,CORONGO,CORONGO,26,PANP,DESPLAZAMIENTO,PANP CORONGO,08:45 a 16:45,NO,NO,SI,SI,SI,NO,NO,NO,NO,"Jirón Grau N° 206, primer piso de la Municipalidad Provincial de Corongo"
136,05.- CHIMBOTE,ANCASH,PALLASCA,CABANA,30,PANP,DESPLAZAMIENTO,PANP PALLASCA,08:45 a 16:45,NO,NO,SI,SI,SI,NO,NO,NO,NO,"Avenida Plaza de Armas N° 103, primer piso de la Municipalidad Provincial de Pallasca"
137,05.- CHIMBOTE,ANCASH,AIJA,AIJA,22,PANP,DESPLAZAMIENTO,PANP AIJA,08:45 a 16:45,NO,NO,SI,SI,SI,NO,NO,NO,NO,"Jirón Gavino Uribe S/N Plaza de Armas, 1er piso de la Municipalidad Provincial de Aija"
138,05.- CHIMBOTE,ANCASH,BOLOGNESI,CHIQUIAN,23,PANP,DESPLAZAMIENTO,PANP BOLOGNESI,08:45 a 16:45,NO,NO,SI,SI,SI,NO,NO,NO,NO,"Jirón Tacna 320, primer piso del Centro Cívico de la Municipalidad Distrital de Chiquian"
139,05.- CHIMBOTE,ANCASH,YUNGAY,YANAMA,741,AG,DESPLAZAMIENTO,AG YANAMA,08:45 a 16:45,NO,NO,SI,SI,SI,NO,NO,NO,NO,Jirón Yungay S/N cdra. 03
140,05.- CHIMBOTE,ANCASH,MARISCAL LUZURIAGA,LLUMPA,470,PANP,DESPLAZAMIENTO,PANP LLUMPA,08:45 a 16:45,NO,NO,SI,SI,SI,NO,NO,NO,NO, Plaza de Armas S/N
141,05.- CHIMBOTE,ANCASH,ASUNCION,CHACAS,38,PANP,DESPLAZAMIENTO,PANP ASUNCIÓN,08:45 a 16:45,NO,NO,SI,SI,SI,NO,NO,NO,NO,Jirón Coliseo de Chacas S/N
142,05.- CHIMBOTE,ANCASH,HUARI,CHAVIN DE HUANTAR,714,PANP,DESPLAZAMIENTO,PANP CHAVÍN DE HUANTAR,08:45 a 16:45,NO,NO,SI,SI,SI,NO,NO,NO,NO,"Jirón San Martin S/N, 1er piso del Centro Cívico de la Municipalidad Distrital de Chavin de Huantar"
143,05.- CHIMBOTE,ANCASH,HUARI,SAN MARCOS,715,PANP,DESPLAZAMIENTO,PANP SAN MARCOS ,08:45 a 16:45,NO,NO,SI,SI,SI,NO,NO,NO,NO,"Jirón Progreso 332, Plaza de Armas de San Marcos"
144,05.- CHIMBOTE,ANCASH,HUACAYBAMBA,HUACAYBAMBA,249,PANP,DESPLAZAMIENTO,PANP HUACAYBAMBA,08:45 a 16:45,NO,NO,SI,SI,SI,NO,NO,NO,NO,"Avenida El Ejercito S/N Barrio San Pedro, 1er piso Municipalidad Provincial de Huacaybamba"
145,05.- CHIMBOTE,ANCASH,ANTONIO RAIMONDI,LLAMELLIN,36,PANP,DESPLAZAMIENTO,PANP ANTONIO RAIMONDI,08:45 a 16:45,NO,NO,SI,SI,SI,NO,NO,NO,NO,Jirón Simón Bolívar N° 229
146,05.- CHIMBOTE,ANCASH,HUARI,UCO,766,PANP,DESPLAZAMIENTO,PANP UCO,08:45 a 16:45,NO,NO,SI,SI,SI,NO,NO,NO,NO,"Jirón Nicolas de Piérola S/N Plaza de Armas, 1er piso de la Municipalidad Distrital de Uco"
147,06.- HUANCAYO,JUNIN,HUANCAYO,EL TAMBO,281,OR,OPERATIVO,OR HUANCAYO,08:45 a 16:45,SI,SI,SI,SI,SI,NO,SI,SI,SI,Avenida MARISCAL CASTILLA Nº 1801
148,06.- HUANCAYO,JUNIN,TARMA,TARMA,285,AG,OPERATIVO,AG TARMA,08:45 a 16:45,SI,SI,SI,SI,SI,NO,SI,SI,SI,Jirón AREQUIPA Nº 939
149,06.- HUANCAYO,JUNIN,CHANCHAMAYO,LA MERCED,288,AG,OPERATIVO,AG CHANCHAMAYO,08:45 a 16:45,SI,SI,SI,SI,SI,NO,SI,SI,SI,Prolongación TARMA Nº 236
150,06.- HUANCAYO,JUNIN,SATIPO,PANGOA,146,PAP,OPERATIVO,PAP PANGOA,08:45 a 16:45,SI,SI,SI,SI,SI,NO,SI,SI,SI,Calle 07 DE JUNIO Nº 641 PLAZA PRINCIPAL CENTRO CIVICO
151,06.- HUANCAYO,JUNIN,SATIPO,MAZAMARI,279,PAP,OPERATIVO,PAP MAZAMARI,08:45 a 16:45,NO,NO,SI,SI,SI,NO,SI,SI,NO,Avenida SAN JUAN N° 377
152,06.- HUANCAYO,JUNIN,CONCEPCION,CONCEPCIÓN,282,PAP,OPERATIVO,PAP CONCEPCIÓN,08:45 a 16:45,SI,SI,SI,SI,SI,NO,SI,SI,SI,Jirón RICARDO PALMA S/N MERCADO MODELO INTERIOR 1 
153,06.- HUANCAYO,JUNIN,JAUJA,JAUJA,283,PAP,OPERATIVO,PAP JAUJA,08:45 a 16:45,SI,SI,SI,SI,SI,NO,SI,SI,SI,Jirón SUCRE N° 889
154,06.- HUANCAYO,JUNIN,JUNIN,JUNIN,284,PAP,OPERATIVO,PAP JUNIN,08:45 a 16:45,NO,NO,SI,SI,SI,NO,SI,SI,NO,Jirón SIMÓN BOLIVAR N° 820
155,06.- HUANCAYO,JUNIN,YAULI,SANTA ROSA DE SACCO,286,PAP,OPERATIVO,PAP YAULI,08:45 a 16:45,NO,NO,SI,SI,SI,NO,SI,SI,NO,Avenida MIGUEL GRAU N° 309
156,06.- HUANCAYO,JUNIN,SATIPO,SATIPO,287,PAP,OPERATIVO,PAP SATIPO,08:45 a 16:45,SI,SI,SI,SI,SI,NO,SI,SI,SI,Avenida MICAELA BASTIDAS Y JR. AUGUSTO B. LEGUIA CENTRO CIVICO 
157,06.- HUANCAYO,JUNIN,CHUPACA,CHUPACA,289,PAP,OPERATIVO,PAP CHUPACA,08:45 a 16:45,SI,SI,SI,SI,SI,NO,SI,SI,SI,Jirón GRAU N° 195 - CENTRO CÍVICO
158,06.- HUANCAYO,JUNIN,CHANCHAMAYO,PICHANAQUI,292,PAP,OPERATIVO,PAP PICHANAQUI,08:45 a 16:45,SI,SI,SI,SI,SI,NO,SI,SI,SI,Jirón INDEPENDENCIA S/N COLISEO MUNICIPAL
159,06.- HUANCAYO,JUNIN,HUANCAYO,HUANCAYO,215,ORA,OPERATIVO,"ORA REGIONAL DOCENTE MATERNO INFANTIL ""EL CARMEN""",08:45 a 16:30,SI,NO,NO,SI,SI,SI,NO,NO,NO,Jirón PUNO Nº 911
160,06.- HUANCAYO,JUNIN,TARMA,TARMA,733,ORA,OPERATIVO,ORA DE APOYO FELIX MAYORCA SOTO,08:45 a 16:30,SI,NO,NO,SI,SI,SI,NO,NO,NO,Avenida PACHECO Nº 362
161,06.- HUANCAYO,JUNIN,JAUJA ,JAUJA ,734,ORA,OPERATIVO,ORA HOSPITAL DOMINGO OLAVEGOYA,08:45 a 16:30,SI,NO,NO,SI,SI,SI,NO,NO,NO,Jirón SAN MARTÍN Nº 1153 URB. OLAVEGOYA 
162,06.- HUANCAYO,JUNIN,SATIPO,SATIPO,735,ORA,OPERATIVO,ORA DE APOYO MANUEL HIGA ARAKAKI,08:45 a 16:30,SI,NO,NO,SI,SI,SI,NO,NO,NO,Calle DANIEL ALCIDES CARRIÓN Nº 398
163,06.- HUANCAYO,JUNIN,CHANCHAMAYO ,PICHANAQUI,736,ORA,OPERATIVO,ORA HOSPITAL DE APOYO PICHANAQUI,08:45 a 16:30,SI,NO,NO,SI,SI,SI,NO,NO,NO,Avenida SAN MARTÍN S/N PICHANAKI
164,06.- HUANCAYO,JUNIN,HUANCAYO,HUANCAYO,763,ORA,DESPLAZAMIENTO,ORA LA LIBERTAD,08:45 a 16:30,SI,NO,NO,SI,SI,SI,NO,NO,NO,Jirón LA VITORIA 1001
165,06.- HUANCAYO,JUNIN,CHANCHAMAYO,LA MERCED,764,ORA,OPERATIVO,ORA HOSPITAL REGIONAL DOCENTE DE MEDICINA TROPICAL DR. JULIO DEMARINI CARO,08:45 a 16:30,SI,NO,NO,SI,SI,SI,NO,NO,NO,Avenida DANIEL A. CARRION S/N AV. PAMPA DEL CARMEN S/N
166,06.- HUANCAYO,JUNIN,HUANCAYO,EL TAMBO,142,ORA,DESPLAZAMIENTO,ORA HOSPITAL NACIONAL RAMIRO PRIALE,08:45 a 16:30,SI,NO,NO,SI,SI,SI,NO,NO,NO,Avenida INDEPENDENCIA Nº 266
167,06.- HUANCAYO,JUNIN,HUANCAYO,CHILCA,765,ORA,DESPLAZAMIENTO,ORA CHILCA,08:45 a 16:30,SI,NO,NO,SI,SI,SI,NO,NO,NO,Jirón HUMBOLT Nº 900
168,06.- HUANCAYO,JUNIN,HUANCAYO,HUANCAYO,1129,MAC,OPERATIVO,MAC JUNIN,08:30 a 16:30,SI,SI,SI,SI,SI,NO,SI,SI,SI,Avenida FERROCARRIL N° 146 - 150 - CENTRO COMERCIAL OPEN PLAZA
169,06.- HUANCAYO,JUNIN,HUANCAYO,EL TAMBO,600017,PVM,OPERATIVO,PVM - OR HUANCAYO,08:45 a 16:45,NO,NO,SI,NO,NO,NO,SI,NO,NO,AVENIDA MARISCAL CASTILLA Nº 1801
170,07.- AYACUCHO,AYACUCHO,HUAMANGA,AYACUCHO,47,ORA,OPERATIVO,"ORA HOSPITAL REGIONAL DE AYACUCHO ""MIGUEL ANGEL MARISCAL LLERENA"" (MINSA)",08:45 a 16:30,SI,NO,NO,SI,NO,SI,NO,NO,NO,Jirón Daniel Alcides Carrión S/N - 2da cuadra.
171,07.- AYACUCHO,AYACUCHO,LA MAR,AYNA,119,PAP,OPERATIVO,PAP AYNA -SAN FRANCISCO,08:45 a 16:45,NO,NO,SI,SI,SI,NO,SI,SI,NO,Avenida 28 de Julio S/N San Francisco
172,07.- AYACUCHO,AYACUCHO,HUAMANGA,AYACUCHO,121,OR,OPERATIVO,OR HUAMANGA,08:45 a 16:45,si,si,si,si,si,si,si,si,SI,"Jirón San Martin Nº 473, 475, 477 y 477A"
173,07.- AYACUCHO,AYACUCHO,CANGALLO,CANGALLO,122,PAP,OPERATIVO,PAP CANGALLO,08:45 a 16:45,NO,NO,SI,SI,SI,NO,SI,SI,NO,Jirón Maria Parado de Bellido Nº 205
174,07.- AYACUCHO,AYACUCHO,HUANTA,HUANTA,123,AG,OPERATIVO,AG HUANTA,08:45 a 16:45,si,si,si,si,si,si,si,si,SI,Jirón Ayacucho N° 305
175,07.- AYACUCHO,AYACUCHO,LA MAR,SAN MIGUEL,124,PAP,OPERATIVO,PAP LA MAR,08:45 a 16:45,NO,NO,SI,SI,SI,NO,SI,SI,NO,Jirón Maria Parado de Bellido S/N 
176,07.- AYACUCHO,AYACUCHO,VICTOR FAJARDO,HUANCAPI,127,PAP,OPERATIVO,PAP VICTOR FAJARDO,08:45 a 16:45,NO,NO,SI,SI,SI,NO,SI,SI,NO, Plaza Principal Nº 127
177,07.- AYACUCHO,AYACUCHO,HUANCA SANCOS,SANCOS,128,PAP,OPERATIVO,PAP HUANCASANCOS,08:45 a 16:45,NO,NO,SI,SI,SI,NO,SI,SI,NO,Avenida Progreso S/N Consejo Provincial de Huanca Sancos
178,07.- AYACUCHO,AYACUCHO,VILCAS HUAMAN,VILCAS HUAMAN,129,PAP,OPERATIVO,PAP VILCASHUAMAN,08:45 a 16:45,NO,NO,SI,SI,SI,NO,SI,SI,NO,Avenida Los Incas Nº 222
179,07.- AYACUCHO,AYACUCHO,SUCRE,QUEROBAMBA,131,PAP,OPERATIVO,PAP SUCRE,08:45 a 16:45,NO,NO,SI,SI,SI,NO,SI,SI,NO,Jirón San Martin S/N  Plaza de Armas Consejo Provincial de Sucre
180,07.- AYACUCHO,AYACUCHO,HUANTA,HUANTA,213,ORA,OPERATIVO,"ORA HOSPITAL DE APOYO HUANTA ""DANIEL ALCIDES CARRION"" (MINSA)",08:45 a 16:30,SI,NO,NO,SI,NO,SI,NO,NO,NO,Avenida Mariscal Castilla Nº 628
181,07.- AYACUCHO,AYACUCHO,LA MAR,SAN MIGUEL,454,ORA,DESPLAZAMIENTO,ORA SAN MIGUEL (MINSA),08:45 a 16:30,SI,NO,NO,SI,NO,SI,NO,NO,NO,Avenida Ramon Castilla s/n
182,07.- AYACUCHO,AYACUCHO,CANGALLO,CANGALLO,455,ORA,OPERATIVO,ORA HOSPITAL DE APOYO CANGALLO (MINSA),08:45 a 16:30,SI,NO,NO,SI,SI,SI,NO,NO,NO,Jirón Santa Rosa N° 110
183,07.- AYACUCHO,CUSCO,LA CONVENCION,PICHARI,172,PAP,OPERATIVO,PAP PICHARI,08:45 a 16:45,NO,NO,SI,SI,SI,NO,SI,SI,NO,Avenida BRASIL S/N
184,07.- AYACUCHO,APURIMAC,CHINCHEROS,CHINCHEROS,77,PAP,OPERATIVO,PAP CHINCHEROS,08:45 a 16:45,NO,NO,SI,SI,SI,NO,SI,SI,NO,Jirón COTABAMBAS N° 121
185,07.- AYACUCHO,AYACUCHO,LA MAR,SAMUGARI,500,PAP,OPERATIVO,PAP SAMUGARI -PALMAPAMPA,08:45 a 16:45,NO,NO,SI,SI,SI,NO,SI,SI,NO,Jirón Los Laureles S/N – Palmapampa Distrital de Samugari
186,07.- AYACUCHO,AYACUCHO,LA MAR,TAMBO,620,ORA,OPERATIVO,ORA TAMBO (MINSA),08:45 a 16:30,SI,NO,NO,SI,SI,SI,NO,NO,NO,Jirón Lima s/n
187,07.- AYACUCHO,AYACUCHO,HUAMANGA,JESUS NAZARENO,628,ORA,OPERATIVO,ORA HOSPITAL DE APOYO JESUS NAZARENO (MINSA),08:45 a 16:30,SI,NO,NO,SI,SI,SI,NO,NO,NO,Jirón Ciro Alegría Nº 547
188,07.- AYACUCHO,APURIMAC,ANDAHUAYLAS,TALAVERA,73,OR,OPERATIVO,OR ANDAHUAYLAS,08:45 a 16:45,si,si,si,si,si,si,si,si,SI,Jirón Amauta N° 311
189,07.- AYACUCHO,APURIMAC,CHINCHEROS,ANCCO HUALLO,458,ORA,OPERATIVO,ORA  CENTRO DE SALUD URIPA  (MINSA),08:45 a 16:30,SI,NO,NO,SI,SI,SI,NO,NO,NO,Avenida  Túpac Amaru S/N – URIPA
190,07.- AYACUCHO,APURIMAC,ANDAHUAYLAS,ANDAHUAYLAS,459,ORA,OPERATIVO,ORA HOSPITAL REGIONAL DOCENTE  HUGO PESCE PESCETTO ANDAHUAYLAS (MINSA),08:45 a 16:30,SI,NO,NO,SI,SI,SI,NO,NO,NO,Avenida Hugo Pesce Pesceto S/N
191,07.- AYACUCHO,AYACUCHO,HUANTA,SIVIA,357,ORA,DESPLAZAMIENTO,ORA HOSPITAL DE APOYO DE SIVIA (MINSA),08:45 a 16:30,SI,NO,NO,SI,SI,SI,NO,NO,NO,Jirón Gervacio Santillana S/N
192,07.- AYACUCHO,CUSCO,LA CONVENCION,KIMBIRI,699,ORA,DESPLAZAMIENTO,ORA CENTRO DE SALUD SAN JUAN DE KIMBIRI (MINSA),08:45 a 16:30,SI,NO,NO,SI,SI,SI,NO,NO,NO,Avenida Aeropuerto S/N
193,07.- AYACUCHO,CUSCO,LA CONVENCION,PICHARI,629,ORA,OPERATIVO,ORA HOSPITAL DE APOYO PICHARI (MINSA),08:45 a 16:30,SI,NO,NO,SI,SI,SI,NO,NO,NO,Jirón Amazonas s/n
194,07.- AYACUCHO,APURIMAC,CHINCHEROS,CHINCHEROS,457,ORA,OPERATIVO,ORA HOSPITAL DE APOYO CHINCHEROS (MINSA),08:45 a 16:30,SI,NO,NO,SI,SI,SI,NO,NO,NO,Avenida Fernando Belaunde Terry S/N
195,07.- AYACUCHO,AYACUCHO,CANGALLO,LOS MOROCHUCOS,631,ORA,OPERATIVO,ORA PAMPA CANGALLO (MINSA),08:45 a 16:30,SI,NO,NO,SI,SI,SI,NO,NO,NO,Avenida María Arguedas S/N
196,07.- AYACUCHO,AYACUCHO,HUAMANGA,SAN JUAN BAUTISTA,1186,ORA,DESPLAZAMIENTO,ORA SAN JUAN BAUTISTA,08:45 a 16:30,SI,NO,NO,SI,SI,SI,NO,NO,NO,AV. MALVINAS S/N
197,08.- AREQUIPA,AREQUIPA,AREQUIPA,AREQUIPA,52,ORA,OPERATIVO,ORA HOSPITAL REGIONAL HONORIO DELGADO ESPINOZA (MINSA),08:45 a 16:30,SI,SI,NO,SI,SI,SI,NO,NO,NO,Avenida Daniel Alcides Carrión N° 505
198,08.- AREQUIPA,TACNA,TACNA,TACNA,54,ORA,OPERATIVO,ORA TACNA (MINSA),08:45 a 16:30,SI,SI,NO,SI,SI,SI,NO,NO,NO,Calle Blondel S/N
199,08.- AREQUIPA,AREQUIPA,AREQUIPA,AREQUIPA,91,OR,OPERATIVO,OR AREQUIPA,08:45 a 16:45,SI,SI,SI,SI,SI,NO,SI,SI,SI,Calle San Juan de Dios N° 122 y Santo Domingo N° 101
200,08.- AREQUIPA,AREQUIPA,CAYLLOMA,CHIVAY,92,PAP,OPERATIVO,PAP CAYLLOMA,08:45 a 16:45,SI,NO,SI,SI,SI,NO,SI,SI,NO,Calle Siglo XX S/N
201,08.- AREQUIPA,AREQUIPA,CAMANA,CAMANA,93,AG,OPERATIVO,AG CAMANA,08:45 a 16:45,SI,NO,SI,SI,SI,NO,SI,SI,NO,Avenida Mariscal Castilla N° 221
202,08.- AREQUIPA,AREQUIPA,CARAVELI,CARAVELÍ,94,PAP,DESPLAZAMIENTO,PAP CARAVELI,08:45 a 16:45,SI,NO,SI,SI,SI,NO,SI,SI,NO,Jirón Bolivar S/N
203,08.- AREQUIPA,AREQUIPA,CASTILLA,APLAO,95,PAP,OPERATIVO,PAP CASTILLA,08:45 a 16:45,SI,NO,SI,SI,SI,NO,SI,SI,NO,Calle Progreso S/N
204,08.- AREQUIPA,AREQUIPA,CONDESUYOS,CHUQUIBAMBA,96,PAP,OPERATIVO,PAP CONDESUYOS,08:45 a 16:45,SI,NO,SI,SI,SI,NO,SI,SI,NO,Avenida Alameda S/N - Los Tres Errantes
205,08.- AREQUIPA,AREQUIPA,ISLAY,MOLLENDO,97,AG,OPERATIVO,AG ISLAY,08:45 a 16:45,SI,NO,SI,SI,SI,NO,SI,SI,NO,Calle Arequipa Nº 261 
206,08.- AREQUIPA,AREQUIPA,LA UNION,COTAHUASI,98,PAP,OPERATIVO,PAP LA UNION,08:45 a 16:45,SI,NO,SI,SI,SI,NO,SI,SI,NO,Calle Centenario N° 202 - Cotahuasi
207,08.- AREQUIPA,MOQUEGUA,MARISCAL NIETO,MOQUEGUA,145,ORA,OPERATIVO,ORA HOSPITAL REGIONAL MOQUEGUA (MINSA),08:45 a 16:30,SI,SI,NO,SI,SI,SI,NO,NO,NO,Avenida Simón Bolívar N° 505
208,08.- AREQUIPA,MOQUEGUA,MARISCAL NIETO,SAN ANTONIO,481,AG,OPERATIVO,AG MARISCAL NIETO,08:45 a 16:45,SI,SI,SI,SI,SI,NO,SI,SI,SI,Avenida Central Mz D-4 Lt. 1
209,08.- AREQUIPA,MOQUEGUA,ILO,ILO,483,AG,OPERATIVO,AG ILO,08:45 a 16:45,SI,SI,SI,SI,SI,NO,SI,SI,SI,Jirón Ayacucho N° 529
210,08.- AREQUIPA,AREQUIPA,CAYLLOMA,MAJES,511,AG,OPERATIVO,AG MAJES,08:45 a 16:45,SI,NO,SI,SI,SI,NO,SI,SI,NO,Avenida Arequipa S/N - Tienda 06 del Estadio Almirante Miguel Grau - Pedregal
211,08.- AREQUIPA,AREQUIPA,AREQUIPA,CAYMA,579,AG,OPERATIVO,AG CAYMA,08:45 a 16:45,SI,SI,SI,SI,SI,NO,SI,SI,SI,Avenida Ramón Castilla S/N - Estadio La Tomilla
212,08.- AREQUIPA,TACNA,TACNA,TACNA,621,AG,OPERATIVO,AG TACNA,08:45 a 16:45,SI,SI,SI,SI,SI,NO,SI,SI,SI,Calle Deustua Nº 173
213,08.- AREQUIPA,AREQUIPA,AREQUIPA,AREQUIPA,725,ORA,OPERATIVO,ORA HOSPITAL III GOYENECHE (MINSA),08:45 a 16:30,SI,SI,NO,SI,SI,SI,NO,NO,NO,Avenida Goyeche N° 100
214,08.- AREQUIPA,AREQUIPA,CAMANA,CAMANA,726,ORA,OPERATIVO,ORA HOSPITAL DE CAMANA (MINSA),08:45 a 16:30,SI,SI,NO,SI,SI,SI,NO,NO,NO,Avenida Lima 550
215,08.- AREQUIPA,AREQUIPA,AREQUIPA,PAUCARPATA,762,MAC,OPERATIVO,MAC - AREQUIPA,08:30 a 16:30,SI,SI,SI,SI,SI,NO,SI,SI,SI,Avenida Porongoche N° 500 Paucarpata - Centro Comercial Mall Aventura 
216,08.- AREQUIPA,AREQUIPA,CAYLLOMA,MAJES,727,ORA,OPERATIVO,ORA HOSPITAL CENTRAL DE MAJES- ANGEL GABRIEL CHURA GALLEGOS (MINSA),08:45 a 16:30,SI,SI,NO,SI,SI,SI,NO,NO,NO, Asentamiento B1 lote 1 Irrig. Majes
217,08.- AREQUIPA,MOQUEGUA,MARISCAL NIETO,MOQUEGUA,839,MAC,OPERATIVO,MAC - MOQUEGUA,08:30 a 16:30,SI,SI,SI,SI,SI,NO,SI,SI,SI,"Avenida Circunvalación 1B Sub lote 1-A, Moquegua"
218,08.- AREQUIPA,AREQUIPA,AREQUIPA,AREQUIPA,1040,PAP,OPERATIVO,PAP PASEO CENTRAL,08:45 a 16:45,SI,NO,SI,SI,SI,NO,NO,NO,NO,Calle Arturo Ibañez S/N
219,08.- AREQUIPA,AREQUIPA,AREQUIPA,CERRO COLORADO,750,ORA,OPERATIVO,C.S. MARITZA CAMPOS DIAZ (MINSA),08:45 a 16:30,SI,SI,NO,SI,SI,SI,NO,NO,NO,Calle Yavari S/N
220,08.- AREQUIPA,AREQUIPA,AREQUIPA,PAUCARPATA,336,ORA,OPERATIVO,HOSPITAL EDMUNDO ESCOMEL (ESSALUD),08:45 a 16:30,SI,SI,NO,SI,SI,SI,NO,NO,NO,Avenida EL Cayro S/N
221,08.- AREQUIPA,AREQUIPA,AREQUIPA,AREQUIPA,514,ORA,OPERATIVO,HOSPITAL CARLOS ALBERTO SEGUIN ESCOBEDO (ESSALUD),08:45 a 16:30,SI,SI,NO,SI,SI,SI,NO,NO,NO,Calle Peral S/N
222,08.- AREQUIPA,AREQUIPA,AREQUIPA,YANAHUARA,338,ORA,OPERATIVO,ORA HOSPITAL III YANAHUARA (ESSALUD),08:45 a 16:30,SI,SI,NO,SI,SI,SI,NO,NO,NO,Avenida Zamácola S/N
223,08.- AREQUIPA,AREQUIPA,AREQUIPA,AREQUIPA,600020,PVM,OPERATIVO,PVM - OR AREQUIPA,08:45 a 16:45,NO,NO,SI,NO,NO,NO,SI,NO,NO,Calle San Juan de Dios N° 122 y Santo Domingo N° 101
224,09.- CUSCO,CUSCO,CUSCO,SANTIAGO,60,ORA,OPERATIVO,ORA ANTONIO LORENA DEL CUSCO (MINSA),08:45 a 16:30,SI,NO,NO,SI,SI,SI,NO,NO,NO,Calle Carlos Ugarte S/N Urb. Primavera Cuartel Agustín Gamarra
225,09.- CUSCO,CUSCO,CUSCO,WANCHAQ,61,ORA,OPERATIVO,ORA HOSPITAL NACIONAL ADOLFO GUEVARA VELASCO (ESSALUD),08:45 a 16:30,SI,NO,NO,SI,SI,SI,NO,NO,NO,Avenida Ancelmo Alvarez S/N
226,09.- CUSCO,APURIMAC,ABANCAY,ABANCAY,71,OR,OPERATIVO,OR ABANCAY,08:45 a 16:45,SI,SI,SI,SI,SI,SI,SI,SI,SI,Avenida La Victoria Nº 214
227,09.- CUSCO,APURIMAC,AYMARAES,CHALHUANCA,72,PANP,DESPLAZAMIENTO,PANP AYMARAES,08:45 a 16:45,NO,NO,SI,SI,SI,NO,NO,NO,NO, Plaza de Armas S/N (Gobernatura De Chalhuanca)
228,09.- CUSCO,APURIMAC,ANTABAMBA,ANTABAMBA,74,PANP,DESPLAZAMIENTO,PANP ANTABAMBA,08:45 a 16:45,NO,NO,SI,SI,SI,NO,NO,NO,NO, Plaza de Armas S / N
229,09.- CUSCO,APURIMAC,COTABAMBAS,TAMBOBAMBA,75,PAP,OPERATIVO,PAP TAMBOBAMBA,08:45 a 16:45,SI,SI,SI,SI,SI,NO,SI,SI,SI,Avenida Perú - Plaza de Armas S/N - 3er Piso
230,09.- CUSCO,APURIMAC,GRAU,CHUQUIBAMBILLA,76,PANP,DESPLAZAMIENTO,PANP GRAU,08:45 a 16:45,NO,NO,SI,SI,SI,NO,NO,NO,NO, Plaza de Armas S / N
231,09.- CUSCO,CUSCO,CUSCO,CUSCO,191,OR,OPERATIVO,OR CUSCO,08:45 a 16:45,SI,SI,SI,SI,SI,SI,SI,SI,SI,Avenida El Sol N° 272
232,09.- CUSCO,CUSCO,ACOMAYO,ACOMAYO,192,PANP,DESPLAZAMIENTO,PANP ACOMAYO,08:45 a 16:45,NO,NO,SI,SI,SI,NO,NO,NO,NO, Plaza de Armas S/N
233,09.- CUSCO,CUSCO,ANTA,ANTA ,193,PAP,OPERATIVO,PAP ANTA,08:45 a 16:45,SI,SI,SI,SI,SI,NO,SI,SI,SI,"Jirón Jaquijahuana  S / N, Izcuchaca"
234,09.- CUSCO,CUSCO,CALCA,CALCA,194,AG,OPERATIVO,AG CALCA,08:45 a 16:45,SI,SI,SI,SI,SI,NO,SI,SI,SI, Plaza de Armas S/N
235,09.- CUSCO,CUSCO,CANAS,YANAOCA,195,PAP,OPERATIVO,PAP CANAS,08:45 a 16:45,NO,NO,SI,SI,SI,NO,NO,NO,NO, Plaza de Armas S/N
236,09.- CUSCO,CUSCO,CANCHIS,SICUANI,196,AG,OPERATIVO,AG CANCHIS,08:45 a 16:45,SI,SI,SI,SI,SI,NO,SI,SI,SI,Avenida Túpac Amaru N° 163
237,09.- CUSCO,CUSCO,CHUMBIVILCAS,SANTO TOMAS,197,PAP,OPERATIVO,PAP CHUMBIVILCAS,08:45 a 16:45,SI,SI,SI,SI,SI,NO,SI,SI,SI,Avenida Perú S / N (Ruedo de Toros)
238,09.- CUSCO,CUSCO,ESPINAR,ESPINAR,198,PAP,OPERATIVO,PAP ESPINAR,08:45 a 16:45,SI,SI,SI,SI,SI,NO,SI,SI,SI,Calle Teatro S/N  
239,09.- CUSCO,CUSCO,LA CONVENCION,SANTA ANA,199,AG,OPERATIVO,AG LA CONVENCION,08:45 a 16:45,SI,SI,SI,SI,SI,NO,SI,SI,SI,Avenida Grau Nº 238
240,09.- CUSCO,CUSCO,PARURO,PARURO,200,PANP,DESPLAZAMIENTO,PANP PARURO,08:45 a 16:45,NO,NO,SI,SI,SI,NO,NO,NO,NO, Plaza de Armas S/N
241,09.- CUSCO,CUSCO,PAUCARTAMBO,PAUCARTAMBO,201,PAP,OPERATIVO,PAP PAUCARTAMBO - JR9,08:45 a 16:45,NO,NO,SI,SI,SI,NO,SI,SI,NO,Jirón Enrique Yabar S/N
242,09.- CUSCO,CUSCO,QUISPICANCHI,URCOS,202,PAP,OPERATIVO,PAP QUISPICANCHI,08:45 a 16:45,SI,SI,SI,SI,SI,NO,SI,SI,SI,Jirón Huáscar N° 181
243,09.- CUSCO,CUSCO,URUBAMBA,URUBAMBA,203,PAP,OPERATIVO,PAP URUBAMBA,08:45 a 16:45,SI,SI,SI,SI,SI,NO,SI,SI,SI,Avenida Conchatupa S/N
244,09.- CUSCO,MADRE DE DIOS,TAHUAMANU,IBERIA,341,AG,OPERATIVO,AG IBERIA,08:45 a 16:45,SI,SI,SI,SI,SI,NO,SI,SI,SI,Avenida Máximo Rodríguez N° 124 Plaza de Armas
245,09.- CUSCO,APURIMAC,ABANCAY,ABANCAY,348,ORA,OPERATIVO,ORA HOSPITAL REGIONAL GUILLERMO DIAZ DE LA VEGA (MINSA),08:45 a 16:30,SI,NO,NO,SI,SI,SI,NO,NO,NO,Avenida Daniel Alcides Carrión S/N
246,09.- CUSCO,MADRE DE DIOS,TAMBOPATA,TAMBOPATA,461,OR,OPERATIVO,OR TAMBOPATA,08:45 a 16:45,SI,SI,SI,SI,SI,SI,SI,SI,SI,Jirón Lambayeque N° 159
247,09.- CUSCO,MADRE DE DIOS,MANU,MANU,462,PANP,DESPLAZAMIENTO,PANP MANU,08:45 a 16:45,NO,NO,SI,SI,SI,NO,NO,NO,NO,Avenida Esperanza S/N - Local Municipal
248,09.- CUSCO,CUSCO,ACOMAYO,POMACANCHI,495,AG,DESPLAZAMIENTO,AG POMACANCHI,08:45 a 16:45,NO,NO,SI,SI,SI,NO,NO,NO,NO, Plaza de Armas S/N
249,09.- CUSCO,CUSCO,CUSCO,CUSCO,599,ORA,OPERATIVO,ORA HOSPITAL DE APOYO DEPARTAMENTAL CUSCO (MINSA),08:45 a 16:30,SI,NO,NO,SI,SI,SI,NO,NO,NO,Avenida La Cultura S/N
250,09.- CUSCO,CUSCO,CANCHIS,SICUANI,606,ORA,OPERATIVO,ORA SICUANI (MINSA),08:45 a 16:30,SI,NO,NO,SI,SI,SI,NO,NO,NO,Avenida Manuel Callo Zevallos N° 519 - Hospital MINSA Sicuani
251,09.- CUSCO,MADRE DE DIOS,TAMBOPATA,TAMBOPATA,633,ORA,OPERATIVO,ORA SANTA ROSA (MINSA),08:45 a 16:30,SI,NO,NO,SI,SI,SI,NO,NO,NO,Jirón Cajamarca N° 171
252,09.- CUSCO,CUSCO,LA CONVENCION,SANTA ANA,648,ORA,OPERATIVO,ORA QUILLABAMBA (MINSA),08:45 a 16:30,SI,NO,NO,SI,SI,SI,NO,NO,NO,Avenida General Gamarra S/N - Hospital Quillabamba
253,09.- CUSCO,CUSCO,ESPINAR,ESPINAR,657,ORA,OPERATIVO,ORA ESPINAR (MINSA),08:45 a 16:30,SI,NO,NO,SI,SI,SI,NO,NO,NO,Calle Domingo Huarca Cruz S/N Barrio Túpac Amaru  - Hospital Espinar
254,09.- CUSCO,MADRE DE DIOS,TAHUAMANU,IBERIA,713,ORA,OPERATIVO,ORA SAN MARTIN DE PORRES DE IBERIA (MINSA),08:45 a 16:30,SI,NO,NO,SI,SI,SI,NO,NO,NO,Calle Mocopata S/N
255,09.- CUSCO,APURIMAC,COTABAMBAS,TAMBOBAMBA,349,ORA,OPERATIVO,ORA TAMBOBAMBA (MINSA),08:45 a 16:30,SI,NO,NO,SI,SI,SI,NO,NO,NO, Hospital Tambobamba
256,09.- CUSCO,APURIMAC,COTABAMBAS,HAQUIRA,793,PAP,OPERATIVO,PAP HAQUIRA,08:45 a 16:45,SI,SI,SI,SI,SI,NO,SI,SI,SI, Plaza de armas S/N-Haquira
257,09.- CUSCO,CUSCO,CHUMBIVILCAS,SANTO TOMAS,728,ORA,OPERATIVO,ORA SANTO TOMAS (MINSA),08:45 a 16:30,SI,NO,NO,SI,SI,SI,NO,NO,NO,Calle  Andres Avelino Caceres - Hospital Santo Tomas  
258,09.- CUSCO,CUSCO,CHUMBIVILCAS,VELILLE,920,PANP,DESPLAZAMIENTO,PANP VELILLE,08:45 a 16:45,NO,NO,SI,SI,SI,NO,SI,SI,NO, Plaza de Armas - Municipalidad Distrital Velille
259,09.- CUSCO,CUSCO,CALCA,YANATILE,919,PANP,DESPLAZAMIENTO,PANP YANATILE,08:45 a 16:45,NO,NO,SI,SI,SI,NO,SI,SI,NO, Plaza de Armas - Municipalidad Distrital Yanatile
260,09.- CUSCO,APURIMAC,ABANCAY,CURAHUASI,921,PANP,DESPLAZAMIENTO,PANP CURAHUASI,08:45 a 16:45,NO,NO,SI,SI,SI,NO,SI,SI,NO, Coliseo Cerrado - Municipalidad de Curahuasi
261,09.- CUSCO,CUSCO,CUSCO,SANTIAGO,1132,AG,OPERATIVO,AGENCIA SANTIAGO,08:45 a 16:45,SI,SI,SI,SI,SI,NO,SI,SI,SI,Calle Giraldo Ruiz Caro S/N
262,09.- CUSCO,CUSCO,CUSCO,WANCHAQ,1165,MAC,OPERATIVO,MAC CUSCO,08:30 a 16:30,SI,SI,SI,SI,SI,NO,SI,SI,SI,Avenida Collasuyo 2964 - Real Plaza Cusco
263,09.- CUSCO,MADRE DE DIOS,TAMBOPATA,INAMBARI,343,AG,DESPLAZAMIENTO,AG INAMBARI,08:45 a 16:45,NO,NO,SI,SI,SI,NO,SI,SI,NO, Plaza de Armas - Municipalidad Provincial de Inambari
264,09.- CUSCO,CUSCO,CUSCO,CUSCO,600021,PVM,OPERATIVO,PVM - OR CUSCO,08:45 a 16:45,NO,NO,SI,NO,NO,NO,NO,NO,NO,Avenida El Sol N° 272
265,10.- LIMA,LIMA,LIMA ,JESÚS MARÍA,8,ORA,OPERATIVO,ORA HOSPITAL NACIONAL EDGARDO REBAGLIATI MARTINS (ESSALUD),08:45 a 16:30,SI,NO,NO,SI,NO,SI,NO,NO,NO,Avenida SALAVERRY CDRA. 13 - PUERTA 6
266,10.- LIMA,CALLAO,CALLAO,CALLAO,11,ORA,OPERATIVO,ORA NAC. DANIEL A. CARRIÓN (MINSA),08:45 a 16:30,SI,NO,NO,SI,NO,SI,NO,NO,NO,Avenida Guardia Chalaca Nº 2176 - Bellavista
267,10.- LIMA,LIMA,LIMA,SAN JUAN DE LURIGANCHO,12,ORA,OPERATIVO,ORA HOSPITAL SAN JUAN DE LURIGANCHO (MINSA),08:45 a 16:30,SI,NO,NO,SI,NO,SI,NO,NO,NO,Avenida Canto Grande S/N - Altura del paradero 10
268,10.- LIMA,LIMA,LIMA,EL AGUSTINO,14,ORA,OPERATIVO,ORA HOSPITAL NACIONAL HIPOLITO UNANUE (MINSA),08:45 a 16:30,SI,NO,NO,SI,NO,SI,NO,NO,NO,Avenida Cesar Vallejo Nº 1390 
269,10.- LIMA,LIMA,LIMA,LIMA,51,ORA,OPERATIVO,ORA INSTITUTO NACIONAL MATERNO PERINATAL (MINSA),08:45 a 16:30,SI,SI,NO,SI,SI,SI,NO,NO,NO,Jirón Miroquesada Nº 941 - Lima
270,10.- LIMA,CALLAO,CALLAO,VENTANILLA,58,OR,OPERATIVO,OR VENTANILLA,08:45 a 16:45,SI,SI,SI,SI,SI,SI,SI,SI,SI,Avenida Pachacutec N° 225 - Sector B - Grupo Residencial B1 - Mz. F1 
271,10.- LIMA,LIMA,LIMA,SANTIAGO DE SURCO,114,OR,OPERATIVO,OR SURCO - HIGUERETA,08:45 a 16:45,SI,SI,SI,SI,SI,SI,SI,SI,SI,Avenida Santiago de Surco Nº 2807 Urb. Residencial Higuereta
272,10.- LIMA,LIMA,LIMA,SAN BORJA,168,OR,OPERATIVO,OR SAN BORJA,08:45 a 16:45,SI,SI,SI,SI,SI,SI,SI,SI,SI,Avenida San Luis N° 1673 Urb. Jacaranda II
273,10.- LIMA,LIMA,LIMA,COMAS,169,OR,OPERATIVO,OR COMAS III,08:45 a 16:45,SI,SI,SI,SI,SI,SI,SI,SI,SI,Avenida San Felipe Nº 830 Urb. San Felipe
274,10.- LIMA,LIMA,LIMA,LIMA,174,OR,OPERATIVO,OR QUILCA,08:45 a 16:45,SI,SI,SI,SI,SI,SI,SI,SI,SI,Jirón Quilca Nº 501 y 525 
275,10.- LIMA,LIMA,LIMA,LIMA,175,AG,OPERATIVO,AG ANCASH,08:45 a 16:45,SI,SI,SI,SI,SI,NO,SI,SI,SI,Jirón Ancash Nº 336-340 y 344 (Frente a la Plazuela San Francisco) - Lima
276,10.- LIMA,LIMA,LIMA,VILLA MARÍA DEL TRIUNFO,187,ORA,OPERATIVO,ORA DANIEL ALCIDES CARRION (MINSA),08:45 a 16:30,SI,NO,NO,SI,NO,SI,NO,NO,NO,Avenida Pachacutec N° 3470 - Pasando el Terminal Pesquero.
277,10.- LIMA,CALLAO,CALLAO,BELLAVISTA,335,MAC,OPERATIVO,MAC - CALLAO,08:30 a 16:30,SI,SI,SI,SI,SI,NO,SI,SI,SI,Avenida Oscar R. Benavides N° 3866 - Centro Comercial Mall Aventura Plaza
278,10.- LIMA,LIMA,LIMA,LIMA,371,OR,OPERATIVO,OR LIMA,08:45 a 16:45,SI,SI,SI,SI,SI,SI,SI,SI,SI,Jirón Nicolás de Piérola N 545
279,10.- LIMA,LIMA,LIMA,ATE,372,OR,OPERATIVO,OR ATE - Complejo Deportivo Ollantaytambo,08:45 a 16:45,SI,NO,SI,SI,NO,NO,NO,NO,SI,Av. Alfonso Ugarte s/n  Complejo Deportivo Ollantaytambo
280,10.- LIMA,LIMA,LIMA,ATE,372,OR,OPERATIVO,OR ATE - Mac Express de Puruchuco,08:45 a 13:00 - 14:00 a 16:45 ,NO,SI,NO,NO,SI,NO,SI,SI,SI,Av. Javier Pardo Este N° 8680  Mac Express - Agencia Municipal Real Plaza de Puruchuco.
281,10.- LIMA,LIMA,LIMA,COMAS,376,OR,OPERATIVO,OR COMAS I,08:45 a 16:45,SI,SI,SI,SI,SI,SI,SI,SI,SI,"Avenida Tupac Amaru N° 5527 - 5531 - 5535, Urb Huaquillay 2da Etapa"
282,10.- LIMA,LIMA,LIMA,LURIN,379,OR,OPERATIVO,OR LURIN,08:45 a 16:45,SI,SI,SI,SI,SI,SI,SI,SI,SI,"MZ B, Lote 5 Asociación de Vivienda Familiar Centinela - Lurin"
283,10.- LIMA,LIMA,LIMA,MIRAFLORES,380,OR,OPERATIVO,OR MIRAFLORES,08:45 a 16:45,SI,SI,SI,SI,SI,SI,SI,SI,SI,Avenida Ernesto Diez Canseco N° 230
284,10.- LIMA,LIMA,LIMA,PUENTE PIEDRA,382,OR,OPERATIVO,OR PUENTE PIEDRA,08:45 a 16:45,SI,SI,SI,SI,SI,SI,SI,SI,SI,Jirón Ricardo Palma Nº 241
285,10.- LIMA,LIMA,LIMA,SAN JUAN DE LURIGANCHO,386,OR,OPERATIVO,OR SAN JUAN DE LURIGANCHO,08:45 a 16:45,SI,SI,SI,SI,SI,SI,SI,SI,SI,Avenida Las Flores Lote 1 Mz. G Urb. Canto Grande Unidad 7
286,10.- LIMA,LIMA,LIMA,SAN JUAN DE MIRAFLORES,387,OR,OPERATIVO,OR SAN JUAN DE MIRAFLORES,08:45 a 16:45,SI,SI,SI,SI,SI,SI,SI,SI,SI,Avenida Guillermo Billinghurst  N° 767 – 769 Mz. F Lote 18 Urb. SJM Parcela D
287,10.- LIMA,LIMA,LIMA,SAN MARTÍN DE PORRES,389,OR,OPERATIVO,OR SAN MARTIN DE PORRES,08:45 a 16:45,SI,SI,SI,SI,SI,SI,SI,SI,SI,Avenida Eduardo de Habich Nº 590 - 592 con Pedro Paulet N° 589
288,10.- LIMA,LIMA,CAJATAMBO,CAJATAMBO,391,AG,OPERATIVO,AG CAJATAMBO,08:45 a 16:45,NO,NO,SI,SI,SI,NO,SI,SI,NO,Jirón Bolognesi S/N - Comisiones de Regantes -Frente plaza de Armas
289,10.- LIMA,LIMA,CANTA,CANTA,392,AG,OPERATIVO,AG CANTA,08:45 a 16:45,NO,NO,SI,SI,SI,NO,SI,SI,NO,Jirón Independencia Nº 308 Municipio (Plaza de Armas)
290,10.- LIMA,LIMA,CAÑETE,SAN VICENTE DE CAÑETE,393,AG,OPERATIVO,AG CAÑETE,08:45 a 16:45,SI,SI,SI,SI,SI,NO,SI,SI,SI,Avenida Los Libertadores Mz. D-3 Lote 4 Urbanización Tercer Mundo
291,10.- LIMA,LIMA,HUAURA,HUACHO,394,AG,OPERATIVO,AG HUACHO,08:45 a 16:45,SI,SI,SI,SI,SI,NO,SI,SI,SI,Avenida Grau Nº 295
292,10.- LIMA,LIMA,HUAROCHIRI,MATUCANA,395,AG,OPERATIVO,AG MATUCANA,08:45 a 16:45,SI,NO,SI,SI,SI,NO,NO,NO,NO,Jirón Tacna S/N  - Centro Civico
293,10.- LIMA,LIMA,YAUYOS,YAUYOS,396,AG,OPERATIVO,AG YAUYOS,08:45 a 16:45,NO,NO,SI,SI,SI,NO,SI,SI,NO,Plaza Plaza Constitución Nº 110
294,10.- LIMA,LIMA,HUARAL,HUARAL,397,AG,OPERATIVO,AG HUARAL,08:45 a 16:45,SI,SI,SI,SI,SI,NO,SI,SI,SI,Pasaje el Palmo esquina con Calle Huaquilla (DEMUNA HUARAL)
295,10.- LIMA,LIMA,BARRANCA,BARRANCA,398,OR,OPERATIVO,OR BARRANCA,08:45 a 16:45,SI,SI,SI,SI,SI,SI,SI,SI,SI,Avenida Independencia N° 674 - 676 - 678
296,10.- LIMA,LIMA,OYON,OYON,399,AG,OPERATIVO,AG OYON,08:45 a 16:45,NO,NO,SI,SI,SI,NO,SI,SI,NO,Jirón Unión 216
297,10.- LIMA,LIMA,LIMA,LURIGANCHO,401,OR,OPERATIVO,OR CHOSICA,08:45 a 16:45,SI,SI,SI,SI,SI,SI,SI,SI,SI,Jirón Chucuito Nº 248 
298,10.- LIMA,LIMA,LIMA,PACHACAMAC,404,OR,OPERATIVO,OR PACHACAMAC,08:45 a 16:45,SI,SI,SI,SI,SI,SI,SI,SI,SI,Avenida Paul Poblet N° 3111 - Dentro del Mercado Jumbo
299,10.- LIMA,LIMA,LIMA,JESÚS MARÍA,405,OR,OPERATIVO,OR JESUS MARIA,08:45 a 16:45,SI,SI,SI,SI,SI,SI,SI,SI,SI,Jirón Talara N° 130-132-134 y 136 Jesús Maria
300,10.- LIMA,LIMA,LIMA,CIENEGUILLA,421,OR,OPERATIVO,OR CIENEGUILLA,08:45 a 16:45,NO,SI,NO,NO,SI,SI,SI,SI,SI,"Avenida San Martin Lote 15, Zona ""D"" Manzana ""D"" Centro Poblado Tambo Viejo"
301,10.- LIMA,LIMA,LIMA,SANTA ANITA,423,OR,OPERATIVO,OR SANTA ANITA,08:45 a 16:45,SI,SI,SI,SI,SI,SI,SI,SI,SI,"Avenida Los Eucaliptos Nº 947, Urbanización Universal"
302,10.- LIMA,LIMA,LIMA,INDEPENDENCIA,430,OR,OPERATIVO,OR INDEPENDENCIA,08:45 a 16:45,SI,SI,SI,SI,SI,SI,SI,SI,SI,Calle Los Andes Nº 486 Urb. Industrial Panamericana Norte
303,10.- LIMA,CALLAO,CALLAO,VENTANILLA,544,MAC,OPERATIVO,MAC - VENTANILLA,08:30 a 16:30,SI,SI,SI,SI,SI,NO,SI,SI,SI,Avenida La Playa S/N altura la Urb. Zona Comercial frente a la Plaza Cívica 
304,10.- LIMA,LIMA,LIMA,JESÚS MARÍA,550,AG,OPERATIVO,AG 06 DE AGOSTO,08:45 a 16:45,NO,NO,NO,NO,SI,NO,SI,SI,NO,Avenida 06 de Agosto N° 856
305,10.- LIMA,CALLAO,CALLAO,MI PERÚ,574,PAP,OPERATIVO,PAP MI PERU,08:45 a 16:45,SI,NO,SI,SI,SI,NO,NO,NO,NO, Mz. G7 Lt. 06 Mi Perú  interior de la Sede Municipal.
306,10.- LIMA,LIMA,LIMA,SAN MARTÍN DE PORRES,577,ORA,OPERATIVO,ORA NACIONAL CAYETANO HEREDIA (MINSA),08:45 a 16:30,SI,NO,NO,SI,NO,SI,NO,NO,NO,Jirón Honorio Delgado N° 262 - Urb. Ingeniería / Obstetricia
307,10.- LIMA,LIMA,HUAURA,HUACHO,640,ORA,OPERATIVO,ORA HOSPITAL GENERAL DE HUACHO (MINSA),08:45 a 16:30,SI,SI,NO,SI,SI,SI,NO,NO,NO,Avenida Jose Arnaldo Arambulo La Rosa N° 251
308,10.- LIMA,CALLAO,CALLAO,CALLAO,661,OR,OPERATIVO,OR CALLAO,08:45 a 16:45,SI,SI,SI,SI,SI,SI,SI,SI,SI,Avenida Dos de Mayo N° 440 - 446
309,10.- LIMA,LIMA,LIMA,SAN BORJA,696,AG,OPERATIVO,AG ATENCIONES ESPECIALES DE SAN BORJA,08:45 a 16:45,SI,SI,SI,SI,SI,NO,NO,NO,SI,Avenida Javier Prado N° 2388 -2386 - 2392
310,10.- LIMA,LIMA,LIMA,EL AGUSTINO,717,MAC,OPERATIVO,MAC - LIMA ESTE,08:30 a 16:30,SI,SI,SI,SI,SI,NO,NO,NO,SI,Avenida Carretera Central 111 Mall Aventura Santa Anita Nivel 2
311,10.- LIMA,CALLAO,CALLAO,CARMEN DE LA LEGUA REYNOSO,729,ORA,OPERATIVO,ORA HOSPITAL SAN JOSE (MINSA),08:45 a 16:30,SI,SI,NO,SI,SI,SI,NO,NO,NO,Jirón Las Magnolias 475 Carmen de la Legua-Reynoso
312,10.- LIMA,CALLAO,CALLAO,VENTANILLA,730,ORA,OPERATIVO,ORA HOSPITAL DE VENTANILLA (MINSA),08:45 a 16:30,SI,SI,NO,SI,SI,SI,NO,NO,NO,Avenida Pedro Beltran S/N Ventanilla - Hospital de Ventanilla
313,10.- LIMA,LIMA,CAÑETE,SAN LUIS,739,ORA,OPERATIVO,ORA HOSPITAL REZOLA (MINSA),08:45 a 16:30,SI,SI,NO,SI,SI,SI,NO,NO,NO,Calle Distrito de San Luis S/N
314,10.- LIMA,LIMA,BARRANCA,BARRANCA,740,ORA,OPERATIVO,ORA HOSPITAL DE BARRANCA (MINSA),08:45 a 16:30,SI,SI,NO,SI,SI,SI,NO,NO,NO,Avenida Nicolás de Piérola Nº 210 -224
315,10.- LIMA,LIMA,HUARAL,HUARAL,753,ORA,OPERATIVO,ORA HOSPITAL SAN JUAN BAUTISTA HUARAL (MINSA),08:45 a 16:30,SI,SI,NO,SI,SI,SI,NO,NO,NO,Calle Tacna Nº 120 Urb. San Juan I
316,10.- LIMA,LIMA,LIMA ,COMAS,754,ORA,OPERATIVO,ORA HOSPITAL NACIONAL SERGIO E. BERNALES (MINSA),08:45 a 16:30,SI,SI,NO,SI,SI,SI,NO,NO,NO,"Avenida Túpac Amaru N° 8000, Collique, Comas."
317,10.- LIMA,LIMA,LIMA,LIMA,755,ORA,OPERATIVO,ORA NACIONAL DOS DE MAYO (MINSA),08:45 a 16:30,SI,SI,NO,SI,SI,SI,NO,NO,NO,Avenida Parque Historia De La Medicina Peruana S/N Altura Cuadra 13 Av Grau
318,10.- LIMA,LIMA,LIMA,ATE ,757,ORA,OPERATIVO,ORA HOSPITAL DE HUAYCAN (MINSA),08:45 a 16:30,SI,SI,NO,SI,SI,SI,NO,NO,NO,Avenida José C.Mariátegui S/N Zona B - A.H.Huaycán S/N Ate Lima Lima
319,10.- LIMA,LIMA,LIMA,SAN JUAN DE MIRAFLORES,796,MAC,OPERATIVO,MAC - LIMA SUR,08:30 a 16:30,SI,NO,SI,SI,SI,NO,SI,SI,SI,Avenida Circunvalación 1583- San Juan de Miraflores
320,10.- LIMA,LIMA,LIMA,COMAS,808,MAC,OPERATIVO,MAC - LIMA NORTE,08:30 a 16:30,SI,SI,SI,SI,SI,NO,SI,SI,SI,Avenida Los Angeles N° 602 2do piso - Cc Mall Plaza 
321,10.- LIMA,LIMA,LIMA,JESUS MARIA,490,PVM,OPERATIVO,PVM - JESUS MARIA ,08:45 a 16:45,NO,NO,NO,NO,NO,NO,SI,NO,NO,Jirón Talara N° 130
322,10.- LIMA,LIMA,LIMA,SANTIAGO DE SURCO,478,PVM,OPERATIVO,PVM - JOCKEY PLAZA,08:45 a 16:45,NO,NO,NO,NO,NO,NO,SI,NO,NO,Avenida Javier Prado Este N° 4200 ( Centro Financiero del Centro Comercial)
323,10.- LIMA,LIMA,LIMA,SURQUILLO,499,PVM,OPERATIVO,PVM - OPEN PLAZA ANGAMOS,08:45 a 16:45,NO,NO,NO,NO,NO,NO,SI,NO,NO,Avenida Cruce Angamos N° 1805 con Tomas Marsano
324,10.- LIMA,LIMA,LIMA,CHORRILLOS,493,PVM,OPERATIVO,PVM - PLAZA LIMA SUR,08:45 a 16:45,NO,NO,NO,NO,NO,NO,SI,NO,NO, Prolongación Paseo  de la Republica S/N Urb. Matellini (2do nivel del Centro Comercial) 
325,10.- LIMA,CALLAO,CALLAO,VENTANILLA,724,PVM,OPERATIVO,PVM - VENTANILLA,08:45 a 16:45,NO,NO,NO,NO,NO,NO,SI,NO,NO,Avenida La Playa S/N altura la Urb. Zona Comercial frente a la Plaza Cívica 
326,10.- LIMA,CALLAO,CALLAO,BELLAVISTA,494,PVM,OPERATIVO,PVM - MALL AVENTURA PLAZA - CALLAO,08:45 a 16:45,NO,NO,NO,NO,NO,NO,SI,NO,NO,Avenida Oscar R. Benavides N° 3866 - Centro Comercial Mall Aventura Plaza
327,10.- LIMA,LIMA,LIMA,MIRAFLORES,547,PVM,OPERATIVO,PVM - MIRAFLORES,08:45 a 16:45,NO,NO,NO,NO,NO,NO,SI,NO,NO,Avenida Diez Canseco N° 230
328,10.- LIMA,LIMA,LIMA,INDEPENDENCIA,775,PVM,OPERATIVO,PVM - INDEPENDENCIA,08:45 a 16:45,NO,NO,NO,NO,NO,NO,SI,NO,NO,Calle Los Andes Nº 486 Urb. Industrial Panamericana Norte
329,10.- LIMA,LIMA,LIMA,LURIN,489,PVM,OPERATIVO,PVM - OR LURIN,08:45 a 16:45,NO,NO,NO,NO,NO,NO,SI,NO,NO,Mz. B Lote 5 Asociación de Vivienda Centinela (detrás del polideportivo)
330,10.- LIMA,LIMA,LIMA,SANTA ANITA,17,ORA,OPERATIVO,ORA HOSP. JORGE VOTO BERNALES (ESSALUD),08:45 a 16:30,SI,NO,NO,SI,NO,SI,NO,NO,NO,"Carretera CARRETERA CENTRAL KM. 3,5 - SANTA ANITA"
331,10.- LIMA,LIMA,LIMA,CERCADO DE LIMA,186,ORA,OPERATIVO,HOSP. NAC DOC MADRE Y NIÑO  SAN BARTOLOME (MINSA),08:45 a 16:30,SI,NO,NO,SI,NO,SI,NO,NO,NO,Avenida ALFONSO UGARTE 825 - LIMA
332,10.- LIMA,LIMA,LIMA,CHORRILLOS,183,ORA,OPERATIVO,CMI VIRGEN DEL CARMEN  (MINSA),08:45 a 16:30,SI,NO,NO,SI,NO,SI,NO,NO,NO,Avenida LEOPOLDO ARIAS 200 FRENTE AL COLISEO MARISCAL CACERES
333,10.- LIMA,LIMA,LIMA,PUENTE PIEDRA,13,ORA,OPERATIVO,ORA HOSPITAL PUENTE PIEDRA (MINSA),08:45 a 16:30,SI,NO,NO,SI,NO,SI,NO,NO,NO,Avenida SAENZ PEÑA S/N KM 30
334,10.- LIMA,LIMA,LIMA,SAN JUAN DE LURIGANCHO,492,PVM,OPERATIVO,PVM - SAN JUAN DE LURIGANCHO,08:45 a 16:45,NO,NO,NO,NO,NO,NO,SI,NO,NO,Avenida Las Flores 260-262  Urb. San Rafael
335,10.- LIMA,ANCASH,OCROS,OCROS,40,AG,OPERATIVO,AG OCROS,08:45 a 16:45,NO,NO,SI,SI,SI,NO,SI,SI,NO, Plaza de Armas S/N (MUNICIPIO)
336,10.- LIMA,LIMA,HUARAL,CHANCAY,1183,AG,OPERATIVO,AG CHANCAY,08:45 a 16:45,SI,NO,SI,SI,SI,NO,SI,SI,NO,Avenida 1ro de mayo s/n cdra 03
337,10.- LIMA,LIMA,LIMA,PUEBLO LIBRE,9,ORA,OPERATIVO,ORA HOSPITAL SANTA ROSA,08:45 a 16:30,SI,NO,NO,SI,NO,SI,NO,NO,NO,Avenida Bolivar Crda. 8 Pueblo Libre 
338,10.- LIMA,LIMA,LIMA,INDEPENDENCIA,769,ORA,OPERATIVO,ORA  CMI TAHUANTINSUYO BAJO,08:45 a 16:30,SI,SI,NO,SI,SI,SI,NO,NO,NO,Avenida Chinchaysullo cdra 4 Independencia
339,10.- LIMA,LIMA,LIMA,SURQUILLO,114,AG,OPERATIVO,AG. INSTITUTO NACIONAL DE ENFERMEDADES NEOPLASICAS,08:45 a 16:45,SI,NO,SI,SI,NO,NO,NO,NO,NO,Av. Angamos Este 2520 - Surquillo (puerta emergencia del INEN)
340,10.- LIMA,LIMA,LIMA,SAN MARTIN DE PORRES,491,PVM,OPERATIVO,PVM - OR SAN MARTIN DE PORRES,08:45 a 16:45,NO,NO,NO,NO,NO,NO,SI,NO,NO,Av. Eduardo de Habich 592
341,10.- LIMA,LIMA,LIMA,SAN JUAN DE MIRAFLORES,,PVM,OPERATIVO,PVM - MALL  LIMA SUR,08:45 a 16:45,NO,NO,NO,NO,NO,NO,SI,NO,NO,"Av. Los Lirios s/n, altura de  puente Atocongo"
342,10.- LIMA,LIMA,LIMA,VILLA EL SALVADOR,758,ORA,OPERATIVO,ORA HOSPITAL EMERGENCIA VILLA EL SALVADOR,08:45 a 16:30,SI,SI,NO,SI,SI,SI,NO,NO,NO,Avenida  Pastor Sevilla cruce Av. 200 millas VES
343,11.- PUNO,PUNO,PUNO,PUNO,19,ORA,OPERATIVO,ORA MANUEL NUÑEZ BUTRON,08:45 a 16:30,SI,NO,NO,SI,SI,SI,NO,NO,NO,Avenida El Sol N° 1022
344,11.- PUNO,PUNO,PUNO,PUNO,89,ORA,OPERATIVO,ORA HOSPITAL BASE III (PUNO) - RED ASISTENCIAL PUNO,08:45 a 16:30,SI,NO,NO,SI,SI,SI,NO,NO,NO,Jirón Francisco Cáceres Jara Nº 600
345,11.- PUNO,PUNO,SAN ROMAN,JULIACA,90,ORA,OPERATIVO,ORA CARLOS MONGE MEDRANO,08:45 a 16:30,SI,NO,NO,SI,SI,SI,NO,NO,NO, Carretera a Huancane Km 2
346,11.- PUNO,PUNO,EL COLLAO ,ILAVE ,108,ORA,OPERATIVO,ORA ILAVE,08:45 a 16:30,SI,NO,NO,SI,SI,SI,NO,NO,NO,Jirón Atahualpa Nº 825
347,11.- PUNO,PUNO,SAN ROMAN,JULIACA,118,ORA,OPERATIVO,ORA HOSPITAL BASE III JULIACA - ESSALUD - RED ASISTENCIAL JULIACA,08:45 a 16:30,SI,NO,NO,SI,SI,SI,NO,NO,NO,Avenida José Santos Chocano S/N - La Capilla
348,11.- PUNO,PUNO,PUNO,PUNO,551,OR,OPERATIVO,OR PUNO,08:45 a 16:45,SI,SI,SI,SI,SI,SI,SI,SI,SI,Jirón Arequipa N° 1143 - 1145 Barrio Victoria
349,11.- PUNO,PUNO,AZANGARO,AZANGARO,552,PAP,OPERATIVO,PAP AZANGARO,08:45 a 16:45,SI,NO,SI,SI,SI,NO,SI,SI,NO,Jirón Azangaro N° 160  (Palacio Municipal)
350,11.- PUNO,PUNO,CARABAYA,MACUSANI,553,PAP,OPERATIVO,PAP CARABAYA,08:45 a 16:45,NO,NO,SI,SI,SI,NO,SI,SI,NO,Jirón Raimondi N° 116
351,11.- PUNO,PUNO,CHUCUITO,JULI,554,PAP,OPERATIVO,PAP CHUCUITO,08:45 a 16:45,NO,NO,SI,SI,SI,NO,SI,SI,NO,Jirón Ilave 235 - Mercado Central Municipio
352,11.- PUNO,PUNO,HUANCANE,HUANCANE,555,PAP,OPERATIVO,PAP HUANCANE,08:45 a 16:45,NO,NO,SI,SI,SI,NO,SI,SI,NO,Jirón Moquegua N° 104 - Barrio Progreso
353,11.- PUNO,PUNO,LAMPA,LAMPA,556,PAP,OPERATIVO,PAP LAMPA,08:45 a 16:45,NO,NO,SI,SI,SI,NO,SI,SI,NO,Jirón Alfonso Ugarte N° 343
354,11.- PUNO,PUNO,MELGAR,AYAVIRI,557,PAP,OPERATIVO,PAP MELGAR,08:45 a 16:45,SI,NO,SI,SI,SI,NO,SI,SI,NO,Calle Jorge Chavez N°  550
355,11.- PUNO,PUNO,SANDIA,SANDIA,558,PAP,OPERATIVO,PAP SANDIA,08:45 a 16:45,NO,NO,SI,SI,SI,NO,SI,SI,NO,Avenida Juliaca S/N - Mercado Central Sandia
356,11.- PUNO,PUNO,SAN ROMAN,JULIACA,559,AG,OPERATIVO,AG SAN ROMAN,08:45 a 16:45,SI,SI,SI,SI,SI,NO,SI,SI,SI,Jirón Brascesco N° 181 
357,11.- PUNO,PUNO,YUNGUYO,YUNGUYO,560,PAP,OPERATIVO,PAP YUNGUYO,08:45 a 16:45,NO,NO,SI,SI,SI,NO,SI,SI,NO,Jirón Grau Nº 240
358,11.- PUNO,PUNO,SAN ANTONIO DE PUTINA,PUTINA,561,PAP,OPERATIVO,PAP PUTINA,08:45 a 16:45,NO,NO,SI,SI,SI,NO,SI,SI,NO, Plaza de Armas S/N (Palacio Municipal)
359,11.- PUNO,PUNO,EL COLLAO,ILAVE,562,PAP,OPERATIVO,PAP EL COLLAO,08:45 a 16:45,SI,NO,SI,SI,SI,NO,SI,SI,NO,Jirón Bolognesi S/N - Coliseo Cubierto Ilave Oficina N° 02
360,11.- PUNO,PUNO,MOHO,MOHO,563,PAP,DESPLAZAMIENTO,PAP MOHO,08:45 a 16:45,NO,NO,SI,SI,SI,NO,NO,NO,NO,Avenida Circunvalación S/N Terminal Terrestre
361,11.- PUNO,PUNO,AZANGARO,AZANGARO,634,ORA,OPERATIVO,ORA CARLOS CORNEJO ROSELLO,08:45 a 16:30,SI,NO,NO,SI,SI,SI,NO,NO,NO,Jirón Francisco Bolognesi N° 557
362,11.- PUNO,PUNO,CHUCUITO,JULI,635,ORA,OPERATIVO,ORA JULI,08:45 a 16:30,SI,NO,NO,SI,SI,SI,NO,NO,NO,Avenida Panamericana S/N
363,11.- PUNO,PUNO,HUANCANE,HUANCANE,636,ORA,OPERATIVO,ORA HOSPITAL LUCIO ALDAZABAL PAUCA,08:45 a 16:30,SI,NO,NO,SI,SI,SI,NO,NO,NO,Avenida Santa Cruz S/N
364,11.- PUNO,PUNO,MELGAR,AYAVIRI,637,ORA,OPERATIVO,ORA SAN JUAN DE DIOS (AYAVIRI),08:45 a 16:30,SI,NO,NO,SI,SI,SI,NO,NO,NO,Jirón Progreso S/N
365,11.- PUNO,PUNO,SAN ROMÁN,JULIACA,759,ORA,OPERATIVO,ORA CENTRO DE SALUD CLAS SANTA ADRIANA,08:45 a 16:30,SI,NO,NO,SI,SI,SI,NO,NO,NO,Jirón Pachacutec S/N
366,11.- PUNO,PUNO,SAN ROMÁN,SAN MIGUEL,792,PAP,OPERATIVO,PAP SAN MIGUEL - JR11,08:45 a 16:45,SI,NO,SI,SI,SI,NO,SI,SI,NO, Palacio Municipal S/N
367,11.- PUNO,PUNO,CHUCUITO,DESAGUADERO,791,PAP,OPERATIVO,PAP DESAGUADERO,08:45 a 16:45,NO,NO,SI,SI,SI,NO,NO,NO,NO,Jirón 28 de Julio N° 305 - Desaguadero
368,11.- PUNO,PUNO,PUNO,ACORA,824,PAP,OPERATIVO,PAP ACORA,08:45 a 16:45,NO,NO,SI,SI,SI,NO,NO,NO,NO,Plaza de Armas (Palacio Municipal)
369,11.- PUNO,PUNO,SAN ROMAN,JULIACA,1184,MAC,OPERATIVO,MAC PUNO,08:30 a 16:30,SI,SI,SI,SI,SI,NO,SI,SI,SI,Avenida San Martin lote 07
370,11.- PUNO,PUNO,CARABAYA,MACUSANI,1185,PANP,DESPLAZAMIENTO,PANP CRUCERO,08:45 a 16:45,NO,NO,SI,SI,SI,NO,SI,SI,NO,Plaza Plaza de Armas S/N
371,12.- ICA,ICA,ICA,ICA,18,ORA,OPERATIVO,ORA REGIONAL DE ICA (MINSA),08:45 a 16:30,SI,SI,NO,SI,SI,SI,NO,NO,NO,Avenida Huacachina S/N
372,12.- ICA,AYACUCHO,LUCANAS,PUQUIO,125,AG,OPERATIVO,AG LUCANAS,08:45 a 16:45,SI,SI,SI,SI,SI,NO,SI,SI,SI,Jirón San Pedro  Nº 216
373,12.- ICA,AYACUCHO,PARINACOCHAS,CORACORA,126,AG,OPERATIVO,AG PARINACOCHAS,08:45 a 16:45,SI,NO,SI,SI,SI,NO,SI,SI,NO,Jirón Bolognesi N° 419 Plaza de Armas
374,12.- ICA,ICA,ICA,PARCONA,150,PAP,OPERATIVO,PAP PARCONA,08:45 a 16:45,SI,SI,SI,SI,SI,NO,SI,SI,SI,Avenida Jhon F. Kennedy N° 500 con Calle Lima S/N (Costado del Palacio Municipal)
375,12.- ICA,ICA,ICA,ICA,271,OR,OPERATIVO,OR ICA,08:45 a 16:45,SI,SI,SI,SI,SI,NO,SI,SI,SI,Avenida San Martin N° 1366 Mz. M-02 Lt. 035. Urb. San Isidro 
376,12.- ICA,ICA,CHINCHA,CHINCHA ALTA,272,AG,OPERATIVO,AG CHINCHA,08:45 a 16:45,SI,SI,SI,SI,SI,NO,SI,SI,SI,Calle Los Angeles N° 300
377,12.- ICA,ICA,NASCA,NASCA,273,AG,OPERATIVO,AG NASCA,08:45 a 16:45,SI,SI,SI,SI,SI,NO,SI,SI,SI,Calle Fermin del Castillo N° 270
378,12.- ICA,ICA,PISCO,PISCO,274,AG,OPERATIVO,AG PISCO,08:45 a 16:45,SI,SI,SI,SI,SI,NO,SI,SI,SI,Calle San Juan de Dios N° 288
379,12.- ICA,AYACUCHO,LUCANAS,CABANA,330,PAP,DESPLAZAMIENTO,PAP CABANA ,08:45 a 16:45,NO,NO,SI,SI,SI,NO,SI,SI,NO,Jirón Jorge Chavez N° 272 
380,12.- ICA,AYACUCHO,LUCANAS,PUQUIO,346,ORA,OPERATIVO,ORA FELIPE HUAMAN POMA DE AYALA (MINSA),08:45 a 16:30,SI,SI,NO,SI,SI,SI,NO,NO,NO,Avenida Arnaldo Alvarado S/N 
381,12.- ICA,AYACUCHO,PARINACOCHAS,CORACORA,347,ORA,OPERATIVO,ORA HOSPITAL DE APOYO DE CORACORA (MINSA),08:45 a 16:30,SI,SI,NO,SI,SI,SI,NO,NO,NO,Avenida La Cultura S/N
382,12.- ICA,ICA,ICA,ICA,354,ORA,OPERATIVO,ORA SANTA MARIA DEL SOCORRO (MINSA),08:45 a 16:30,SI,SI,NO,SI,SI,SI,NO,NO,NO,Calle Castrovirreyna N° 759
383,12.- ICA,ICA,PISCO,PISCO,355,ORA,OPERATIVO,ORA SAN JUAN DE DIOS (MINSA),08:45 a 16:30,SI,SI,NO,SI,SI,SI,NO,NO,NO,Avenida Fermín Tanguis S/N (Altura del Fundo Alto de la Luna)
384,12.- ICA,ICA,CHINCHA,CHINCHA ALTA,356,ORA,OPERATIVO,ORA SAN JOSE DE CHINCHA (MINSA),08:45 a 16:30,SI,SI,NO,SI,SI,SI,NO,NO,NO,Avenida Abelardo Alva Maurtua Nº 600
385,12.- ICA,AYACUCHO,LUCANAS,LARAMATE,469,PANP,DESPLAZAMIENTO,PANP LARAMATE,08:45 a 16:45,NO,NO,SI,SI,SI,NO,NO,NO,NO,Jirón Ica S/N
386,12.- ICA,ICA,NASCA,NASCA,507,ORA,OPERATIVO,ORA HOSPITAL DE APOYO DE NASCA (MINSA),08:45 a 16:30,SI,SI,NO,SI,SI,SI,NO,NO,NO,Calle Callao S/N - 5ta Cuadra
387,12.- ICA,ICA,ICA,ICA,233,ORA,OPERATIVO,ORA AUGUSTO HERNANDEZ MENDOZA (ESSALUD),08:45 a 16:30,SI,SI,NO,SI,SI,SI,NO,NO,NO,Calle José Matias Manzanilla S/N
388,12.- ICA,ICA,ICA,ICA,1193,MAC,OPERATIVO,MAC ICA,08:30 a 16:30,SI,SI,SI,SI,SI,NO,SI,SI,SI,Avenida Los Maestros S/N C.C. Mega Plaza Segundo Piso
389,13.- PUCALLPA,UCAYALI,CORONEL PORTILLO,CALLERIA,143,ORA,OPERATIVO,ORA HOSPITAL REGIONAL DE PUCALLPA (MINSA),08:45 a 16:30,SI,NO,NO,SI,SI,SI,NO,NO,NO,Jirón Agustin Cauper N° 285
390,13.- PUCALLPA,HUANUCO,PUERTO INCA,PUERTO INCA,248,PAP,OPERATIVO,PAP PUERTO INCA,08:45 a 16:45,NO,NO,SI,SI,SI,NO,NO,NO,NO,Jirón Vulcano S/N
391,13.- PUCALLPA,UCAYALI,CORONEL PORTILLO,YARINACOCHA,337,ORA,OPERATIVO,ORA HOSPITAL AMAZÓNICO - YARINACOCHA (MINSA),08:45 a 16:30,SI,NO,NO,SI,SI,SI,NO,NO,NO,Jirón Aguaytia N° 605
392,13.- PUCALLPA,LORETO,UCAYALI,CONTAMANA,435,PAP,OPERATIVO,PAP CONTAMANA,08:45 a 16:45,SI,SI,SI,SI,SI,NO,SI,SI,SI,Calle Nuevo Loreto Mz.38C  Lt.5B
393,13.- PUCALLPA,UCAYALI,PADRE ABAD,IRAZOLA ,542,AG,OPERATIVO,AG IRAZOLA ,08:45 a 16:45,SI,SI,SI,SI,SI,NO,NO,SI,NO,Calle Progreso S/N 
394,13.- PUCALLPA,UCAYALI,CORONEL PORTILLO,CALLERIA,701,OR,OPERATIVO,OR PUCALLPA,08:45 a 16:45,SI,SI,SI,SI,SI,SI,SI,SI,SI,"Jirón 09 de Diciembre N° 378 y Tacna Nº 891 Mz. 07 Lt. Acumulado 1-B, independiente."
395,13.- PUCALLPA,UCAYALI,PADRE ABAD,PADRE ABAD,702,PAP,OPERATIVO,PAP PADRE ABAD,08:45 a 16:45,SI,SI,SI,SI,SI,NO,SI,SI,SI,Avenida Grau Nº 214
396,13.- PUCALLPA,UCAYALI,ATALAYA,RAIMONDI,703,PAP,OPERATIVO,PAP ATALAYA,08:45 a 16:45,NO,NO,SI,SI,SI,NO,NO,NO,NO,Jirón Rioja Nº 659
397,13.- PUCALLPA,UCAYALI,PURUS,PURUS,704,PAP,OPERATIVO,PAP PURUS,08:45 a 16:45,NO,NO,SI,SI,SI,NO,SI,SI,NO,Avenida Purus S/N
398,13.- PUCALLPA,UCAYALI,ATALAYA,TAHUANIA,723,PAP,OPERATIVO,PAP TAHUANIA,08:45 a 16:45,NO,NO,SI,SI,SI,NO,NO,NO,NO,Jirón 7 de Junio  S/N
399,13.- PUCALLPA,UCAYALI,CORONEL PORTILLO,CALLERIA,828,MAC,OPERATIVO,MAC - UCAYALI,08:30 a 16:30,SI,SI,SI,SI,SI,NO,SI,SI,SI,Avenida Centenario 1642 (2do piso) Centro Comercial Real Plaza
400,14.- HUANCAVELICA,HUANCAVELICA,HUANCAVELICA,IZCUCHACA,15,PAP,OPERATIVO,PAP IZCUCHACA,08:45 a 16:45,NO,NO,SI,SI,SI,NO,SI,SI,NO,Avenida Ferrocarril  S/N 
401,14.- HUANCAVELICA,HUANCAVELICA,ACOBAMBA,PAUCARA,16,PAP,OPERATIVO,PAP PAUCARA,08:45 a 16:45,NO,NO,SI,SI,SI,NO,SI,SI,NO, Plaza Mayor S/N
402,14.- HUANCAVELICA,HUANCAVELICA,HUANCAVELICA,HUANCAVELICA,20,ORA,OPERATIVO,ORA HOSPITAL REGIONAL ZACARIAS CORREA VALDIVIA (MINSA),08:45 a 16:30,SI,NO,NO,SI,NO,SI,NO,NO,NO,Avenida Andrés Avelino Cáceres S/N - Barrio Yananaco
403,14.- HUANCAVELICA,HUANCAVELICA,HUANCAVELICA,HUANCAVELICA,618,ORA,OPERATIVO,ORA HUANDO (MINSA),08:45 a 16:30,SI,NO,NO,SI,SI,SI,NO,NO,NO,Calle Cementerio s/n
404,14.- HUANCAVELICA,HUANCAVELICA,HUANCAVELICA,ASCENSIÓN,62,ORA,OPERATIVO,ORA HOSPITAL II HUANCAVELICA (ESSALUD),08:45 a 16:30,SI,NO,NO,SI,NO,SI,NO,NO,NO,Avenida Teresa de Jurnet S/N
405,14.- HUANCAVELICA,HUANCAVELICA,HUANCAVELICA,HUANCAVELICA,221,OR,OPERATIVO,OR HUANCAVELICA,08:45 a 16:45,SI,SI,SI,SI,SI,SI,SI,SI,SI,"Avenida San Cristóbal Nº 384, 386 y 388"
406,14.- HUANCAVELICA,HUANCAVELICA,ACOBAMBA,ACOBAMBA,222,OR,OPERATIVO,OR ACOBAMBA,08:45 a 16:45,SI,SI,SI,SI,SI,SI,SI,SI,SI,Jirón Dos De Mayo N° 459
407,14.- HUANCAVELICA,HUANCAVELICA,ANGARAES,LIRCAY,223,OR,OPERATIVO,OR ANGARAES,08:45 a 16:45,SI,SI,SI,SI,SI,SI,SI,SI,SI,Avenida Centenario S/N - Barrio de Pueblo Nuevo - Dentro del Centro Civico
408,14.- HUANCAVELICA,HUANCAVELICA,CASTROVIRREYNA,CASTROVIRREYNA,224,OR,OPERATIVO,OR CASTROVIRREYNA,08:45 a 16:45,SI,SI,SI,SI,SI,SI,SI,SI,SI,Avenida Los Libertadores S/N
409,14.- HUANCAVELICA,HUANCAVELICA,TAYACAJA,PAMPAS,225,OR,OPERATIVO,OR TAYACAJA,08:45 a 16:45,NO,SI,SI,SI,SI,SI,SI,SI,SI,Jirón Manco Capac S/N con Jirón Alfonso Ugarte Cordova y Necochea - Coliseo Multiuso
410,14.- HUANCAVELICA,HUANCAVELICA,HUAYTARA,HUAYTARA,226,OR,OPERATIVO,OR HUAYTARA,08:45 a 16:45,SI,SI,SI,SI,SI,SI,SI,SI,SI,Calle 24 de Junio S/N - 2do piso Centro Cívico 
411,14.- HUANCAVELICA,HUANCAVELICA,CHURCAMPA,CHURCAMPA,227,OR,OPERATIVO,OR CHURCAMPA,08:45 a 16:45,SI,SI,SI,SI,SI,SI,SI,SI,SI,Jirón Real N° 255
412,14.- HUANCAVELICA,HUANCAVELICA,TAYACAJA,PAMPAS,362,ORA,OPERATIVO,ORA HOSPITAL DE PAMPAS (MINSA),08:45 a 16:30,SI,NO,NO,SI,SI,SI,NO,NO,NO,Jirón Bolívar S/N 
413,14.- HUANCAVELICA,HUANCAVELICA,ANGARAES,LIRCAY,467,ORA,DESPLAZAMIENTO,ORA LIRCAY (MINSA),08:45 a 16:30,SI,NO,NO,SI,SI,SI,NO,NO,NO,Avenida Esmeralda S/N
414,14.- HUANCAVELICA,HUANCAVELICA,TAYACAJA,SURCUBAMBA,498,AG,OPERATIVO,AG SURCUBAMBA,08:45 a 16:45,NO,NO,SI,SI,SI,NO,SI,SI,NO,Calle Alfonso Ugarte S/N
415,14.- HUANCAVELICA,HUANCAVELICA,TAYACAJA,COLCABAMBA,510,AG,OPERATIVO,AG COLCABAMBA,08:45 a 16:45,NO,NO,SI,SI,SI,NO,SI,SI,NO,Avenida Centenario S/N
416,14.- HUANCAVELICA,HUANCAVELICA,HUANCAVELICA,YAULI,598,ORA,OPERATIVO,ORA YAULI (MINSA),08:45 a 16:30,SI,NO,NO,SI,SI,SI,NO,NO,NO,Avenida Jorge Chávez S/N
417,14.- HUANCAVELICA,HUANCAVELICA,ACOBAMBA,PAUCARA,468,ORA,OPERATIVO,ORA PAUCARA (MINSA),08:45 a 16:30,SI,NO,NO,SI,SI,SI,NO,NO,NO,Calle Lircay s/n
418,14.- HUANCAVELICA,HUANCAVELICA,CHURCAMPA,CHURCAMPA,651,ORA,DESPLAZAMIENTO,ORA CHURCAMPA (MINSA),08:45 a 16:30,SI,NO,NO,SI,SI,SI,NO,NO,NO,Calle Ricardo Palma N° 535 (Instalaciones del Centro de Salud)
419,15.- HUANUCO,PASCO,PASCO,YANACANCHA,59,ORA,OPERATIVO,ORA DR. DANIEL ALCIDES CARRION GARCIA (MINSA),08:45 a 16:30,SI,NO,NO,SI,SI,SI,NO,NO,NO,Avenida Los Incas S/N Urb. San Juan
420,15.- HUANUCO,PASCO,OXAPAMPA,PUERTO BERMUDEZ,115,PAP,OPERATIVO,PAP PUERTO BERMÚDEZ,08:45 a 16:45,SI,NO,SI,SI,SI,NO,SI,SI,NO,Avenida Remigio Morales Bermúdez S/N
421,15.- HUANUCO,PASCO,PASCO,HUARIACA,116,PAP,DESPLAZAMIENTO,PAP HUARIACA,08:45 a 16:45,NO,NO,SI,SI,SI,NO,NO,NO,NO,Jirón 28 de Julio Nº 129
422,15.- HUANUCO,HUANUCO,HUANUCO,HUÁNUCO,144,ORA,OPERATIVO,ORA HOSPITAL REGIONAL HERMILIO VALDIZAN (MINSA),08:45 a 16:30,SI,NO,NO,SI,SI,SI,NO,NO,NO,Jirón Hermilio Valdizan Nº 950
423,15.- HUANUCO,PASCO,PASCO,PAUCARTAMBO,170,PAP,OPERATIVO,PAP PAUCARTAMBO,08:45 a 16:45,NO,NO,SI,SI,SI,NO,SI,SI,NO, Plaza 28 de Julio S/N
424,15.- HUANUCO,HUANUCO,HUANUCO,HUÁNUCO,241,OR,OPERATIVO,OR HUANUCO,08:45 a 16:45,SI,SI,SI,SI,SI,SI,SI,SI,SI,Jirón 28 de Julio N° 825
425,15.- HUANUCO,HUANUCO,AMBO,AMBO,242,PAP,OPERATIVO,PAP AMBO,08:45 a 16:45,SI,NO,SI,SI,SI,NO,NO,NO,NO,"Jirón 28 de Julio 697, Centro Cívico"
426,15.- HUANUCO,HUANUCO,DOS DE MAYO,LA UNION,243,PAP,OPERATIVO,PAP DOS DE MAYO,08:45 a 16:45,NO,NO,SI,SI,SI,NO,NO,NO,NO,Jirón Lourdes N° 221
427,15.- HUANUCO,HUANUCO,HUAMALIES,LLATA,244,PAP,OPERATIVO,PAP HUAMALIES,08:45 a 16:45,SI,NO,SI,SI,SI,NO,NO,NO,NO,Jirón Huánuco N° 242
428,15.- HUANUCO,HUANUCO,MARAÑON,HUACRACHUCO,245,PAP,OPERATIVO,PAP MARAÑON,08:45 a 16:45,NO,NO,SI,SI,SI,NO,SI,SI,NO,Avenida 28 De Julio N° 602 
429,15.- HUANUCO,HUANUCO,LEONCIO PRADO,RUPA-RUPA,246,PAP,OPERATIVO,PAP LEONCIO PRADO,08:45 a 16:45,SI,SI,SI,SI,SI,NO,SI,SI,SI,Jirón Chiclayo N° 585
430,15.- HUANUCO,HUANUCO,PACHITEA,PANAO,247,PAP,OPERATIVO,PAP PACHITEA,08:45 a 16:45,SI,SI,SI,SI,SI,NO,SI,SI,SI,Jirón Espinar N° 121
431,15.- HUANUCO,HUANUCO,LAURICOCHA,JESÚS,250,PAP,DESPLAZAMIENTO,PAP LAURICOCHA,08:45 a 16:45,NO,NO,SI,SI,SI,NO,NO,NO,NO,Jirón Cristobal Colon S/N
432,15.- HUANUCO,HUANUCO,YAROWILCA,CHAVINILLO,251,PAP,OPERATIVO,PAP YAROWILCA,08:45 a 16:45,SI,NO,SI,SI,SI,NO,SI,SI,NO,Jirón Virgen de Fátima S/N
433,15.- HUANUCO,PASCO,PASCO,CHAUPIMARCA,340,ORA,OPERATIVO,ORA HOSPITAL II PASCO (ESSALUD),08:45 a 16:30,SI,NO,NO,SI,SI,SI,NO,NO,NO, Barrio La Esperanza - Casa de Piedra
434,15.- HUANUCO,HUANUCO,PACHITEA,PANAO,365,ORA,OPERATIVO,ORA PANAO (MINSA),08:45 a 16:30,SI,NO,NO,SI,SI,SI,NO,NO,NO,Jirón Grau Nº 193
435,15.- HUANUCO,HUANUCO,LEONCIO PRADO,RUPA-RUPA,366,ORA,OPERATIVO,ORA HOSPITAL TINGO MARIA (MINSA),08:45 a 16:30,SI,NO,NO,SI,SI,SI,NO,NO,NO, Mapresa S/N Luyando
436,15.- HUANUCO,HUANUCO,LEONCIO PRADO,JOSÉ CRESPO Y CASTILLO,367,ORA,OPERATIVO,ORA AUCAYACU (MINSA),08:45 a 16:30,SI,NO,NO,SI,SI,SI,NO,NO,NO,Jirón Grau S/N cuadra 4
437,15.- HUANUCO,HUANUCO,HUAMALIES,LLATA,368,ORA,DESPLAZAMIENTO,ORA LLATA (MINSA),08:45 a 16:30,SI,NO,NO,SI,SI,SI,NO,NO,NO,Jirón 28 de Julio N° 216
438,15.- HUANUCO,HUANUCO,DOS DE MAYO,LA UNION,451,ORA,OPERATIVO,ORA LA UNION (MINSA),08:45 a 16:30,SI,NO,NO,SI,SI,SI,NO,NO,NO,Jirón Dos de Mayo N° 185
439,15.- HUANUCO,HUANUCO,LEONCIO PRADO,JOSÉ CRESPO Y CASTILLO,477,PAP,OPERATIVO,PAP JOSE CRESPO Y CASTILLO,08:45 a 16:45,SI,NO,SI,SI,SI,NO,SI,SI,NO,Jirón Maria Parado de Bellido S/N Cuadra 4
440,15.- HUANUCO,HUANUCO,LAURICOCHA,BAÑOS,497,AG,DESPLAZAMIENTO,AG BAÑOS,08:45 a 16:45,NO,NO,SI,SI,SI,NO,NO,NO,NO, Plaza de Armas S/N
441,15.- HUANUCO,PASCO,PASCO,YANACANCHA,501,AG,OPERATIVO,AG PASCO,08:45 a 16:45,SI,SI,SI,SI,SI,NO,SI,SI,SI," Centro Comercial ""Sector Dos de San Juan Pampa Edif. 4 Tienda 3 San Juan-Yanacancha"
442,15.- HUANUCO,PASCO,DANIEL ALCIDES CARRION,YANAHUANCA,502,PAP,OPERATIVO,PAP DANIEL ALCIDES CARRIÓN,08:45 a 16:45,NO,NO,SI,SI,SI,NO,SI,SI,NO,Jirón Jorge Chavez S/N Plaza Principal
443,15.- HUANUCO,PASCO,OXAPAMPA,OXAPAMPA,503,PAP,OPERATIVO,PAP OXAPAMPA,08:45 a 16:45,SI,SI,SI,SI,SI,NO,SI,SI,SI,Jirón Huancabamba S/N Mz. 162 Estadio Municipal Oxapampa
444,15.- HUANUCO,SAN MARTIN,TOCACHE,UCHIZA,541,AG,OPERATIVO,AG UCHIZA,08:45 a 16:45,NO,NO,SI,SI,SI,NO,NO,NO,NO,Avenida Atahualpa N° 920
445,15.- HUANUCO,PASCO,OXAPAMPA,PALCAZÚ,580,AG,OPERATIVO,AG PALCAZU,08:45 a 16:45,SI,NO,SI,SI,SI,NO,SI,SI,NO,Avenida Juan Santos Atahualpa Mz. U Lt. 01
446,15.- HUANUCO,SAN MARTIN,TOCACHE,TOCACHE,588,PAP,OPERATIVO,PAP TOCACHE,08:45 a 16:45,SI,SI,SI,SI,SI,NO,SI,SI,SI,Jirón San Juan Cdra 7 S/N Centro Cívico
447,15.- HUANUCO,HUANUCO,HUANUCO,CHINCHAO,596,ORA,OPERATIVO,ORA ACOMAYO (MINSA),08:45 a 16:30,SI,NO,NO,SI,SI,SI,NO,NO,NO,Pasaje Iguarizo S/N Mz. 6 Lt. 02
448,15.- HUANUCO,SAN MARTIN,TOCACHE,TOCACHE,650,ORA,OPERATIVO,ORA HOSPITAL DE TOCACHE (MINSA),08:45 a 16:30,SI,NO,NO,SI,SI,SI,NO,NO,NO,Jirón Ricardo Palma N° 550
449,15.- HUANUCO,HUANUCO,HUANUCO,SANTA MARIA DEL VALLE,653,ORA,DESPLAZAMIENTO,ORA SANTA MARIA DEL VALLE (MINSA),08:45 a 16:30,SI,NO,NO,SI,SI,SI,NO,NO,NO,Jirón Libertad  S/N Intersección Carretera Central 
450,15.- HUANUCO,HUANUCO,HUANUCO ,AMARILIS ,749,ORA,OPERATIVO,ORA CARLOS SHOWING FERRARI (MINSA),08:45 a 16:30,SI,NO,NO,SI,SI,SI,NO,NO,NO,Jirón Micaela Bastidas S/N Paucarbamba 
451,15.- HUANUCO,PASCO,OXAPAMPA,OXAPAMPA,660,ORA,DESPLAZAMIENTO,ORA HOSPITAL ERNESTO GERMAN GUZMAN GONZALES (MINSA),08:45 a 16:30,SI,NO,NO,SI,SI,SI,NO,NO,NO,Jirón Eduardo Loechle S/N - Chontabamba
452,15.- HUANUCO,HUANUCO,HUANUCO,HUANUCO,802,MAC,OPERATIVO,MAC - HUANUCO,08:30 a 16:30,SI,SI,SI,SI,SI,NO,SI,SI,SI,"Jirón Independencia N° 1601, Centro Comercial Real Plaza, Primer Piso"
453,15.- HUANUCO,HUANUCO,PACHITEA,UMARI,597,ORA,DESPLAZAMIENTO,ORA TAMBILLO UMARI (MINSA),08:45 a 16:30,SI,NO,NO,SI,SI,SI,NO,NO,NO,Carretera Huanuco - Panao Km 37
454,15.- HUANUCO,HUANUCO,YAROWILCA,CHAVINILLO,644,ORA,DESPLAZAMIENTO,ORA CHAVINILLO (MINSA),08:45 a 16:30,SI,NO,NO,SI,SI,SI,NO,NO,NO,Avenida San Juan N° 102
455,15.- HUANUCO,PASCO,OXAPAMPA,CONSTITUCIÓN,548,AG,OPERATIVO,AG CONSTITUCION,08:45 a 16:45,NO,NO,SI,SI,SI,NO,NO,NO,NO,Avenida Fernando Belaunde S/N 4ta Etapa del Distrito de Constitución
456,16.- AMAZONAS,AMAZONAS,CHACHAPOYAS,CHACHAPOYAS,1,OR,OPERATIVO,OR CHACHAPOYAS,08:45 a 16:45,SI,SI,SI,SI,SI,NO,SI,SI,SI,Jirón Ortiz Arrieta 1135- 1137
457,16.- AMAZONAS,AMAZONAS,BAGUA,BAGUA,2,PAP,OPERATIVO,PAP BAGUA,08:45 a 16:45,SI,SI,SI,SI,SI,NO,SI,SI,SI,Jirón Los Cedros Nº 263
458,16.- AMAZONAS,AMAZONAS,BONGARA,JAZAN,3,AG,OPERATIVO,AG BONGARA,08:45 a 16:45,SI,NO,SI,SI,SI,NO,SI,SI,NO,Avenida Marginal  Nº 100 -Pedro Ruíz
459,16.- AMAZONAS,AMAZONAS,LUYA ,LUYA ,4,AG,OPERATIVO ,AG LUYA,08:45 a 16:45,SI,NO,SI,SI,SI,NO,NO,NO,NO,Jirón Diego Mori Zuta N° 447
460,16.- AMAZONAS,AMAZONAS,RODRIGUEZ DE MENDOZA,SAN NICOLÁS,5,AG,OPERATIVO PARCIAL,AG RODRIGUEZ DE MENDOZA,08:45 a 16:45,SI,NO,SI,SI,SI,NO,NO,NO,NO,Jirón Victor Mori N° 204
461,16.- AMAZONAS,AMAZONAS,CONDORCANQUI,NIEVA,6,PAP,OPERATIVO,PAP CONDORCANQUI,08:45 a 16:45,S,NO,SI,SI,SI,NO,SI,SI,NO,Calle Gonzalo puerta S/N
462,16.- AMAZONAS,AMAZONAS,UTCUBAMBA,BAGUA GRANDE,7,PAP,OPERATIVO,PAP UTCUBAMBA,08:45 a 16:45,SI,SI,SI,SI,SI,NO,SI,SI,SI,Jirón Simón Bolivar N° 545
463,16.- AMAZONAS,CAJAMARCA,JAEN,JAEN,158,OR,OPERATIVO,OR JAEN,08:45 a 16:45,SI,SI,SI,SI,SI,NO,SI,SI,SI,Calle Mariscal Ureta Nº 915
464,16.- AMAZONAS,CAJAMARCA,SAN IGNACIO,SAN IGNACIO,161,PAP,OPERATIVO,PAP SAN IGNACIO,08:45 a 16:45,SI,NO,SI,SI,SI,NO,SI,SI,NO,Pasaje Santa Rosa 107 - 109 - cuadra 1
465,16.- AMAZONAS,AMAZONAS,BAGUA,IMAZA,234,OR,OPERATIVO ,OR IMAZA,08:45 a 16:45,SI,SI,SI,SI,SI,SI,SI,SI,SI,Avenida Awajun 751 Centro Poblado Chiriaco
466,16.- AMAZONAS,AMAZONAS,CHACHAPOYAS,CHACHAPOYAS,363,ORA,OPERATIVO,ORA HOSPITAL REGIONAL VIRGEN DE FATIMA (MINSA),08:45 a 16:30,SI,SI,NO,SI,SI,SI,NO,NO,NO,Pasaje Daniel Alcides Carrión N° 035
467,16.- AMAZONAS,AMAZONAS,BAGUA,BAGUA,452,ORA,OPERATIVO,ORA HOSPITAL DE APOYO GUSTAVO LANATTA LUJAN (MINSA),08:45 a 16:30,SI,SI,NO,SI,SI,SI,NO,NO,NO,Avenida Héroes de Cenepa N°980
468,16.- AMAZONAS,CAJAMARCA,JAEN,JAEN,453,ORA,OPERATIVO,ORA HOSPITAL GENERAL DE JAEN (MINSA),08:45 a 16:30,SI,SI,NO,SI,SI,SI,NO,NO,NO,Prolongación Huamantanga s/n
469,16.- AMAZONAS,AMAZONAS,BAGUA,IMAZA,471,ORA,OPERATIVO,ORA CHIRIACO (MINSA),08:45 a 16:30,SI,SI,NO,SI,SI,SI,NO,NO,NO,Calle Junin S/N
470,16.- AMAZONAS,AMAZONAS,UTCUBAMBA,BAGUA GRANDE,472,ORA,OPERATIVO,ORA HOSPITAL DE APOYO SANTIAGO APOSTOL DE UTCUBAMBA (MINSA),08:45 a 16:30,SI,SI,NO,SI,SI,SI,NO,NO,NO,Jirón San Felipe Santiago N°111
471,16.- AMAZONAS,CAJAMARCA,SAN IGNACIO,SAN IGNACIO,476,ORA,OPERATIVO,ORA SAN IGNACIO (MINSA),08:45 a 16:30,SI,SI,NO,SI,SI,SI,NO,NO,NO,"Avenida Abelardo Quiñones S/N, Sector Santiago"
472,16.- AMAZONAS,AMAZONAS,BONGARA,FLORIDA,619,ORA,OPERATIVO ,ORA POMACOCHAS (MINSA),08:45 a 16:30,SI,SI,NO,SI,SI,SI,NO,NO,NO,Jirón Pomacochas S/N 
473,16.- AMAZONAS,AMAZONAS,CONDORCANQUI,NIEVA,344,ORA,OPERATIVO,ORA SANTA MARIA DE NIEVA (MINSA),08:45 a 16:30,SI,SI,NO,SI,SI,SI,NO,NO,NO,"Jirón Javier Pérez de Cuellar S/N 
Mz. N Lt. 03 Asent.Humano Héctor Peas Tsegkuan"
474,16.- AMAZONAS,AMAZONAS,UTCUBAMBA,LONYA GRANDE,652,ORA,OPERATIVO ,ORA LONYA GRANDE (MINSA),08:45 a 16:30,SI,SI,SI,SI,SI,SI,NO,NO,NO,Jirón Alto Amazonas 340
475,16.- AMAZONAS,AMAZONAS,CONDORCANQUI,RIO SANTIAGO,475,ORA,OPERATIVO,ORA GALILEA (MINSA),08:45 a 16:30,SI,SI,NO,SI,SI,SI,NO,NO,NO,Jirón La Amistad S/N
476,16.- AMAZONAS,CAJAMARCA,JAEN,PUCARA,720,PAP,OPERATIVO ,PAP PUCARA,08:45 a 16:45,SI,NO,SI,SI,SI,NO,NO,NO,NO,Jiron Lindo 548
