CENTROS DE ATENCIÓN DEL RENIEC A NIVEL NACIONAL A JULIO 2025;;;;;;;;;;;;;;;;;;;;;;;
;;;;;;;;;;;;;;;;;;;;;;;
N°;CODIGO SIO DNI NUM;DEPARTAMENTO;PROVINCIA;DISTRITO;OFICINAS REGIONALES/U.O.;TIPO DE LOCAL;SIGLA TIPO DE LOCAL;CENTRO DE ATENCIÓN;HORARIO DE ATENCIÓN AL PUBLICO;NOMBRE DE LA VIA;"ESTADO
Operativo: Atiente de lunes a viernes
Deplazamiento: Atiende de acuerdo a la programación de RENIEC"; ¿Este Centro de Atención toma fotografía? ; ¿Este Centro de Atención entrega DNI Electrónico? ; TRAMITE DE DNI MAYOR ; TRAMITE DE DNI MENOR ; ENTREGAS DE DNI ; INSCRIPCION DE REGISTROS CIVILES ; CERTIFICACION DE REGISTROS CIVILES ; CERTIFICACION DEL RUIPN ; EREP ;;;
1;53;LAMBAYEQUE;CHICLAYO;CHICLAYO;;;;ORA HOSPITAL REGIONAL DOCENTE LAS MERCEDES (MINSA);08:45 a 16:30 ;Avenida Luis Gonzáles  Nº 635;OPERATIVO;SI;SI;NO;SI;SI;SI;NO;NO;NO;;;
2;88;LAMBAYEQUE;CHICLAYO;CHICLAYO;;;;ORA HOSPITAL ALMANZOR AGUINAGA ASENJO (ESSALUD);08:45 a 16:30;Plaza Plaza de la Seguridad Social S/N;OPERATIVO;SI;SI;NO;SI;SI;SI;NO;NO;NO;;;
3;112;PIURA;SULLANA;SULLANA;;;;ORA HOSPITAL DE APOYO II-SULLANA (MINSA);08:45 a 16:30;Avenida Santa Rosa S/N;OPERATIVO;SI;SI;NO;SI;SI;SI;NO;NO;NO;;;
4;155;CAJAMARCA;CUTERVO;CUTERVO;;;;PAP CUTERVO;08:45 a 16:45;Jirón Comercio N° 1105-1107 Mz. 203 Lt. 14-Urb. Los Jardines ;OPERATIVO;SI;SI;SI;SI;SI;NO;SI;SI;SI;;;
5;156;CAJAMARCA;CHOTA;CHOTA;;;;AG CHOTA;08:45 a 16:45;Jirón 30 de Agosto N° 848;OPERATIVO;SI;SI;SI;SI;SI;NO;SI;SI;SI;;;
6;159;CAJAMARCA;SANTA CRUZ;SANTA CRUZ;;;;PAP SANTA CRUZ;08:45 a 16:45;Jirón Domingo Negrón Nº 399;OPERATIVO;NO;NO;SI;SI;SI;NO;SI;SI;NO;;;
7;179;LAMBAYEQUE;CHICLAYO;JOSE LEONARDO ORTIZ;;;;OR JOSÉ LEONARDO ORTIZ;08:45 a 16:45;Calle Cacique Cinto Nº 317 Urb. Latina;OPERATIVO;SI;SI;SI;SI;SI;SI;SI;SI;SI;;;
8;351;LAMBAYEQUE;CHICLAYO;CHICLAYO;;;;OR CHICLAYO;08:45 a 16:45;Avenida Balta N° 680 y esquina con Av. Elias Aguirre;OPERATIVO;SI;SI;SI;SI;SI;SI;SI;SI;SI;;;
9;352;LAMBAYEQUE;FERREÑAFE;FERREÑAFE;;;;PAP FERREÑAFE;08:45 a 16:45;Calle Tres Marías Nº 717 – B;OPERATIVO;NO;NO;SI;SI;SI;NO;SI;SI;NO;;;
10;353;LAMBAYEQUE;LAMBAYEQUE;LAMBAYEQUE;;;;PAP LAMBAYEQUE;08:45 a 16:45;Avenida Huamachuco N° 342;OPERATIVO;SI;SI;SI;SI;SI;NO;SI;SI;SI;;;
11;473;CAJAMARCA;CUTERVO;CUTERVO;;;;ORA SANTA MARIA DE CUTERVO (MINSA);08:45 a 16:30;Jirón Ica S/N;OPERATIVO;SI;SI;NO;SI;SI;SI;NO;NO;NO;;;
12;474;CAJAMARCA;CHOTA;CHOTA;;;;ORA HOSPITAL DE APOYO CHOTA - JOSE SOTO CADENILLAS (MINSA);08:45 a 16:30;Jirón Ezequiel Montoya Nª 718;OPERATIVO;SI;SI;NO;SI;SI;SI;NO;NO;NO;;;
13;521;PIURA;PIURA;PIURA;;;;OR PIURA;08:45 a 16:45;Calle Libertad Nº 568;OPERATIVO;SI;SI;SI;SI;SI;SI;SI;SI;SI;;;
14;522;PIURA;AYABACA;AYABACA;;;;PAP AYABACA;08:45 a 16:45;Calle Bolognesi N° 181;OPERATIVO;NO;NO;SI;SI;SI;NO;SI;SI;NO;;;
15;523;PIURA;HUANCABAMBA;HUANCABAMBA;;;;PAP HUANCABAMBA;08:45 a 16:45; Complejo Terminal Terrestre S/N - Stand 14;OPERATIVO;NO;NO;SI;SI;SI;NO;NO;NO;NO;;;
16;524;PIURA;MORROPON;CHULUCANAS;;;;AG CHULUCANAS;08:45 a 16:45;Jirón Cuzco N° 202;OPERATIVO;SI;SI;SI;SI;SI;NO;SI;SI;SI;;;
17;525;PIURA;PAITA;PAITA;;;;PAP PAITA;08:45 a 16:45;Jirón San Martin S/N Plaza de Armas - Municipalidad de Paita;OPERATIVO;SI;NO;SI;SI;SI;NO;SI;SI;NO;;;
18;526;PIURA;SULLANA;SULLANA;;;;OR SULLANA;08:45 a 16:45;Calle Leoncio Prado Nº 517 ;OPERATIVO;SI;SI;SI;SI;SI;SI;SI;SI;SI;;;
19;527;PIURA;TALARA;PARIÑAS;;;;AG TALARA;08:45 a 16:45;Avenida Mártires Petroleros B-3 Conjunto Habitacional - Talara;OPERATIVO;SI;SI;SI;SI;SI;NO;SI;SI;SI;;;
20;528;PIURA;SECHURA;SECHURA;;;;PAP SECHURA;08:45 a 16:45;Calle Dos de Mayo Nº 618 - Plaza de Armas - Municipalidad de Sechura;OPERATIVO;SI;NO;SI;SI;SI;NO;SI;SI;NO;;;
21;531;PIURA;PIURA;TAMBO GRANDE;;;;PAP TAMBOGRANDE;08:45 a 16:45;Jirón Piura 375;OPERATIVO;SI;NO;SI;SI;SI;NO;SI;SI;NO;;;
22;576;PIURA;PIURA;PIURA;;;;MAC - PIURA;08:30 a 16:30;Avenida Sanchez Cerro con Wiesse Centro Comercial Real Plaza;OPERATIVO;SI;SI;SI;SI;SI;NO;SI;SI;SI;;;
23;611;PIURA;PAITA;PAITA;;;;ORA HOSPITAL LAS MERCEDES-PAITA (MINSA);08:45 a 16:30; Zona Industrial Sector II Mz. H Lt. 1 Jr. Los Pescadores S/N ;OPERATIVO;SI;SI;NO;SI;SI;SI;NO;NO;NO;;;
24;641;TUMBES;TUMBES;TUMBES;;;;OR TUMBES;08:45 a 16:45;Avenida Tumbes Norte  Nº 550;OPERATIVO;SI;SI;SI;SI;SI;SI;SI;SI;SI;;;
25;642;TUMBES;CONTRALMIRANTE VILLAR;ZORRITOS;;;;PANP CONTRALMIRANTE VILLAR - ZORRITOS;08:45 a 16:45;Avenida Grau Nº 305;DESPLAZAMIENTO;NO;NO;SI;SI;SI;NO;NO;NO;NO;;;
26;643;TUMBES;ZARUMILLA;ZARUMILLA;;;;PAP ZARUMILLA;08:45 a 16:45;Avenida El Ejérrcito Nº 105 - Interior Biblioteca Municipal;OPERATIVO;SI;NO;SI;SI;SI;NO;SI;SI;NO;;;
27;721;PIURA;PIURA;TAMBO GRANDE;;;;ORA TAMBO GRANDE (MINSA);08:45 a 16:30;Avenida Froilan Alama,, AA.HH.Froilan Alama;OPERATIVO;SI;SI;NO;SI;SI;SI;NO;NO;NO;;;
28;731;LAMBAYEQUE;LAMBAYEQUE;LAMBAYEQUE;;;;ORA HOSPITAL PROVINCIAL DOCENTE BELEN-LAMBAYEQUE (MINSA);08:45 a 16:30;Avenida Ramón Castilla Nº 597;OPERATIVO;SI;SI;NO;SI;SI;SI;NO;NO;NO;;;
29;732;TUMBES;TUMBES;TUMBES;;;;ORA HOSPITAL REGIONAL JOSE ALFREDO MENDOZA OLAVARRIA JAMO II-2 (MINSA);08:45 a 16:30;Avenida 24 de Julio Nº 565 ;OPERATIVO;SI;SI;NO;SI;SI;SI;NO;NO;NO;;;
30;609;PIURA;PIURA;CATACAOS;;;;ORA CENTRO DE SALUD MATERNO INFANTIL-CATACAOS (MINSA);08:45 a 16:30;Avenida Cayetano Heredia 1108 - Catacos;OPERATIVO;SI;SI;NO;SI;SI;SI;NO;NO;NO;;;
31;87;PIURA;PIURA;VEINTISEIS DE OCTUBRE;;;;ORA HOSPITAL DE LA AMISTAD PERU - COREA SANTA ROSA II-2 (MINSA);08:45 a 16:30;Avenida Prolongación Av. Grau/Av. Chulucanas ;OPERATIVO;SI;SI;NO;SI;SI;SI;NO;NO;NO;;;
32;760;LAMBAYEQUE;CHICLAYO;CHICLAYO;;;;ORA HOSPITAL REGIONAL LAMBAYEQUE (MINSA);08:45 a 16:30;Avenida Intersección de Carretera Panamerica Norte y Vía de Evitamiento S/N;OPERATIVO;SI;SI;NO;SI;SI;SI;NO;NO;NO;;;
33;610;PIURA;MORROPON;CHULUCANAS;;;;ORA HOSPITAL DE APOYO CHULUCANAS (MINSA);08:45 a 16:30;Calle Daniel alcides carrion S/N Asent .H. vate manrique;OPERATIVO;SI;SI;NO;SI;SI;SI;NO;NO;NO;;;
34;600016;LAMBAYEQUE;CHICLAYO;CHICLAYO;;;;AGENTE RENIEC - OR CHICLAYO;08:45 a 16:45;Avenida Balta N° 680 y esquina con Av. Elias Aguirre;OPERATIVO;NO;NO;SI;NO;NO;NO;SI;NO;NO;;;
35;600022;PIURA;PIURA;PIURA;;;;AGENTE RENIEC - OR PIURA;08:45 a 16:45;Calle Libertad Nº 568;OPERATIVO;NO;NO;SI;NO;NO;NO;SI;NO;NO;;;
36;45;LA LIBERTAD;TRUJILLO;TRUJILLO;;;;ORA REGIONAL DOCENTE DE TRUJILLO (MINSA);08:45 a 13:00 - 14:00 a 16:30;Avenida Mansiche Nº 795;OPERATIVO;SI;NO;NO;SI;SI;SI;NO;NO;NO;;;
37;86;CAJAMARCA;CAJAMARCA;CAJAMARCA;;;;ORA REGIONAL CAJAMARCA (MINSA);08:45 a 13:00 - 14:00 a 16:30 ;Jirón Larry Jhonson S/N Cdra. 8;OPERATIVO;SI;NO;NO;SI;SI;SI;NO;NO;NO;;;
38;139;LA LIBERTAD;TRUJILLO;TRUJILLO;;;;ORA HOSPITAL BELEN DE TRUJILLO (MINSA);08:45 a 16:30;Calle Bolívar Nº 350;OPERATIVO;SI;NO;NO;SI;SI;SI;NO;NO;NO;;;
39;151;CAJAMARCA;CAJAMARCA;CAJAMARCA;;;;OR CAJAMARCA;08:45 a 16:45;Jirón Del Comercio Nº 633;OPERATIVO;SI;SI;SI;SI;SI;SI;SI;SI;SI;;;
40;152;CAJAMARCA;CAJABAMBA;CAJABAMBA;;;;PAP CAJABAMBA;08:45 a 16:45;Jirón Miguel Grau Nº 224-226-228 Mz. 31 Lt. 2 ;OPERATIVO;SI;NO;SI;SI;SI;NO;SI;SI;NO;;;
41;153;CAJAMARCA;CELENDIN;CELENDÍN;;;;PAP CELENDIN;08:45 a 16:45;Jirón Pardo N° 610;OPERATIVO;SI;NO;SI;SI;SI;NO;SI;SI;NO;;;
42;154;CAJAMARCA;CONTUMAZA;CONTUMAZÁ;;;;PAP CONTUMAZA;08:45 a 13:00 - 14:00 a 16:45 ;Jirón Miguel Grau Nº 212;OPERATIVO;NO;NO;SI;SI;SI;NO;SI;SI;NO;;;
43;157;CAJAMARCA;HUALGAYOC;BAMBAMARCA;;;;PAP HUALGAYOC;08:45 a 16:45;Jirón 07 de Junio Nº 470;OPERATIVO;SI;NO;SI;SI;SI;NO;SI;SI;NO;;;
44;160;CAJAMARCA;SAN MIGUEL;SAN MIGUEL;;;;PAP SAN MIGUEL;08:45 a 13:00 - 14:00 a 16:45 ;Jirón Bolognesi N° 364;OPERATIVO;NO;NO;SI;SI;SI;NO;NO;NO;NO;;;
45;162;CAJAMARCA;SAN MARCOS;PEDRO GÁLVEZ;;;;PAP SAN MARCOS;08:45 a 16:45;Jirón Alfonso Ugarte N° 325 (Mz. 46 Lt. 17 Centro Poblado San Marcos).;OPERATIVO;NO;NO;SI;SI;SI;NO;SI;SI;NO;;;
46;163;CAJAMARCA;SAN PABLO;SAN PABLO;;;;PAP SAN PABLO;08:45 a 13:00 - 14:00 a 16:45 ;Jirón Plaza de Armas S/N;OPERATIVO;NO;NO;SI;SI;SI;NO;SI;SI;NO;;;
47;173;LA LIBERTAD;TRUJILLO;VICTOR LARCO HERRERA;;;;OR TRUJILLO II;08:45 a 16:45;Avenida Víctor Larco N° 1096. Urb. Vista Alegre;OPERATIVO;SI;SI;SI;SI;SI;SI;SI;SI;SI;;;
48;293;LA LIBERTAD;PATAZ;PARCOY;;;;OR PARCOY;08:45 a 13:00 - 14:00 a 16:45 ;Jirón San Martín N° 859;OPERATIVO;SI;NO;SI;SI;SI;SI;SI;SI;NO;;;
49;310;LA LIBERTAD;TRUJILLO;TRUJILLO;;;;OR TRUJILLO ;08:45 a 16:45;Avenida Pablo Casals Mz. A Lt. 6 Urb. Los Cedros;OPERATIVO;SI;SI;SI;SI;SI;SI;SI;SI;SI;;;
50;311;LA LIBERTAD;BOLIVAR;BOLÍVAR;;;;PAP BOLIVAR;08:45 a 13:00 - 14:00 a 16:45 ;Jirón Bolivar S/N - Mz. 20 Lt. 8;OPERATIVO;NO;NO;SI;SI;SI;NO;SI;SI;NO;;;
51;312;LA LIBERTAD;SANCHEZ CARRION;HUAMACHUCO;;;;AG SANCHEZ CARRION;08:45 a 16:45;Jirón Alfonso Ugarte N° 567;OPERATIVO;SI;SI;SI;SI;SI;NO;SI;SI;SI;;;
52;313;LA LIBERTAD;OTUZCO;OTUZCO;;;;AG OTUZCO;08:45 a 16:45;Pasaje Elías Armas Castillo Lt. 5-E1 Mz. 28;OPERATIVO;SI;SI;SI;SI;SI;NO;SI;SI;SI;;;
53;314;LA LIBERTAD;PACASMAYO;SAN PEDRO DE LLOC;;;;AG PACASMAYO;08:45 a 16:45;Jirón Alianza Nº 524;OPERATIVO;SI;SI;SI;SI;SI;NO;SI;SI;SI;;;
54;316;LA LIBERTAD;SANTIAGO DE CHUCO;SANTIAGO DE CHUCO;;;;PAP SANTIAGO DE CHUCO;08:45 a 13:00 - 14:00 a 16:45 ;Calle Luis de La Puente Uceda  Nº 1120;OPERATIVO;NO;NO;SI;SI;SI;NO;SI;SI;NO;;;
55;317;LA LIBERTAD;ASCOPE;ASCOPE;;;;PAP ASCOPE;08:45 a 16:45;Calle Miguel Grau N° 879, Ascope - 1er Piso;OPERATIVO;NO;NO;SI;SI;SI;NO;SI;SI;NO;;;
56;318;LA LIBERTAD;CHEPEN;CHEPEN;;;;PAP CHEPEN;08:45 a 16:45;Calle Manuel Seoane  N° 136. Chepen;OPERATIVO;SI;NO;SI;SI;SI;NO;SI;SI;NO;;;
57;320;LA LIBERTAD;GRAN CHIMU;CASCAS;;;;PAP GRAN CHIMU;08:45 a 13:00 - 14:00 a 16:45 ;Jr. San Martin S/N ;OPERATIVO;NO;NO;SI;SI;SI;NO;SI;SI;NO;;;
58;321;LA LIBERTAD;VIRU;VIRU;;;;PAP VIRU;08:45 a 16:45;  Mz. A Lt. N° 08 Urb. Las Palmeras;OPERATIVO;SI;NO;SI;SI;SI;NO;SI;SI;NO;;;
59;358;CAJAMARCA;HUALGAYOC;BAMBAMARCA;;;;ORA BAMBAMARCA - TITO VILLAR CABEZAS (MINSA);08:45 a 13:00 - 14:00 a 16:30;Caserío El Frutillo. Bambamarca;OPERATIVO;SI;NO;NO;SI;SI;SI;NO;NO;NO;;;
60;359;CAJAMARCA;CELENDIN;CELENDÍN;;;;ORA DE APOYO CELENDIN (MINSA);08:45 a 13:00 - 14:00 a 16:30 ;Avenida Túpac Amaru Cdra. 4;OPERATIVO;SI;NO;NO;SI;SI;SI;NO;NO;NO;;;
61;360;CAJAMARCA;CAJABAMBA;CAJABAMBA;;;;ORA HOSPITAL NUESTRA SEÑORA DEL ROSARIO (MINSA);08:45 a 13:00 - 14:00 a 16:30;Jirón La Torre N° 277;OPERATIVO;SI;NO;NO;SI;SI;SI;NO;NO;NO;;;
62;361;CAJAMARCA;SAN MARCOS;PEDRO GÁLVEZ;;;;ORA SAN MARCOS (MINSA);08:45 a 13:00 - 14:00 a 16:30;Avenida 28 de Julio S/N Cdra.2;OPERATIVO;SI;NO;NO;SI;SI;SI;NO;NO;NO;;;
63;508;LA LIBERTAD;TRUJILLO;EL PORVENIR;;;;OR EL PORVENIR;08:45 a 16:45;Jirón Gabriel Aguilar Nº 1657. 2do piso.;OPERATIVO;SI;SI;SI;SI;SI;SI;SI;SI;SI;;;
64;569;LA LIBERTAD;TRUJILLO;ALTO TRUJILLO;;;;OR ALTO TRUJILLO;08:45 a 16:45; Barrio 3 Mz T Lt. 2;OPERATIVO;SI;SI;SI;SI;SI;SI;SI;SI;SI;;;
65;592;CAJAMARCA;CAJAMARCA;CAJAMARCA;;;;ORA SIMON BOLIVAR (MINSA);08:45 a 13:00 - 14:00 a 16:30;Avenida Mario Urteaga N° 500;OPERATIVO;SI;NO;NO;SI;SI;SI;NO;NO;NO;;;
66;593;LA LIBERTAD;PACASMAYO;GUADALUPE;;;;ORA DE APOYO TOMÁS LAFORA (MINSA);08:45 a 13:00 - 14:00 a 16:30;Calle La Victoria S/N;OPERATIVO;SI;NO;NO;SI;SI;SI;NO;NO;NO;;;
67;602;CAJAMARCA;CAJAMARCA;LOS BAÑOS DEL INCA;;;;ORA BAÑOS DEL INCA (MINSA);08:45 a 13:00 - 14:00 a 16:30;Jirón Pachacútec N° 489;DESPLAZAMIENTO;SI;NO;NO;SI;SI;SI;NO;NO;NO;;;
68;604;LA LIBERTAD;TRUJILLO;LA ESPERANZA;;;;ORA DISTRITAL JERUSALEN (MINSA);08:45 a 13:00 - 14:00 a 16:30 ;Pasaje 1 Barrio 3 Mz. 20 Lt. 02 Sector Jerusalén;OPERATIVO;SI;NO;NO;SI;SI;SI;NO;NO;NO;;;
69;605;LA LIBERTAD;PATAZ;CHILLIA;;;;AG CHILLIA;08:45 a 13:00 - 14:00 a 16:45 ;Jirón Miraflores S/N;OPERATIVO;SI;NO;SI;SI;SI;NO;SI;SI;NO;;;
70;613;LA LIBERTAD;SANTIAGO DE CHUCO;SANTIAGO DE CHUCO;;;;ORA DE APOYO CESAR ABRAHAM VALLEJO MENDOZA (MINSA);08:45 a 13:00 - 14:00 a 16:30 ;Calle Gustavo Pinillo S/N - Barrio San Cristobal;OPERATIVO;SI;NO;NO;SI;SI;SI;NO;NO;NO;;;
71;614;LA LIBERTAD;CHEPEN;CHEPEN;;;;ORA DE APOYO CHEPEN (MINSA);08:45 a 13:00 - 14:00 a 16:30 ;Avenida 28 de Julio S/N;DESPLAZAMIENTO;SI;NO;NO;SI;SI;SI;NO;NO;NO;;;
72;615;LA LIBERTAD;SANCHEZ CARRION;HUAMACHUCO;;;;ORA DE APOYO LEONCIO PRADO (MINSA);08:45 a 13:00 - 14:00 a 16:30 ;Avenida 10 de Julio N° 209;OPERATIVO;SI;NO;NO;SI;SI;SI;NO;NO;NO;;;
73;616;LA LIBERTAD;OTUZCO;OTUZCO;;;;ORA DE APOYO OTUZCO ELPIDIO BEROVIDES PEREZ (MINSA);08:45 a 13:00 - 14:00 a 16:30 ;Calle Progreso N° 385;OPERATIVO;SI;NO;NO;SI;SI;SI;NO;NO;NO;;;
74;617;LA LIBERTAD;ASCOPE;PAIJAN;;;;ORA PAIJAN (MINSA);08:45 a 13:00 - 14:00 a 16:30 ;Carretera Vía Panamericana S/N Sector Manco Capac;DESPLAZAMIENTO;SI;NO;NO;SI;SI;SI;NO;NO;NO;;;
75;795;CAJAMARCA;CAJAMARCA;CAJAMARCA;;;;MAC - CAJAMARCA;08:30 a 16:30;Avenida Via De Evitamiento. Jr. El Mutuy y Av. La Cantuta - Cajamarca - Centro Comercial Real Plaza 2do. Piso;OPERATIVO;SI;SI;SI;SI;SI;NO;SI;SI;SI;;;
76;46;LA LIBERTAD;VIRU;VIRU;;;;ORA PROVINCIAL DE VIRÚ (MINSA);08:45 a 13:00 - 14:00 a 16:30;Calle Sucre Nº 799;OPERATIVO;SI;NO;NO;SI;SI;SI;NO;NO;NO;;;
77;722;LA LIBERTAD;TRUJILLO;TRUJILLO;;;;ORA HOSPITAL VÍCTOR LAZARTE ECHEGARAY (ESSALUD);08:45 a 13:00 - 14:00 a 16:30 ;Avenida Prolongación Unión 1375;OPERATIVO;SI;NO;NO;SI;SI;SI;NO;NO;NO;;;
78;319;CAJAMARCA;CONTUMAZA;CHILETE;;;;PANP CHILETE;08:45 a 13:00 - 14:00 a 16:45 ;Jr. Arequipa N° 330;DESPLAZAMIENTO;NO;NO;SI;SI;SI;NO;NO;NO;NO;;;
79;;LA LIBERTAD;JULCAN;JULCAN;;;;PAP JULCAN;08:45 a 13:00 - 14:00 a 16:46;Avenida 28 de Julio N° 201, Centro Cívico;OPERATIVO;NO;NO;SI;SI;SI;NO;NO;NO;NO;;;
80;;LA LIBERTAD;TRUJILLO;TRUJILLO;;;;AGENTE RENIEC - OR TRUJILLO;08:45 a 16:45;Avenida Pablo Casals Mz. A Lt. 6 Urb. Los Cedros;OPERATIVO;NO;NO;SI;NO;NO;NO;SI;NO;NO;;;
81;109;SAN MARTIN;SAN MARTIN;TARAPOTO;;;;ORA HOSPITAL TARAPOTO (MINSA);08:45 a 16:30;Jirón Angel Delgado Morey Nº 503;OPERATIVO;NO;NO;NO;SI;SI;SI;NO;NO;NO;;;
82;120;LORETO;DATEM DEL MARAÑON;BARRANCA;;;;PAP DATEM DEL MARAÑON;08:45 a 16:45;Calle Tigre Mz. 31 Lt. 08 - San Lorenzo;OPERATIVO;SI;NO;SI;SI;SI;NO;SI;SI;NO;;;
83;331;SAN MARTIN;RIOJA;NUEVA CAJAMARCA;;;;AG NUEVA CAJAMARCA;08:45 a 16:45;Carretera Fernando Belaunde Terry Altura del Km. 447.50 ;OPERATIVO;SI;NO;SI;SI;SI;NO;SI;SI;NO;;;
84;432;LORETO;ALTO AMAZONAS;YURIMAGUAS;;;;AG ALTO AMAZONAS;08:45 a 16:45;Calle Mariscal Castilla N° 411;OPERATIVO;SI;SI;SI;SI;SI;NO;SI;SI;SI;;;
85;543;SAN MARTIN;MOYOBAMBA ;MOYOBAMBA;;;;ORA HOSPITAL MOYOBAMBA (MINSA);08:45 a 16:30;Jirón Grau cuadra 4;OPERATIVO;SI;NO;NO;SI;SI;SI;NO;NO;NO;;;
86;581;SAN MARTIN;MOYOBAMBA ;MOYOBAMBA;;;;AG MOYOBAMBA;08:45 a 16:45;Jirón Dos de Mayo Mz. 1530 Lt. 14 (837);OPERATIVO;SI;SI;SI;SI;SI;NO;SI;SI;SI;;;
87;582;SAN MARTIN;HUALLAGA;SAPOSOA;;;;AG HUALLAGA;08:45 a 16:45;Jirón Lima N° 591;OPERATIVO;SI;NO;SI;SI;SI;NO;SI;SI;NO;;;
88;583;SAN MARTIN;LAMAS;LAMAS;;;;AG LAMAS;08:45 a 16:45;Jirón San Martín N° 984;OPERATIVO;SI;SI;SI;SI;SI;NO;SI;SI;SI;;;
89;584;SAN MARTIN;MARISCAL CACERES;JUANJUI;;;;AG MARISCAL CACERES;08:45 a 16:45;Jirón Eduardo Peña Meza N° 772 ;OPERATIVO;SI;SI;SI;SI;SI;NO;SI;SI;SI;;;
90;585;SAN MARTIN;RIOJA;RIOJA;;;;OR RIOJA;08:45 a 16:45;Jirón Angaiza N° 530;OPERATIVO;SI;SI;SI;SI;SI;SI;SI;SI;SI;;;
91;586;SAN MARTIN;SAN MARTIN ;TARAPOTO;;;;OR TARAPOTO;08:45 a 16:45;Jirón Jiménez Pimentel N° 280 ;OPERATIVO;SI;SI;SI;SI;SI;SI;SI;SI;SI;;;
92;587;SAN MARTIN;BELLAVISTA;BELLAVISTA;;;;AG BELLAVISTA;08:45 a 16:45;Jirón Huallaga - Iquitos Mz. 7 Lt. 27 - A.  1er. Piso;OPERATIVO;SI;SI;SI;SI;SI;NO;SI;SI;SI;;;
93;589;SAN MARTIN;PICOTA;PICOTA;;;;AG PICOTA;08:45 a 16:45;Jirón Simón Bolívar, cuadra 4;OPERATIVO;SI;NO;SI;SI;SI;NO;SI;SI;NO;;;
94;590;SAN MARTIN;EL DORADO ;SAN JOSE DE SISA;;;;AG EL DORADO;08:45 a 16:45;Jirón Comercio N° 610;OPERATIVO;NO;NO;SI;SI;SI;NO;NO;NO;NO;;;
95;601;LORETO;DATEM DEL MARAÑON;BARRANCA;;;;ORA SAN LORENZO - NUCLEO BASE (MINSA);08:45 a 16:30;Barrio Daniel Alcides Carrión S/N - Barrio Huacachina;OPERATIVO;SI;NO;NO;SI;SI;SI;NO;NO;NO;;;
96;612;SAN MARTIN;SAN MARTIN ;LA BANDA DE SHILCAYO;;;;AG LA BANDA DE SHILCAYO;08:45 a 16:45;Jirón Yurimaguas N° 340;OPERATIVO;SI;SI;SI;SI;SI;NO;SI;SI;SI;;;
97;632;SAN MARTIN;MARISCAL CACERES;JUANJUI;;;;ORA HOSPITAL JUANJUI (MINSA);08:45 a 16:30;Jirón Arica N° 205;OPERATIVO;SI;NO;NO;SI;SI;SI;NO;NO;NO;;;
98;658;SAN MARTIN;RIOJA;RIOJA;;;;ORA HOSPITAL DE RIOJA (MINSA);08:45 a 16:30;Jirón Túpac Amaru S/N;OPERATIVO;SI;NO;NO;SI;SI;SI;NO;NO;NO;;;
99;509;LORETO;ALTO AMAZONAS;LAGUNAS;;;;AG LAGUNAS;08:45 a 16:45;Jirón FITZCARRALD C-9;OPERATIVO;SI;NO;SI;SI;SI;NO;NO;NO;NO;;;
100;983;SAN MARTIN;SAN MARTIN;MORALES;;;;PANP MORALES;08:45 a 16:45;Jirón Tarapoto N° 116 Plaza de Armas;OPERATIVO;SI;NO;SI;SI;SI;NO;SI;SI;NO;;;
101;603;LORETO;ALTO AMAZONAS;YURIMAGUAS;;;;ORA HOSPITAL SANTA GEMA YURIMAGUAS (MINSA);08:45 a 16:30;CALLE HUALLAGA  C-4;OPERATIVO;SI;NO;NO;SI;SI;SI;NO;NO;NO;;;
102;55;LORETO;MAYNAS;PUNCHANA;;;;"ORA HOSPITAL REGIONAL DE LORETO ""FELIPE ARRIOLA IGLESIAS""";08:45 a 16:30;Avenida 28 de Julio S/N;OPERATIVO;SI;NO;NO;SI;SI;SI;NO;NO;NO;;;
103;85;LORETO;MAYNAS;IQUITOS;;;;"ORA HOSPITAL IQUITOS ""CESAR GARAYAR GARCIA""";08:45 a 16:30;Calle Cornejo Portugal 1710;OPERATIVO;SI;NO;NO;SI;SI;SI;NO;NO;NO;;;
104;332;LORETO;MAYNAS;BELÉN;;;;OR BELEN;08:45 a 16:45;Calle Miraflores S/N P. J. 09 de Octubre;OPERATIVO;SI;NO;SI;SI;SI;SI;SI;SI;NO;;;
105;431;LORETO;MAYNAS;IQUITOS;;;;OR IQUITOS;08:45 a 16:45;Jirón Próspero Nº 201;OPERATIVO;SI;SI;SI;SI;SI;SI;SI;SI;SI;;;
106;433;LORETO;LORETO;NAUTA;;;;PAP NAUTA;08:45 a 16:45;Cal. Manuel Pacaya N° 570 centro cívico;OPERATIVO;SI;NO ;SI;SI;SI;NO;SI;SI;NO;;;
107;434;LORETO;REQUENA;REQUENA;;;;PAP REQUENA;08:45 a 16:45;Calle San Antonio S/N Anexo Hotel Municipal;OPERATIVO;SI;NO ;SI;SI;SI;NO;SI;SI;NO;;;
108;436;LORETO;MARISCAL RAMON CASTILLA;RAMON CASTILLA;;;;PAP MARISCAL RAMON CASTILLA - CABALLOCOCHA;08:45 a 16:45;Calle Ayacucho Mz. 22 Lt. 4 C con Amazonas S/N - Local Municipal;OPERATIVO;SI;NO ;SI;SI;SI;NO;SI;SI;NO;;;
109;438;LORETO;MAYNAS;SAN JUAN BAUTISTA;;;;OR SAN JUAN BAUTISTA;08:45 a 16:45;Avenida Abelardo Quiñones Nº 2371 Km. 2.5 ;OPERATIVO;SI;NO ;SI;SI;SI;SI;SI;SI;NO;;;
110;439;LORETO;MARISCAL RAMON CASTILLA;YAVARI;;;;PAP YAVARI;08:45 a 16:45;Calle Nueva Jerusalen S/N Local Municipal;OPERATIVO;NO;NO ;SI;SI;SI;NO;NO;NO;NO;;;
111;440;LORETO;PUTUMAYO;PUTUMAYO;;;;PAP PUTUMAYO;08:45 a 16:45;Calle Arequipa S/N;OPERATIVO;NO;NO ;SI;SI;SI;NO;NO;NO;NO;;;
112;449;LORETO;MAYNAS;PUNCHANA;;;;PAP PUNCHANA;08:45 a 16:45;Calle Cusco S/N, cuadra 5, esquina con Trujillo.;OPERATIVO;SI;NO ;SI;SI;SI;NO;SI;NO;NO;;;
113;645;LORETO;REQUENA;REQUENA;;;;ORA REQUENA;08:45 a 16:30;Calle Mártires del Petroléo S/N - Malecon Grau;OPERATIVO;SI;NO ;NO;SI;SI;SI;NO;NO;NO;;;
114;711;LORETO;MARISCAL RAMON CASTILLA;RAMON CASTILLA;;;;ORA CABALLOCOCHA;08:45 a 16:30;Calle Progreso N° 425;OPERATIVO;si;NO ;NO;SI;SI;SI;NO;NO;NO;;;
115;806;LORETO;MAYNAS;PUNCHANA;;;;MAC - LORETO;08:30 a 16:30;Avenida La Marina Nº  1338;OPERATIVO;SI;NO ;SI;SI;SI;NO;SI;SI;NO;;;
116;600019;LORETO;MAYNAS;IQUITOS;;;;AGENTE RENIEC - OR IQUITOS;08:45 a 16:45;Jirón Próspero Nº 201;OPERATIVO;NO;NO;SI;NO;NO;NO;SI;NO;NO;;;
117;339;LORETO;PUTUMAYO;TENIENTE MANUEL CLAVERO;;;;PANP SOPLIN VARGAS;08:45 a 16:45;Plaza de armas S/N;OPERATIVO;NO;NO ;SI;SI;SI;NO;NO;NO;NO;;;
118;33;ANCASH;SANTA;CHIMBOTE;;;;OR SANTA;08:45 a 16:45;Jirón Enrique Palacios Nº 504-506 esquina con Jr. Ladislao Espinar Nº 401;OPERATIVO;SI;SI;SI;SI;SI;SI;SI;SI;SI;;;
119;;ANCASH;SANTA;CHIMBOTE;;;;AGENTE RENIEC - MEGA PLAZA CHIMBOTE;08:45 a 16:45; Mz. B Lt. 1-A-1-A2 Sector Parque Gran Chavín, Centro Comercial Megaplaza Chimbote;OPERATIVO;NO;NO;NO;NO;NO;NO;SI;SI;NO;;;
120;1182;ANCASH;SANTA;CHIMBOTE;;;;MAC - ANCASH;08:30 a 16:30; Mz. B Lt. 1-A-1-A2 Sector Parque Gran Chavín, Centro Comercial Megaplaza Chimbote;OPERATIVO;SI;SI;SI;SI;SI;NO;SI;SI;SI;;;
121;137;ANCASH;SANTA;NUEVO CHIMBOTE;;;;AG NUEVO CHIMBOTE;08:45 a 16:45; Mz. 74-75 Lt. 1 del Centro Cívico de la Municipalidad Distrital de Nuevo Chimbote;OPERATIVO;SI;SI;SI;SI;SI;NO;SI;SI;SI;;;
122;21;ANCASH;HUARAZ;HUARAZ;;;;AG HUARAZ;08:45 a 16:45;Jirón Agustin Loly N° 756, Mz. 29A Lt. 27, Barrio La Soledad Alta, intersección con Jr. Agustin Mejía;OPERATIVO;SI;SI;SI;SI;SI;NO;SI;SI;SI;;;
123;27;ANCASH;HUAYLAS;CARAZ;;;;AG HUAYLAS;08:45 a 16:45;Jirón Raimondi N° 215;OPERATIVO;SI;SI;SI;SI;SI;NO;SI;SI;SI;;;
124;28;ANCASH;HUARI;HUARI;;;;AG HUARI;08:45 a 16:45;Jirón Libertad Mz. P2 Lt. 003;OPERATIVO;SI;SI;SI;SI;SI;NO;SI;SI;SI;;;
125;31;ANCASH;POMABAMBA;POMABAMBA;;;;AG POMABAMBA;08:45 a 16:45;Jirón Huaraz Nº 369;OPERATIVO;SI;SI;SI;SI;SI;NO;SI;SI;SI;;;
126;34;ANCASH;SIHUAS;SIHUAS;;;;AG SIHUAS;08:45 a 16:45;Jirón Gomes Arias 106, Barrio Pingullo Alto;OPERATIVO;SI;SI;SI;SI;SI;NO;SI;SI;SI;;;
127;518;ANCASH;PALLASCA;PAMPAS;;;;AG PAMPAS;08:45 a 16:45;Calle Plaza de Armas S/N - Municipalidad Distrital de Pampas - 1er piso;OPERATIVO;SI;SI;SI;SI;SI;NO;SI;SI;NO;;;
128;25;ANCASH;CASMA;CASMA;;;;PAP CASMA;08:45 a 16:45; Sector Hijuela Mz. C Lt. 13 del Centro Cívico de la Municipalidad Provincial de Casma;OPERATIVO;SI;SI;SI;SI;SI;NO;SI;SI;NO;;;
129;39;ANCASH;HUARMEY;HUARMEY;;;;PAP HUARMEY;08:45 a 16:45; 1er. Pabellón S/N del Centro Cívico de la Municipalidad Provincial de Huarmey;OPERATIVO;SI;SI;SI;SI;SI;NO;SI;SI;NO;;;
130;32;ANCASH;RECUAY;RECUAY;;;;PAP RECUAY;08:45 a 16:45;Calle Plaza de Armas Nº 180 Municipalidad Distrital de Recuay;OPERATIVO;SI;NO;SI;SI;SI;NO;SI;SI;NO;;;
131;24;ANCASH;CARHUAZ;CARHUAZ;;;;PAP CARHUAZ;08:45 a 16:45;Avenida La Merced Nº 1006;OPERATIVO;SI;SI;SI;SI;SI;NO;NO;NO;NO;;;
132;35;ANCASH;YUNGAY;YUNGAY;;;;PAP YUNGAY;08:45 a 16:45;Avenida Arias Grazziani Lt. 1-2 Centro Cívico de la Municipalidad Provincial de Yungay;OPERATIVO;SI;NO;SI;SI;SI;NO;NO;NO;NO;;;
133;37;ANCASH;CARLOS FERMIN FITZCARRALD;SAN LUIS;;;;PAP CARLOS FERMÍN FITZCARRALD;08:45 a 16:45;Avenida Ramón Castilla N° 320 - 1er. piso Centro Cívico de la Municipalidad Provincial de C. F. Fitzcarrald;OPERATIVO;SI;SI;SI;SI;SI;NO;SI;SI;NO;;;
134;29;ANCASH;MARISCAL LUZURIAGA;PISCOBAMBA;;;;PAP MARISCAL LUZURIAGA;08:45 a 16:45;Jirón San Pablo S/N, Centro Cívico de la Municipalidad Provincial de Mariscal Luzuriaga;OPERATIVO;SI;NO;SI;SI;SI;NO;SI;SI;NO;;;
135;140;ANCASH;SANTA;CHIMBOTE;;;;ORA HOSPITAL LA CALETA (Chimbote);08:45 a 16:30;Avenida Malecon Grau S/N;OPERATIVO;SI;SI;NO;SI;SI;SI;NO;NO;NO;;;
136;57;ANCASH;SANTA;CHIMBOTE;;;;ORA HOSPITAL ESSALUD III CHIMBOTE;08:45 a 16:30;Avenida Circunvalación Nº 119 Urb. Laderas del Norte;OPERATIVO;SI;SI;NO;SI;SI;SI;NO;NO;NO;;;
137;56;ANCASH;SANTA;NUEVO CHIMBOTE;;;;ORA HOSPITAL ELEAZAR GUZMÁN BARRÓN (Nuevo Chimbote);08:45 a 16:30;Avenida Brasil S/N, Urb. Santa Cristina (Hospital Regional Eleazar Guzmán Barrón puerta de Emergencia);OPERATIVO;SI;SI;NO;SI;SI;SI;NO;NO;NO;;;
138;295;ANCASH;HUARAZ;HUARAZ;;;;ORA HOSPITAL VÍCTOR RAMOS GUARDIA (Huaraz);08:45 a 16:30;Avenida Mariscal Luzuriaga cdra. 01, cruce con Jr. Pedro Villón cdra. 10;OPERATIVO;SI;SI;NO;SI;SI;SI;NO;NO;NO;;;
139;595;ANCASH;HUAYLAS;CARAZ;;;;ORA HOSPITAL DE APOYO CARAZ;08:45 a 16:30;Avenida 9 de Octubre S/N;OPERATIVO;SI;SI;NO;SI;SI;SI;NO;NO;NO;;;
140;748;ANCASH;HUARI;HUARI;;;;ORA HOSPITAL DE APOYO HUARI;08:45 a 16:30;Avenida Circunvalación Baja S/N;OPERATIVO;SI;SI;NO;SI;SI;SI;NO;NO;NO;;;
141;26;ANCASH;CORONGO;CORONGO;;;;PANP CORONGO;08:45 a 16:45;Jirón Grau N° 206, primer piso de la Municipalidad Provincial de Corongo;DESPLAZAMIENTO;NO;NO;SI;SI;SI;NO;NO;NO;NO;;;
142;30;ANCASH;PALLASCA;CABANA;;;;PANP PALLASCA;08:45 a 16:45;Avenida Plaza de Armas N° 103, primer piso de la Municipalidad Provincial de Pallasca;DESPLAZAMIENTO;NO;NO;SI;SI;SI;NO;NO;NO;NO;;;
143;22;ANCASH;AIJA;AIJA;;;;PANP AIJA;08:45 a 16:45;Jirón Gavino Uribe S/N Plaza de Armas, 1er piso de la Municipalidad Provincial de Aija;DESPLAZAMIENTO;NO;NO;SI;SI;SI;NO;NO;NO;NO;;;
144;23;ANCASH;BOLOGNESI;CHIQUIAN;;;;PANP BOLOGNESI;08:45 a 16:45;Jirón Tacna 320, primer piso del Centro Cívico de la Municipalidad Distrital de Chiquian;DESPLAZAMIENTO;NO;NO;SI;SI;SI;NO;NO;NO;NO;;;
145;741;ANCASH;YUNGAY;YANAMA;;;;AG YANAMA;08:45 a 16:45;Jirón Yungay S/N cdra. 03;DESPLAZAMIENTO;NO;NO;SI;SI;SI;NO;NO;NO;NO;;;
146;470;ANCASH;MARISCAL LUZURIAGA;LLUMPA;;;;PANP LLUMPA;08:45 a 16:45; Plaza de Armas S/N;DESPLAZAMIENTO;NO;NO;SI;SI;SI;NO;NO;NO;NO;;;
147;38;ANCASH;ASUNCION;CHACAS;;;;PANP ASUNCIÓN;08:45 a 16:45;Jirón Coliseo de Chacas S/N;DESPLAZAMIENTO;NO;NO;SI;SI;SI;NO;NO;NO;NO;;;
148;714;ANCASH;HUARI;CHAVIN DE HUANTAR;;;;PANP CHAVÍN DE HUANTAR;08:45 a 16:45;Jirón San Martin S/N, 1er piso del Centro Cívico de la Municipalidad Distrital de Chavin de Huantar;DESPLAZAMIENTO;NO;NO;SI;SI;SI;NO;NO;NO;NO;;;
149;715;ANCASH;HUARI;SAN MARCOS;;;;PANP SAN MARCOS ;08:45 a 16:45;Jirón Progreso 332, Plaza de Armas de San Marcos;DESPLAZAMIENTO;NO;NO;SI;SI;SI;NO;NO;NO;NO;;;
150;249;ANCASH;HUACAYBAMBA;HUACAYBAMBA;;;;PANP HUACAYBAMBA;08:45 a 16:45;Avenida El Ejercito S/N Barrio San Pedro, 1er piso Municipalidad Provincial de Huacaybamba;DESPLAZAMIENTO;NO;NO;SI;SI;SI;NO;NO;NO;NO;;;
151;36;ANCASH;ANTONIO RAIMONDI;LLAMELLIN;;;;PANP ANTONIO RAIMONDI;08:45 a 16:45;Jirón Simón Bolívar N° 229;DESPLAZAMIENTO;NO;NO;SI;SI;SI;NO;NO;NO;NO;;;
152;766;ANCASH;HUARI;UCO;;;;PANP UCO;08:45 a 16:45;Jirón Nicolas de Piérola S/N Plaza de Armas, 1er piso de la Municipalidad Distrital de Uco;DESPLAZAMIENTO;NO;NO;SI;SI;SI;NO;NO;NO;NO;;;
153;281;JUNIN;HUANCAYO;EL TAMBO;;;;OR HUANCAYO;08:45 a 16:45;AVENIDA MARISCAL CASTILLA Nº 1801;OPERATIVO;SI;SI;SI;SI;SI;NO;SI;SI;SI;;;
154;285;JUNIN;TARMA;TARMA;;;;AG TARMA;08:45 a 16:45;JIRÓN AREQUIPA Nº 939;OPERATIVO;SI;SI;SI;SI;SI;NO;SI;SI;SI;;;
155;288;JUNIN;CHANCHAMAYO;LA MERCED;;;;AG CHANCHAMAYO;08:45 a 16:45;PROLONGACIÓN TARMA Nº 242;OPERATIVO;SI;SI;SI;SI;SI;NO;SI;SI;SI;;;
156;146;JUNIN;SATIPO;PANGOA;;;;PAP PANGOA;08:45 a 16:45;CALLE 07 DE JUNIO Nº 641 PLAZA PRINCIPAL CENTRO CIVICO;OPERATIVO;SI;SI;SI;SI;SI;NO;SI;SI;SI;;;
157;279;JUNIN;SATIPO;MAZAMARI;;;;PAP MAZAMARI;08:45 a 16:45;AVENIDA SAN JUAN N° 377;OPERATIVO;NO;NO;SI;SI;SI;NO;SI;SI;NO;;;
158;282;JUNIN;CONCEPCION;CONCEPCIÓN;;;;PAP CONCEPCIÓN;08:45 a 16:45;JIRÓN RICARDO PALMA S/N MERCADO MODELO INTERIOR 1 ;OPERATIVO;SI;SI;SI;SI;SI;NO;SI;SI;SI;;;
159;283;JUNIN;JAUJA;JAUJA;;;;PAP JAUJA;08:45 a 16:45;JIRÓN SUCRE N° 889;OPERATIVO;SI;SI;SI;SI;SI;NO;SI;SI;SI;;;
160;284;JUNIN;JUNIN;JUNIN;;;;PAP JUNIN;08:45 a 16:45;JIRÓN SIMÓN BOLIVAR N° 820;OPERATIVO;NO;NO;SI;SI;SI;NO;SI;SI;NO;;;
161;286;JUNIN;YAULI;SANTA ROSA DE SACCO;;;;PAP YAULI;08:45 a 16:45;AVENIDA MIGUEL GRAU N° 309;OPERATIVO;NO;NO;SI;SI;SI;NO;SI;SI;NO;;;
162;287;JUNIN;SATIPO;SATIPO;;;;PAP SATIPO;08:45 a 16:45;AVENIDA MICAELA BASTIDAS Y JR. AUGUSTO B. LEGUIA CENTRO CIVICO ;OPERATIVO;SI;SI;SI;SI;SI;NO;SI;SI;SI;;;
163;289;JUNIN;CHUPACA;CHUPACA;;;;PAP CHUPACA;08:45 a 16:45;JIRÓN GRAU N° 195 - CENTRO CÍVICO;OPERATIVO;SI;SI;SI;SI;SI;NO;SI;SI;SI;;;
164;292;JUNIN;CHANCHAMAYO;PICHANAQUI;;;;PAP PICHANAQUI;08:45 a 16:45;JIRÓN INDEPENDENCIA S/N COLISEO MUNICIPAL;OPERATIVO;SI;SI;SI;SI;SI;NO;SI;SI;SI;;;
165;215;JUNIN;HUANCAYO;HUANCAYO;;;;"ORA REGIONAL DOCENTE MATERNO INFANTIL ""EL CARMEN""";08:45 a 16:30;JIRÓN PUNO Nº 911;OPERATIVO;SI;NO;NO;SI;SI;SI;NO;NO;NO;;;
166;733;JUNIN;TARMA;TARMA;;;;ORA DE APOYO FELIX MAYORCA SOTO;08:45 a 16:30;AVENIDA PACHECO Nº 362;OPERATIVO;SI;NO;NO;SI;SI;SI;NO;NO;NO;;;
167;734;JUNIN;JAUJA ;JAUJA ;;;;ORA HOSPITAL DOMINGO OLAVEGOYA;08:45 a 16:30;JIRÓN SAN MARTÍN Nº 1153 URB. OLAVEGOYA ;OPERATIVO;SI;NO;NO;SI;SI;SI;NO;NO;NO;;;
168;735;JUNIN;SATIPO;SATIPO;;;;ORA DE APOYO MANUEL HIGA ARAKAKI;08:45 a 16:30;CALLE DANIEL ALCIDES CARRIÓN Nº 398;OPERATIVO;SI;NO;NO;SI;SI;SI;NO;NO;NO;;;
169;736;JUNIN;CHANCHAMAYO ;PICHANAQUI;;;;ORA HOSPITAL DE APOYO PICHANAQUI;08:45 a 16:30;AVENIDA SAN MARTÍN S/N PICHANAKI;OPERATIVO;SI;NO;NO;SI;SI;SI;NO;NO;NO;;;
170;763;JUNIN;HUANCAYO;HUANCAYO;;;;ORA LA LIBERTAD;08:45 a 16:30;AV. ALAMEDA S/N. COOP. SANTA ISABEL ;DESPLAZAMIENTO;SI;NO;NO;SI;SI;SI;NO;NO;NO;;;
171;764;JUNIN;CHANCHAMAYO;LA MERCED;;;;ORA HOSPITAL REGIONAL DOCENTE DE MEDICINA TROPICAL DR. JULIO DEMARINI CARO;08:45 a 16:30;AVENIDA DANIEL A. CARRION S/N AV. PAMPA DEL CARMEN S/N;OPERATIVO;SI;NO;NO;SI;SI;SI;NO;NO;NO;;;
172;142;JUNIN;HUANCAYO;EL TAMBO;;;;ORA HOSPITAL NACIONAL RAMIRO PRIALE;08:45 a 16:30;AVENIDA INDEPENDENCIA Nº 266;OPERATIVO;SI;NO;NO;SI;SI;SI;NO;NO;NO;;;
173;737;JUNIN;SATIPO;PANGOA;;;;ORA HOSPITAL DE PANGOA;08:45 a 16:30;AVENIDA LA CULTURA S/N;OPERATIVO;SI;NO;NO;SI;SI;SI;NO;NO;NO;;;
174;765;JUNIN;HUANCAYO;CHILCA;;;;ORA CHILCA;08:45 a 16:30;JIRÓN HUMBOLT Nº 900;DESPLAZAMIENTO;SI;NO;NO;SI;SI;SI;NO;NO;NO;;;
175;1129;JUNIN;HUANCAYO;HUANCAYO;;;;MAC - JUNIN;08:30 a 16:30;AVENIDA FERROCARRIL N° 146 - 150 - CENTRO COMERCIAL OPEN PLAZA;OPERATIVO;SI;SI;SI;SI;SI;NO;SI;SI;SI;;;
176;600017;JUNIN;HUANCAYO;EL TAMBO;;;;AGENTE RENIEC - OR HUANCAYO;08:45 a 16:45;AVENIDA MARISCAL CASTILLA Nº 1801;OPERATIVO;NO;NO;SI;NO;NO;NO;SI;NO;NO;;;
177;47;AYACUCHO;HUAMANGA;AYACUCHO;;;;"ORA HOSPITAL REGIONAL DE AYACUCHO ""MIGUEL ANGEL MARISCAL LLERENA"" (MINSA)";08:45 a 16:30;Jirón Daniel Alcides Carrión S/N - 2da cuadra.;OPERATIVO;SI;NO;NO;SI;NO;SI;NO;NO;NO;;;
178;119;AYACUCHO;LA MAR;AYNA;;;;PAP AYNA -SAN FRANCISCO;08:45 a 16:45;Avenida 28 de Julio S/N San Francisco;OPERATIVO;NO;NO;SI;SI;SI;NO;SI;SI;NO;;;
179;121;AYACUCHO;HUAMANGA;AYACUCHO;;;;OR HUAMANGA;08:45 a 16:45;Jirón San Martin Nº 473, 475, 477 y 477A;OPERATIVO;si;si;si;si;si;si;si;si;SI;;;
180;122;AYACUCHO;CANGALLO;CANGALLO;;;;PAP CANGALLO;08:45 a 16:45;Jirón Maria Parado de Bellido Nº 205;OPERATIVO;NO;NO;SI;SI;SI;NO;SI;SI;NO;;;
181;123;AYACUCHO;HUANTA;HUANTA;;;;AG HUANTA;08:45 a 16:45;Jirón Ayacucho N° 305;OPERATIVO;si;si;si;si;si;si;si;si;SI;;;
182;124;AYACUCHO;LA MAR;SAN MIGUEL;;;;PAP LA MAR;08:45 a 16:45;Jirón Maria Parado de Bellido S/N ;OPERATIVO;NO;NO;SI;SI;SI;NO;SI;SI;NO;;;
183;127;AYACUCHO;VICTOR FAJARDO;HUANCAPI;;;;PAP VICTOR FAJARDO;08:45 a 16:45; Plaza Principal Nº 127;OPERATIVO;NO;NO;SI;SI;SI;NO;SI;SI;NO;;;
184;128;AYACUCHO;HUANCA SANCOS;SANCOS;;;;PAP HUANCASANCOS;08:45 a 16:45;Avenida Progreso S/N Consejo Provincial de Huanca Sancos;OPERATIVO;NO;NO;SI;SI;SI;NO;SI;SI;NO;;;
185;129;AYACUCHO;VILCAS HUAMAN;VILCAS HUAMAN;;;;PAP VILCASHUAMAN;08:45 a 16:45;Avenida Los Incas Nº 222;OPERATIVO;NO;NO;SI;SI;SI;NO;SI;SI;NO;;;
186;131;AYACUCHO;SUCRE;QUEROBAMBA;;;;PAP SUCRE;08:45 a 16:45;Jirón San Martin S/N  Plaza de Armas Consejo Provincial de Sucre;OPERATIVO;NO;NO;SI;SI;SI;NO;SI;SI;NO;;;
187;213;AYACUCHO;HUANTA;HUANTA;;;;"ORA HOSPITAL DE APOYO HUANTA ""DANIEL ALCIDES CARRION"" (MINSA)";08:45 a 16:30;Avenida Mariscal Castilla Nº 628;OPERATIVO;SI;NO;NO;SI;NO;SI;NO;NO;NO;;;
188;454;AYACUCHO;LA MAR;SAN MIGUEL;;;;ORA SAN MIGUEL (MINSA);08:45 a 16:30;Avenida Ramon Castilla s/n;DESPLAZAMIENTO;SI;NO;NO;SI;NO;SI;NO;NO;NO;;;
189;455;AYACUCHO;CANGALLO;CANGALLO;;;;ORA HOSPITAL DE APOYO CANGALLO (MINSA);08:45 a 16:30;Jirón Santa Rosa N° 110;OPERATIVO;SI;NO;NO;SI;SI;SI;NO;NO;NO;;;
190;172;CUSCO;LA CONVENCION;PICHARI;;;;PAP PICHARI;08:45 a 16:45;Avenida BRASIL S/N;OPERATIVO;NO;NO;SI;SI;SI;NO;SI;SI;NO;;;
191;77;APURIMAC;CHINCHEROS;CHINCHEROS;;;;PAP CHINCHEROS;08:45 a 16:45;Jirón COTABAMBAS N° 121;OPERATIVO;NO;NO;SI;SI;SI;NO;SI;SI;NO;;;
192;500;AYACUCHO;LA MAR;SAMUGARI;;;;PAP SAMUGARI -PALMAPAMPA;08:45 a 16:45;Jirón Los Laureles S/N – Palmapampa Distrital de Samugari;OPERATIVO;NO;NO;SI;SI;SI;NO;SI;SI;NO;;;
193;620;AYACUCHO;LA MAR;TAMBO;;;;ORA TAMBO (MINSA);08:45 a 16:30;Jirón Lima s/n;OPERATIVO;SI;NO;NO;SI;SI;SI;NO;NO;NO;;;
194;628;AYACUCHO;HUAMANGA;JESUS NAZARENO;;;;ORA HOSPITAL DE APOYO JESUS NAZARENO (MINSA);08:45 a 16:30;Jirón Ciro Alegría Nº 547;OPERATIVO;SI;NO;NO;SI;SI;SI;NO;NO;NO;;;
195;73;APURIMAC;ANDAHUAYLAS;TALAVERA;;;;OR ANDAHUAYLAS;08:45 a 16:45;Jirón Amauta N° 311;OPERATIVO;si;si;si;si;si;si;si;si;SI;;;
196;458;APURIMAC;CHINCHEROS;ANCCO HUALLO;;;;ORA  CENTRO DE SALUD URIPA  (MINSA);08:45 a 16:30;Avenida  Túpac Amaru S/N – URIPA;OPERATIVO;SI;NO;NO;SI;SI;SI;NO;NO;NO;;;
197;459;APURIMAC;ANDAHUAYLAS;ANDAHUAYLAS;;;;ORA HOSPITAL REGIONAL DOCENTE  HUGO PESCE PESCETTO ANDAHUAYLAS (MINSA);08:45 a 16:30;Avenida Hugo Pesce Pesceto S/N;OPERATIVO;SI;NO;NO;SI;SI;SI;NO;NO;NO;;;
198;357;AYACUCHO;HUANTA;SIVIA;;;;ORA HOSPITAL DE APOYO DE SIVIA (MINSA);08:45 a 16:30;Jirón Gervacio Santillana S/N;DESPLAZAMIENTO;SI;NO;NO;SI;SI;SI;NO;NO;NO;;;
199;699;CUSCO;LA CONVENCION;KIMBIRI;;;;ORA CENTRO DE SALUD SAN JUAN DE KIMBIRI (MINSA);08:45 a 16:30;Avenida Aeropuerto S/N;DESPLAZAMIENTO;SI;NO;NO;SI;SI;SI;NO;NO;NO;;;
200;629;CUSCO;LA CONVENCION;PICHARI;;;;ORA HOSPITAL DE APOYO PICHARI (MINSA);08:45 a 16:30;Jirón Amazonas s/n;OPERATIVO;SI;NO;NO;SI;SI;SI;NO;NO;NO;;;
201;457;APURIMAC;CHINCHEROS;CHINCHEROS;;;;ORA HOSPITAL DE APOYO CHINCHEROS (MINSA);08:45 a 16:30;Avenida Fernando Belaunde Terry S/N;OPERATIVO;SI;NO;NO;SI;SI;SI;NO;NO;NO;;;
202;631;AYACUCHO;CANGALLO;LOS MOROCHUCOS;;;;ORA PAMPA CANGALLO (MINSA);08:45 a 16:30;Avenida María Arguedas S/N;OPERATIVO;SI;NO;NO;SI;SI;SI;NO;NO;NO;;;
203;1186;AYACUCHO;HUAMANGA;SAN JUAN BAUTISTA;;;;ORA SAN JUAN BAUTISTA;08:45 a 16:30;AV. MALVINAS S/N;DESPLAZAMIENTO;SI;NO;NO;SI;SI;SI;NO;NO;NO;;;
204;52;AREQUIPA;AREQUIPA;AREQUIPA;;;;ORA HOSPITAL REGIONAL HONORIO DELGADO ESPINOZA (MINSA);08:45 a 16:30;Avenida Daniel Alcides Carrión N° 505;OPERATIVO;SI;SI;NO;SI;SI;SI;NO;NO;NO;;;
205;54;TACNA;TACNA;TACNA;;;;ORA TACNA (MINSA);08:45 a 16:30;Calle Blondel S/N;OPERATIVO;SI;SI;NO;SI;SI;SI;NO;NO;NO;;;
206;91;AREQUIPA;AREQUIPA;AREQUIPA;;;;OR AREQUIPA;08:45 a 16:45;Calle San Juan de Dios N° 122 y Santo Domingo N° 101;OPERATIVO;SI;SI;SI;SI;SI;NO;SI;SI;SI;;;
207;92;AREQUIPA;CAYLLOMA;CHIVAY;;;;PAP CAYLLOMA;08:45 a 16:45;Calle Siglo XX S/N;OPERATIVO;SI;NO;SI;SI;SI;NO;SI;SI;NO;;;
208;93;AREQUIPA;CAMANA;CAMANA;;;;AG CAMANA;08:45 a 16:45;Avenida Mariscal Castilla N° 221;OPERATIVO;SI;NO;SI;SI;SI;NO;SI;SI;NO;;;
209;94;AREQUIPA;CARAVELI;CARAVELÍ;;;;PAP CARAVELI;08:45 a 16:45;Jirón Bolivar S/N;DESPLAZAMIENTO;SI;NO;SI;SI;SI;NO;SI;SI;NO;;;
210;95;AREQUIPA;CASTILLA;APLAO;;;;PAP CASTILLA;08:45 a 16:45;Calle Progreso S/N;OPERATIVO;SI;NO;SI;SI;SI;NO;SI;SI;NO;;;
211;96;AREQUIPA;CONDESUYOS;CHUQUIBAMBA;;;;PAP CONDESUYOS;08:45 a 16:45;Avenida Alameda S/N - Los Tres Errantes;OPERATIVO;SI;NO;SI;SI;SI;NO;SI;SI;NO;;;
212;97;AREQUIPA;ISLAY;MOLLENDO;;;;AG ISLAY;08:45 a 16:45;Jiron Arequipa Nº 261 ;OPERATIVO;SI;SI;SI;SI;SI;NO;SI;SI;SI;;;
213;98;AREQUIPA;LA UNION;COTAHUASI;;;;PAP LA UNION;08:45 a 16:45;Calle Centenario N° 202 - Cotahuasi;OPERATIVO;SI;NO;SI;SI;SI;NO;SI;SI;NO;;;
214;145;MOQUEGUA;MARISCAL NIETO;MOQUEGUA;;;;ORA HOSPITAL REGIONAL MOQUEGUA (MINSA);08:45 a 16:30;Avenida Simón Bolívar N° 505;OPERATIVO;SI;SI;NO;SI;SI;SI;NO;NO;NO;;;
215;481;MOQUEGUA;MARISCAL NIETO;SAN ANTONIO;;;;AG MARISCAL NIETO;08:45 a 16:45;Avenida Central Mz D-4 Lt. 1;OPERATIVO;SI;SI;SI;SI;SI;NO;SI;SI;SI;;;
216;483;MOQUEGUA;ILO;ILO;;;;AG ILO;08:45 a 16:45;Jirón Ayacucho N° 529;OPERATIVO;SI;SI;SI;SI;SI;NO;SI;SI;SI;;;
217;511;AREQUIPA;CAYLLOMA;MAJES;;;;AG MAJES;08:45 a 16:45;Avenida Arequipa S/N - Tienda 06 del Estadio Almirante Miguel Grau - Pedregal;OPERATIVO;SI;NO;SI;SI;SI;NO;SI;SI;NO;;;
218;579;AREQUIPA;AREQUIPA;CAYMA;;;;AG CAYMA;08:45 a 16:45;Avenida Ramón Castilla S/N - Estadio La Tomilla;OPERATIVO;SI;SI;SI;SI;SI;NO;SI;SI;SI;;;
219;621;TACNA;TACNA;TACNA;;;;AG TACNA;08:45 a 16:45;Calle Deustua Nº 173;OPERATIVO;SI;SI;SI;SI;SI;NO;SI;SI;SI;;;
220;725;AREQUIPA;AREQUIPA;AREQUIPA;;;;ORA HOSPITAL III GOYENECHE (MINSA);08:45 a 16:30;Avenida Goyeneche N° 100;OPERATIVO;SI;SI;NO;SI;SI;SI;NO;NO;NO;;;
221;726;AREQUIPA;CAMANA;CAMANA;;;;ORA HOSPITAL DE CAMANA (MINSA);08:45 a 16:30;Avenida Lima 550;OPERATIVO;SI;SI;NO;SI;SI;SI;NO;NO;NO;;;
222;762;AREQUIPA;AREQUIPA;PAUCARPATA;;;;MAC - AREQUIPA;08:30 a 16:30;Avenida Porongoche N° 500 Paucarpata - Centro Comercial Mall Aventura ;OPERATIVO;SI;SI;SI;SI;SI;NO;SI;SI;SI;;;
223;727;AREQUIPA;CAYLLOMA;MAJES;;;;ORA HOSPITAL CENTRAL DE MAJES- ANGEL GABRIEL CHURA GALLEGOS (MINSA);08:45 a 16:30; Asentamiento B1 lote 1 Irrig. Majes;OPERATIVO;SI;SI;NO;SI;SI;SI;NO;NO;NO;;;
224;839;MOQUEGUA;MARISCAL NIETO;MOQUEGUA;;;;MAC - MOQUEGUA;08:30 a 16:30;Avenida Circunvalación 1B Sub lote 1-A, Moquegua;OPERATIVO;SI;SI;SI;SI;SI;NO;SI;SI;SI;;;
225;1040;AREQUIPA;AREQUIPA;AREQUIPA;;;;PAP PASEO CENTRAL;08:45 a 16:45;Calle Arturo Ibañez S/N;OPERATIVO;SI;NO;SI;SI;SI;NO;SI;SI;NO;;;
226;750;AREQUIPA;AREQUIPA;CERRO COLORADO;;;;C.S. MARITZA CAMPOS DIAZ (MINSA);08:45 a 16:30;Calle Yavari S/N;OPERATIVO;SI;SI;NO;SI;SI;SI;NO;NO;NO;;;
227;336;AREQUIPA;AREQUIPA;PAUCARPATA;;;;HOSPITAL EDMUNDO ESCOMEL (ESSALUD);08:45 a 16:30;Avenida EL Cayro S/N;OPERATIVO;SI;SI;NO;SI;SI;SI;NO;NO;NO;;;
228;514;AREQUIPA;AREQUIPA;AREQUIPA;;;;HOSPITAL CARLOS ALBERTO SEGUIN ESCOBEDO (ESSALUD);08:45 a 16:30;Calle Peral S/N;OPERATIVO;SI;SI;NO;SI;SI;SI;NO;NO;NO;;;
229;338;AREQUIPA;AREQUIPA;YANAHUARA;;;;ORA HOSPITAL III YANAHUARA (ESSALUD);08:45 a 16:30;Avenida Zamácola S/N;OPERATIVO;SI;SI;NO;SI;SI;SI;NO;NO;NO;;;
230;600020;AREQUIPA;AREQUIPA;AREQUIPA;;;;AGENTE RENIEC - OR AREQUIPA;08:45 a 16:45;Calle San Juan de Dios N° 122 y Santo Domingo N° 101;OPERATIVO;NO;NO;SI;NO;NO;NO;SI;NO;NO;;;
231;60;CUSCO;CUSCO;SANTIAGO;;;;ORA ANTONIO LORENA DEL CUSCO (MINSA);08:45 a 16:30;Calle Carlos Ugarte S/N Urb. Primavera Cuartel Agustín Gamarra;OPERATIVO;SI;NO;NO;SI;SI;SI;NO;NO;NO;;;
232;61;CUSCO;CUSCO;WANCHAQ;;;;ORA HOSPITAL NACIONAL ADOLFO GUEVARA VELASCO (ESSALUD);08:45 a 16:30;Avenida Ancelmo Alvarez S/N;OPERATIVO;SI;NO;NO;SI;SI;SI;NO;NO;NO;;;
233;71;APURIMAC;ABANCAY;ABANCAY;;;;OR ABANCAY;08:45 a 16:45;Avenida La Victoria Nº 214;OPERATIVO;SI;SI;SI;SI;SI;SI;SI;SI;SI;;;
234;72;APURIMAC;AYMARAES;CHALHUANCA;;;;PANP AYMARAES;08:45 a 16:45; Plaza de Armas S/N (Gobernatura De Chalhuanca);DESPLAZAMIENTO;NO;NO;SI;SI;SI;NO;NO;NO;NO;;;
235;74;APURIMAC;ANTABAMBA;ANTABAMBA;;;;PANP ANTABAMBA;08:45 a 16:45; Plaza de Armas S / N;DESPLAZAMIENTO;NO;NO;SI;SI;SI;NO;NO;NO;NO;;;
236;75;APURIMAC;COTABAMBAS;TAMBOBAMBA;;;;PAP TAMBOBAMBA;08:45 a 16:45;Avenida Perú - Plaza de Armas S/N - 3er Piso;OPERATIVO;SI;SI;SI;SI;SI;NO;SI;SI;SI;;;
237;76;APURIMAC;GRAU;CHUQUIBAMBILLA;;;;PANP GRAU;08:45 a 16:45; Plaza de Armas S / N;DESPLAZAMIENTO;NO;NO;SI;SI;SI;NO;NO;NO;NO;;;
238;191;CUSCO;CUSCO;CUSCO;;;;OR CUSCO;08:45 a 16:45;Avenida El Sol N° 272;OPERATIVO;SI;SI;SI;SI;SI;SI;SI;SI;SI;;;
239;192;CUSCO;ACOMAYO;ACOMAYO;;;;PANP ACOMAYO;08:45 a 16:45; Plaza de Armas S/N;DESPLAZAMIENTO;NO;NO;SI;SI;SI;NO;NO;NO;NO;;;
240;193;CUSCO;ANTA;ANTA ;;;;PAP ANTA;08:45 a 16:45;Jirón Jaquijahuana  S / N, Izcuchaca;OPERATIVO;SI;SI;SI;SI;SI;NO;SI;SI;SI;;;
241;194;CUSCO;CALCA;CALCA;;;;AG CALCA;08:45 a 16:45; Plaza de Armas S/N;OPERATIVO;SI;SI;SI;SI;SI;NO;SI;SI;SI;;;
242;195;CUSCO;CANAS;YANAOCA;;;;PAP CANAS;08:45 a 16:45; Plaza de Armas S/N;OPERATIVO;SI;NO;SI;SI;SI;NO;NO;NO;NO;;;
243;196;CUSCO;CANCHIS;SICUANI;;;;AG CANCHIS;08:45 a 16:45;Avenida Túpac Amaru N° 163;OPERATIVO;SI;SI;SI;SI;SI;NO;SI;SI;SI;;;
244;197;CUSCO;CHUMBIVILCAS;SANTO TOMAS;;;;PAP CHUMBIVILCAS;08:45 a 16:45;Avenida Perú S / N (Ruedo de Toros);OPERATIVO;SI;SI;SI;SI;SI;NO;SI;SI;SI;;;
245;198;CUSCO;ESPINAR;ESPINAR;;;;PAP ESPINAR;08:45 a 16:45;Calle Teatro S/N  ;OPERATIVO;SI;SI;SI;SI;SI;NO;SI;SI;SI;;;
246;199;CUSCO;LA CONVENCION;SANTA ANA;;;;AG LA CONVENCION;08:45 a 16:45;Avenida Grau Nº 238;OPERATIVO;SI;SI;SI;SI;SI;NO;SI;SI;SI;;;
247;200;CUSCO;PARURO;PARURO;;;;PANP PARURO;08:45 a 16:45; Plaza de Armas S/N;DESPLAZAMIENTO;NO;NO;SI;SI;SI;NO;NO;NO;NO;;;
248;201;CUSCO;PAUCARTAMBO;PAUCARTAMBO;;;;PAP PAUCARTAMBO - JR9;08:45 a 16:45;Jirón Enrique Yabar S/N;OPERATIVO;SI;SI;SI;SI;SI;NO;NO;NO;SI;;;
249;202;CUSCO;QUISPICANCHI;URCOS;;;;PAP QUISPICANCHI;08:45 a 16:45;Jirón Huáscar N° 181;OPERATIVO;SI;SI;SI;SI;SI;NO;SI;SI;SI;;;
250;203;CUSCO;URUBAMBA;URUBAMBA;;;;PAP URUBAMBA;08:45 a 16:45;Avenida Conchatupa S/N;OPERATIVO;SI;SI;SI;SI;SI;NO;SI;SI;SI;;;
251;341;MADRE DE DIOS;TAHUAMANU;IBERIA;;;;AG IBERIA;08:45 a 16:45;Avenida Máximo Rodríguez N° 124 Plaza de Armas;OPERATIVO;SI;SI;SI;SI;SI;NO;SI;SI;SI;;;
252;348;APURIMAC;ABANCAY;ABANCAY;;;;ORA HOSPITAL REGIONAL GUILLERMO DIAZ DE LA VEGA (MINSA);08:45 a 16:30;Avenida Daniel Alcides Carrión S/N;OPERATIVO;SI;NO;NO;SI;SI;SI;NO;NO;NO;;;
253;461;MADRE DE DIOS;TAMBOPATA;TAMBOPATA;;;;OR TAMBOPATA;08:45 a 16:45;Jirón Lambayeque N° 159;OPERATIVO;SI;SI;SI;SI;SI;SI;SI;SI;SI;;;
254;462;MADRE DE DIOS;MANU;MANU;;;;PANP MANU;08:45 a 16:45;Avenida Esperanza S/N - Local Municipal;DESPLAZAMIENTO;NO;NO;SI;SI;SI;NO;NO;NO;NO;;;
255;495;CUSCO;ACOMAYO;POMACANCHI;;;;AG POMACANCHI;08:45 a 16:45; Plaza de Armas S/N;DESPLAZAMIENTO;NO;NO;SI;SI;SI;NO;NO;NO;NO;;;
256;599;CUSCO;CUSCO;CUSCO;;;;ORA HOSPITAL DE APOYO DEPARTAMENTAL CUSCO (MINSA);08:45 a 16:30;Avenida La Cultura S/N;OPERATIVO;SI;NO;NO;SI;SI;SI;NO;NO;NO;;;
257;606;CUSCO;CANCHIS;SICUANI;;;;ORA SICUANI (MINSA);08:45 a 16:30;Avenida Manuel Callo Zevallos N° 519 - Hospital MINSA Sicuani;OPERATIVO;SI;NO;NO;SI;SI;SI;NO;NO;NO;;;
258;633;MADRE DE DIOS;TAMBOPATA;TAMBOPATA;;;;ORA SANTA ROSA (MINSA);08:45 a 16:30;Jirón Cajamarca N° 171;DESPLAZAMIENTO;SI;NO;NO;SI;SI;SI;NO;NO;NO;;;
259;648;CUSCO;LA CONVENCION;SANTA ANA;;;;ORA QUILLABAMBA (MINSA);08:45 a 16:30;Avenida General Gamarra S/N - Hospital Quillabamba;OPERATIVO;SI;NO;NO;SI;SI;SI;NO;NO;NO;;;
260;657;CUSCO;ESPINAR;ESPINAR;;;;ORA ESPINAR (MINSA);08:45 a 16:30;Calle Domingo Huarca Cruz S/N Barrio Túpac Amaru  - Hospital Espinar;OPERATIVO;SI;NO;NO;SI;SI;SI;NO;NO;NO;;;
261;713;MADRE DE DIOS;TAHUAMANU;IBERIA;;;;ORA SAN MARTIN DE PORRES DE IBERIA (MINSA);08:45 a 16:30;Calle Mocopata S/N;OPERATIVO;SI;NO;NO;SI;SI;SI;NO;NO;NO;;;
262;349;APURIMAC;COTABAMBAS;TAMBOBAMBA;;;;ORA TAMBOBAMBA (MINSA);08:45 a 16:30; Hospital Tambobamba;OPERATIVO;SI;NO;NO;SI;SI;SI;NO;NO;NO;;;
263;793;APURIMAC;COTABAMBAS;HAQUIRA;;;;PAP HAQUIRA;08:45 a 16:45; Plaza de armas S/N-Haquira;DESPLAZAMIENTO;SI;SI;SI;SI;SI;NO;SI;SI;SI;;;
264;728;CUSCO;CHUMBIVILCAS;SANTO TOMAS;;;;ORA SANTO TOMAS (MINSA);08:45 a 16:30;Calle  Andres Avelino Caceres - Hospital Santo Tomas  ;DESPLAZAMIENTO;SI;NO;NO;SI;SI;SI;NO;NO;NO;;;
265;920;CUSCO;CHUMBIVILCAS;VELILLE;;;;PANP VELILLE;08:45 a 16:45; Plaza de Armas - Municipalidad Distrital Velille;DESPLAZAMIENTO;NO;NO;SI;SI;SI;NO;SI;SI;NO;;;
266;919;CUSCO;CALCA;YANATILE;;;;PANP YANATILE;08:45 a 16:45; Plaza de Armas - Municipalidad Distrital Yanatile;DESPLAZAMIENTO;NO;NO;SI;SI;SI;NO;SI;SI;NO;;;
267;921;APURIMAC;ABANCAY;CURAHUASI;;;;PANP CURAHUASI;08:45 a 16:45; Coliseo Cerrado - Municipalidad de Curahuasi;DESPLAZAMIENTO;NO;NO;SI;SI;SI;NO;SI;SI;NO;;;
268;1132;CUSCO;CUSCO;SANTIAGO;;;;AGENCIA SANTIAGO;08:15 a 16:15;Calle Giraldo Ruiz Caro S/N;OPERATIVO;SI;SI;SI;SI;SI;NO;NO;NO;SI;;;
269;1165;CUSCO;CUSCO;WANCHAQ;;;;MAC - CUSCO;08:30 a 16:30;Avenida Collasuyo 2964 - Real Plaza Cusco;OPERATIVO;SI;SI;SI;SI;SI;NO;SI;SI;SI;;;
270;343;MADRE DE DIOS;TAMBOPATA;INAMBARI;;;;AG INAMBARI;08:45 a 16:45; Plaza de Armas - Municipalidad Provincial de Inambari;DESPLAZAMIENTO;NO;NO;SI;SI;SI;NO;SI;SI;NO;;;
271;600021;CUSCO;CUSCO;CUSCO;;;;AGENTE RENIEC - OR CUSCO;08:45 a 16:45;Avenida El Sol N° 272;OPERATIVO;NO;NO;SI;NO;NO;NO;NO;NO;NO;;;
272;600;CUSCO;CUSCO;SANTIAGO;;;;ORA BELEMPAMPA (MINSA);08:45 a 13:00;Plazoleta Belen S/N;OPERATIVO;SI;NO;NO;SI;SI;SI;NO;NO;NO;;;
273;8;LIMA;LIMA ;JESUS MARIA;;;;ORA HOSPITAL NACIONAL EDGARDO REBAGLIATI MARTINS (ESSALUD);08:45 a 16:30;Avenida SALAVERRY CDRA. 13 - PUERTA 6;OPERATIVO;SI;NO;NO;SI;NO;SI;NO;NO;NO;;;
274;11;CALLAO;CALLAO;BELLAVISTA;;;;ORA NAC. DANIEL A. CARRIÓN (MINSA);08:45 a 16:30;Avenida Guardia Chalaca Nº 2176 - Bellavista;OPERATIVO;SI;NO;NO;SI;NO;SI;NO;NO;NO;;;
275;12;LIMA;LIMA;SAN JUAN DE LURIGANCHO;;;;ORA HOSPITAL SAN JUAN DE LURIGANCHO (MINSA);08:45 a 16:30;Avenida Canto Grande S/N - Altura del paradero 10;OPERATIVO;SI;NO;NO;SI;NO;SI;NO;NO;NO;;;
276;14;LIMA;LIMA;EL AGUSTINO;;;;ORA HOSPITAL NACIONAL HIPOLITO UNANUE (MINSA);08:45 a 16:30;Avenida Cesar Vallejo Nº 1390 ;OPERATIVO;SI;NO;NO;SI;NO;SI;NO;NO;NO;;;
277;51;LIMA;LIMA;LIMA;;;;ORA INSTITUTO NACIONAL MATERNO PERINATAL (MINSA);08:45 a 16:30;Jirón Miroquesada Nº 941 - Lima;OPERATIVO;SI;SI;NO;SI;SI;SI;NO;NO;NO;;;
278;58;CALLAO;CALLAO;VENTANILLA;;;;OR VENTANILLA;08:45 a 16:45;Avenida Pachacutec N° 225 - Sector B - Grupo Residencial B1 - Mz. F1 ;OPERATIVO;SI;SI;SI;SI;SI;SI;SI;SI;SI;;;
279;168;LIMA;LIMA;SAN BORJA;;;;OR SAN BORJA;08:45 a 16:45;Avenida San Luis N° 1673 Urb. Jacaranda II;OPERATIVO;SI;SI;SI;SI;SI;SI;SI;SI;SI;;;
280;169;LIMA;LIMA;COMAS;;;;OR COMAS III;08:45 a 16:45;Avenida San Felipe Nº 830 Urb. San Felipe;OPERATIVO;SI;SI;SI;SI;SI;SI;SI;SI;SI;;;
281;174;LIMA;LIMA;LIMA;;;;OR QUILCA;08:45 a 16:45;Jirón Quilca Nº 501 y 525 ;OPERATIVO;SI;SI;SI;SI;SI;SI;SI;SI;SI;;;
282;175;LIMA;LIMA;LIMA;;;;AG ANCASH;08:45 a 16:45;Jirón Ancash Nº 336-340 y 344 (Frente a la Plazuela San Francisco) - Lima;OPERATIVO;SI;SI;SI;SI;SI;NO;SI;SI;SI;;;
283;187;LIMA;LIMA;VILLA MARÍA DEL TRIUNFO;;;;ORA DANIEL ALCIDES CARRION (MINSA);08:45 a 16:30;Avenida Pachacutec N° 3470 - Pasando el Terminal Pesquero.;OPERATIVO;SI;NO;NO;SI;NO;SI;NO;NO;NO;;;
284;335;CALLAO;CALLAO;BELLAVISTA;;;;MAC - CALLAO;"L - V  08:30 a 18:00 
SAB.8:30 a 13:00";Avenida Oscar R. Benavides N° 3866 - Centro Comercial Mall Aventura Plaza;OPERATIVO;SI;SI;SI;SI;SI;NO;SI;SI;SI;;;
285;371;LIMA;LIMA;LIMA;;;;OR LIMA;08:45 a 16:45;Jirón Nicolás de Piérola N 545;OPERATIVO;SI;SI;SI;SI;SI;SI;SI;SI;SI;;;
286;372;LIMA;LIMA;ATE;;;;OR ATE - Complejo Deportivo Ollantaytambo;08:45 a 16:45;Av. Alfonso Ugarte s/n  Complejo Deportivo Ollantaytambo;OPERATIVO;SI;NO;SI;SI;NO;NO;NO;NO;SI;;;
287;372;LIMA;LIMA;ATE;;;;OR ATE - Mac Express de Puruchuco;"08:45 a 13:00 
 14:00 a 16:45 ";Av. Javier Pardo Este N° 8680  Mac Express - Agencia Municipal Real Plaza de Puruchuco.;OPERATIVO;NO;SI;NO;NO;SI;SI;SI;SI;SI;;;
288;376;LIMA;LIMA;COMAS;;;;OR COMAS I;08:45 a 16:45;Avenida Tupac Amaru N° 5527 - 5531 - 5535, Urb Huaquillay 2da Etapa;OPERATIVO;SI;SI;SI;SI;SI;SI;SI;SI;SI;;;
289;379;LIMA;LIMA;LURIN;;;;OR LURIN;08:45 a 16:45;MZ B, Lote 5 Asociación de Vivienda Familiar Centinela - Lurin;OPERATIVO;SI;SI;SI;SI;SI;SI;SI;SI;SI;;;
290;380;LIMA;LIMA;MIRAFLORES;;;;OR MIRAFLORES;08:45 a 16:45;Avenida Ernesto Diez Canseco N° 230;OPERATIVO;SI;SI;SI;SI;SI;SI;SI;SI;SI;;;
291;382;LIMA;LIMA;PUENTE PIEDRA;;;;OR PUENTE PIEDRA;08:45 a 16:45;Jirón Ricardo Palma Nº 241;OPERATIVO;SI;SI;SI;SI;SI;SI;SI;SI;SI;;;
292;386;LIMA;LIMA;SAN JUAN DE LURIGANCHO;;;;OR SAN JUAN DE LURIGANCHO;08:45 a 16:45;Avenida Las Flores Lote 1 Mz. G Urb. Canto Grande Unidad 7;OPERATIVO;SI;SI;SI;SI;SI;SI;SI;SI;SI;;;
293;387;LIMA;LIMA;SAN JUAN DE MIRAFLORES;;;;OR SAN JUAN DE MIRAFLORES;08:45 a 16:45;Avenida Guillermo Billinghurst  N° 767 – 769 Mz. F Lote 18 Urb. SJM Parcela D;OPERATIVO;SI;SI;SI;SI;SI;SI;SI;SI;SI;;;
294;389;LIMA;LIMA;SAN MARTIN DE PORRES;;;;OR SAN MARTIN DE PORRES;08:45 a 16:45;Avenida Eduardo de Habich Nº 590 - 592 con Pedro Paulet N° 589;OPERATIVO;SI;SI;SI;SI;SI;SI;SI;SI;SI;;;
295;391;LIMA;CAJATAMBO;CAJATAMBO;;;;AG CAJATAMBO;08:45 a 16:45;Jirón Bolognesi S/N - Comisiones de Regantes -Frente plaza de Armas;OPERATIVO;SI;NO;SI;SI;SI;NO;SI;SI;NO;;;
296;392;LIMA;CANTA;CANTA;;;;AG CANTA;08:45 a 16:45;Jirón Independencia Nº 308 Municipio (Plaza de Armas);OPERATIVO;SI;NO;SI;SI;SI;NO;SI;SI;NO;;;
297;393;LIMA;CAÑETE;SAN VICENTE DE CAÑETE;;;;AG CAÑETE;08:45 a 16:45;Avenida Los Libertadores Mz. D-3 Lote 4 Urbanización Tercer Mundo;OPERATIVO;SI;SI;SI;SI;SI;NO;SI;SI;SI;;;
298;394;LIMA;HUAURA;HUACHO;;;;AG HUACHO;08:45 a 16:45;Avenida Grau Nº 295;OPERATIVO;SI;SI;SI;SI;SI;NO;SI;SI;SI;;;
299;395;LIMA;HUAROCHIRI;MATUCANA;;;;AG MATUCANA;08:45 a 16:45;Jirón Tacna 626  - Centro Civico;OPERATIVO;SI;NO;SI;SI;SI;NO;SI;SI;NO;;;
300;396;LIMA;YAUYOS;YAUYOS;;;;AG YAUYOS;08:45 a 16:45;Plaza Plaza Constitución Nº 110;OPERATIVO;SI;NO;SI;SI;SI;NO;SI;SI;NO;;;
301;397;LIMA;HUARAL;HUARAL;;;;AG HUARAL;08:45 a 16:45;Pasaje el Palmo esquina con Calle Huaquilla (DEMUNA HUARAL);OPERATIVO;SI;SI;SI;SI;SI;NO;SI;SI;SI;;;
302;398;LIMA;BARRANCA;BARRANCA;;;;OR BARRANCA;08:45 a 16:45;Avenida Independencia N° 674 - 676 - 678;OPERATIVO;SI;SI;SI;SI;SI;SI;SI;SI;SI;;;
303;399;LIMA;OYON;OYON;;;;AG OYON;08:45 a 16:45;Jirón Unión 216;OPERATIVO;SI;NO;SI;SI;SI;NO;SI;SI;NO;;;
304;401;LIMA;LIMA;LURIGANCHO;;;;OR CHOSICA;08:45 a 16:45;Jirón Chucuito Nº 248 ;OPERATIVO;SI;SI;SI;SI;SI;SI;SI;SI;SI;;;
305;405;LIMA;LIMA;JESUS MARIA;;;;OR JESUS MARIA;08:45 a 16:45;Jirón Talara N° 130-132-134 y 136 Jesús Maria;OPERATIVO;SI;SI;SI;SI;SI;SI;SI;SI;SI;;;
306;421;LIMA;LIMA;CIENEGUILLA;;;;OR CIENEGUILLA;08:45 a 16:45;"Avenida San Martin Lote 15, Zona ""D"" Manzana ""D"" Centro Poblado Tambo Viejo";OPERATIVO;SI;SI;SI;SI;SI;SI;SI;SI;SI;;;
307;423;LIMA;LIMA;SANTA ANITA;;;;OR SANTA ANITA;08:45 a 16:45;Avenida Los Eucaliptos Nº 947, Urbanización Universal;OPERATIVO;SI;SI;SI;SI;SI;SI;SI;SI;SI;;;
308;430;LIMA;LIMA;INDEPENDENCIA;;;;OR INDEPENDENCIA;08:45 a 16:45;Calle Los Andes Nº 486 Urb. Industrial Panamericana Norte;OPERATIVO;SI;SI;SI;SI;SI;SI;SI;SI;SI;;;
309;544;CALLAO;CALLAO;VENTANILLA;;;;MAC - VENTANILLA;"L - V  08:30 a 18:00 
SAB.8:30 a 13:00";Avenida La Playa S/N altura la Urb. Zona Comercial frente a la Plaza Cívica ;OPERATIVO;SI;SI;SI;SI;SI;NO;SI;SI;SI;;;
310;550;LIMA;LIMA;JESUS MARIA;;;;AG 06 DE AGOSTO;08:45 a 16:45;Avenida 06 de Agosto N° 856;OPERATIVO;NO;NO;NO;NO;SI;NO;SI;SI;NO;;;
311;577;LIMA;LIMA;SAN MARTIN DE PORRES;;;;ORA NACIONAL CAYETANO HEREDIA (MINSA);08:45 a 16:30;Jirón Honorio Delgado N° 262 - Urb. Ingeniería / Obstetricia;OPERATIVO;SI;NO;NO;SI;NO;SI;NO;NO;NO;;;
312;640;LIMA;HUAURA;HUACHO;;;;ORA HOSPITAL GENERAL DE HUACHO (MINSA);08:45 a 16:30;Avenida Jose Arnaldo Arambulo La Rosa N° 251;OPERATIVO;SI;SI;NO;SI;SI;SI;NO;NO;NO;;;
313;661;CALLAO;CALLAO;CALLAO;;;;OR CALLAO;08:45 a 16:45;Avenida Dos de Mayo N° 440 - 446;OPERATIVO;SI;SI;SI;SI;SI;SI;SI;SI;SI;;;
314;717;LIMA;LIMA;EL AGUSTINO;;;;MAC - LIMA ESTE;"L - V  08:30 a 18:00 
SAB.8:30 a 13:00";Avenida Carretera Central 111 Mall Aventura Santa Anita Nivel 2;OPERATIVO;SI;SI;SI;SI;SI;NO;SI;SI;SI;;;
315;729;CALLAO;CALLAO;CARMEN DE LA LEGUA REYNOSO;;;;ORA HOSPITAL SAN JOSE (MINSA);08:45 a 16:30;Jirón Las Magnolias 475 Carmen de la Legua-Reynoso;OPERATIVO;SI;SI;NO;SI;SI;SI;NO;NO;NO;;;
316;730;CALLAO;CALLAO;VENTANILLA;;;;ORA HOSPITAL DE VENTANILLA (MINSA);08:45 a 16:30;Avenida Pedro Beltran S/N Ventanilla - Hospital de Ventanilla;OPERATIVO;SI;SI;NO;SI;SI;SI;NO;NO;NO;;;
317;739;LIMA;CAÑETE;SAN LUIS;;;;ORA HOSPITAL REZOLA (MINSA);08:45 a 16:30;Calle Distrito de San Luis S/N;OPERATIVO;SI;SI;NO;SI;SI;SI;NO;NO;NO;;;
318;740;LIMA;BARRANCA;BARRANCA;;;;ORA HOSPITAL DE BARRANCA (MINSA);08:45 a 16:30;Avenida Nicolás de Piérola Nº 210 -224;OPERATIVO;SI;SI;NO;SI;SI;SI;NO;NO;NO;;;
319;753;LIMA;HUARAL;HUARAL;;;;ORA HOSPITAL SAN JUAN BAUTISTA HUARAL (MINSA);08:45 a 16:30;Calle Tacna Nº 120 Urb. San Juan I;OPERATIVO;SI;SI;NO;SI;SI;SI;NO;NO;NO;;;
320;754;LIMA;LIMA ;COMAS;;;;ORA HOSPITAL NACIONAL SERGIO E. BERNALES (MINSA);08:45 a 16:30;Avenida Túpac Amaru N° 8000, Collique, Comas.;OPERATIVO;SI;SI;NO;SI;SI;SI;NO;NO;NO;;;
321;755;LIMA;LIMA;LIMA;;;;ORA NACIONAL DOS DE MAYO (MINSA);08:45 a 16:30;Avenida Parque Historia De La Medicina Peruana S/N Altura Cuadra 13 Av Grau;OPERATIVO;SI;SI;NO;SI;SI;SI;NO;NO;NO;;;
322;757;LIMA;LIMA;ATE ;;;;ORA HOSPITAL DE HUAYCAN (MINSA);08:45 a 16:30;Avenida José C.Mariátegui S/N Zona B - A.H.Huaycán S/N Ate Lima Lima;OPERATIVO;SI;SI;NO;SI;SI;SI;NO;NO;NO;;;
323;796;LIMA;LIMA;SAN JUAN DE MIRAFLORES;;;;MAC - LIMA SUR;"L - V  08:30 a 18:00 
SAB.8:30 a 13:00";Avenida Circunvalación 1583- San Juan de Miraflores;OPERATIVO;SI;SI;SI;SI;SI;NO;SI;SI;SI;;;
324;808;LIMA;LIMA;COMAS;;;;MAC - LIMA NORTE;"L - V  08:30 a 18:00 
SAB.8:30 a 13:00";Avenida Los Angeles N° 602 2do piso - Cc Mall Plaza ;OPERATIVO;SI;SI;SI;SI;SI;NO;SI;SI;SI;;;
325;600013;LIMA;LIMA;JESUS MARIA;;;;AGENTE RENIEC - OR JESUS MARIA;08:45 a 16:45;Jirón Talara N° 130;OPERATIVO;NO;NO;NO;NO;NO;NO;SI;NO;NO;;;
326;600011;LIMA;LIMA;MIRAFLORES;;;;AGENTE RENIEC - OR MIRAFLORES;08:45 a 16:45;Avenida Diez Canseco N° 230;OPERATIVO;NO;NO;NO;NO;NO;NO;SI;NO;NO;;;
327;600023;LIMA;LIMA;INDEPENDENCIA;;;;AGENTE RENIEC - OR INDEPENDENCIA;08:45 a 16:45;Calle Los Andes Nº 486 Urb. Industrial Panamericana Norte;OPERATIVO;NO;NO;NO;NO;NO;NO;SI;NO;NO;;;
328;17;LIMA;LIMA;SANTA ANITA;;;;ORA HOSP. JORGE VOTO BERNALES (ESSALUD);08:45 a 16:30;Carretera CARRETERA CENTRAL KM. 3,5 - SANTA ANITA;OPERATIVO;SI;NO;NO;SI;NO;SI;NO;NO;NO;;;
329;186;LIMA;LIMA;LIMA;;;;HOSP. NAC DOC MADRE Y NIÑO  SAN BARTOLOME (MINSA);08:45 a 16:30;Avenida ALFONSO UGARTE 825 - LIMA;OPERATIVO;SI;NO;NO;SI;NO;SI;NO;NO;NO;;;
330;183;LIMA;LIMA;CHORRILLOS;;;;CMI VIRGEN DEL CARMEN  (MINSA);08:45 a 16:30;Avenida LEOPOLDO ARIAS 200 FRENTE AL COLISEO MARISCAL CACERES;OPERATIVO PARCIAL;SI;NO;NO;SI;NO;SI;NO;NO;NO;;;
331;13;LIMA;LIMA;PUENTE PIEDRA;;;;ORA HOSPITAL PUENTE PIEDRA (MINSA);08:45 a 16:30;Avenida SAENZ PEÑA S/N KM 30;OPERATIVO;SI;NO;NO;SI;NO;SI;NO;NO;NO;;;
332;1183;LIMA;HUARAL;CHANCAY;;;;AG CHANCAY;08:45 a 16:45;Avenida 1ro de mayo s/n cdra 03;OPERATIVO;SI;NO;SI;SI;SI;NO;SI;SI;NO;;;
333;9;LIMA;LIMA;PUEBLO LIBRE;;;;ORA HOSPITAL SANTA ROSA;08:45 a 16:30;Avenida Bolivar Crda. 8 Pueblo Libre ;OPERATIVO;SI;NO;NO;SI;NO;SI;NO;NO;NO;;;
334;769;LIMA;LIMA;INDEPENDENCIA;;;;ORA  CMI TAHUANTINSUYO BAJO;08:45 a 16:30;Avenida Chinchaysullo cdra 4 Independencia;OPERATIVO PARCIAL;SI;SI;NO;SI;SI;SI;NO;NO;NO;;;
335;114;LIMA;LIMA;SURQUILLO;;;;AG. INSTITUTO NACIONAL DE ENFERMEDADES NEOPLASICAS;08:45 a 16:45;Av. Angamos Este 2520 - Surquillo (puerta emergencia del INEN);OPERATIVO;SI;NO;SI;SI;NO;NO;NO;NO;NO;;;
336;491;LIMA;LIMA;SAN MARTIN DE PORRES;;;;AGENTE RENIEC - OR SAN MARTIN DE PORRES;08:45 a 16:45;Av. Eduardo de Habich 592;OPERATIVO;NO;NO;NO;NO;NO;NO;SI;NO;NO;;;
337;600003;LIMA;LIMA;SAN JUAN DE MIRAFLORES;;;;AGENTE RENIEC - MALL  DEL SUR;08:45 a 16:45;Av. Los Lirios s/n, altura de  puente Atocongo;OPERATIVO;NO;NO;NO;NO;NO;NO;SI;NO;NO;;;
338;600006;LIMA;LIMA;COMAS;;;;AGENTE RENIEC - OR COMAS I;08:45 a 16:45;Av. Tupac Amaru N° 5527 - 5531 - 5535, Urb Huaquillay 2da Etapa;OPERATIVO;NO;NO;NO;NO;NO;NO;SI;NO;NO;;;
339;600012;LIMA;LIMA;SAN BORJA;;;;AGENTE RENIEC - OR SAN BORJA;08:45 a 16:45;Av. San Luis N° 1673 Urb. Jacaranda II;OPERATIVO;NO;NO;NO;NO;NO;NO;SI;NO;NO;;;
340;600002;LIMA;LIMA;LIMA;;;;AGENTE RENIEC - OR LIMA;08:45 a 16:45;Av. Nicolas de Pierola 545;OPERATIVO;NO;NO;NO;NO;NO;NO;SI;NO;NO;;;
341;600005;LIMA;LIMA;LIMA;;;;AGENTE RENIEC - AGENCIA ANCASH;08:45 a 16:45;Jr. Ancash 336-340 Cercado;OPERATIVO;NO;NO;NO;NO;NO;NO;SI;NO;NO;;;
342;600009;LIMA;BARRANCA;BARRANCA;;;;AGENTE RENIEC - OR BARRANCA;08:45 a 16:45;Av. Prolongacion Independencia 250;OPERATIVO;NO;NO;NO;NO;NO;NO;SI;NO;NO;;;
343;50;LIMA;LIMA;LIMA;;;;ORA HOSPITAL NACIONAL ARZOBISPO LOAYZA;08:45 a 16:30;Av. Alfonso Ugarte N° 848;OPERATIVO;SI;NO;NO;SI;NO;SI;NO;NO;NO;;;
344;758;LIMA;LIMA;VILLA EL SALVADOR;;;;ORA HOSPITAL EMERGENCIA VILLA EL SALVADOR;08:45 a 16:30;Avenida  Pastor Sevilla cruce Av. 200 millas VES;OPERATIVO;SI;SI;NO;SI;SI;SI;NO;NO;NO;;;
345;19;PUNO;PUNO;PUNO;;;;ORA MANUEL NUÑEZ BUTRON;08:45 a 16:45;El Sol N° 1022;OPERATIVO;SI;NO;NO;SI;SI;SI;NO;NO;NO;;;
346;89;PUNO;PUNO;PUNO;;;;ORA HOSPITAL BASE III (PUNO) - RED ASISTENCIAL PUNO;08:45 a 16:45;Francisco Cáceres Jara Nº 600;OPERATIVO;SI;NO;NO;SI;SI;SI;NO;NO;NO;;;
347;90;PUNO;SAN ROMAN;JULIACA;;;;ORA CARLOS MONGE MEDRANO;08:45 a 16:45;Carretera a Huancane Km 2;OPERATIVO;SI;NO;NO;SI;SI;SI;NO;NO;NO;;;
348;108;PUNO;EL COLLAO ;ILAVE ;;;;ORA ILAVE;08:45 a 16:45;Atahualpa Nº 825;OPERATIVO;SI;NO;NO;SI;SI;SI;NO;NO;NO;;;
349;118;PUNO;SAN ROMAN;JULIACA;;;;ORA HOSPITAL BASE III JULIACA - ESSALUD - RED ASISTENCIAL JULIACA;08:45 a 16:45;José Santos Chocano S/N - La Capilla;OPERATIVO;SI;NO;NO;SI;SI;SI;NO;NO;NO;;;
350;551;PUNO;PUNO;PUNO;;;;OR PUNO;08:45 a 16:45;Arequipa N° 1143 - 1145 Barrio Victoria;OPERATIVO;SI;SI;SI;SI;SI;SI;SI;SI;SI;;;
351;552;PUNO;AZANGARO;AZANGARO;;;;PAP AZANGARO;08:45 a 16:45;Azangaro N° 160  (Palacio Municipal);OPERATIVO;SI;NO;SI;SI;SI;NO;SI;SI;NO;;;
352;553;PUNO;CARABAYA;MACUSANI;;;;PAP CARABAYA;08:45 a 16:45;Raimondi N° 116;OPERATIVO;NO;NO;SI;SI;SI;NO;SI;SI;NO;;;
353;554;PUNO;CHUCUITO;JULI;;;;PAP CHUCUITO;08:45 a 16:45;Ilave 235 - Mercado Central Municipio;OPERATIVO;NO;NO;SI;SI;SI;NO;SI;SI;NO;;;
354;555;PUNO;HUANCANE;HUANCANE;;;;PAP HUANCANE;08:45 a 16:45;Moquegua N° 104 - Barrio Progreso;OPERATIVO;NO;NO;SI;SI;SI;NO;SI;SI;NO;;;
355;556;PUNO;LAMPA;LAMPA;;;;PAP LAMPA;08:45 a 16:45;Alfonso Ugarte N° 343;OPERATIVO;NO;NO;SI;SI;SI;NO;SI;SI;NO;;;
356;557;PUNO;MELGAR;AYAVIRI;;;;PAP MELGAR;08:45 a 16:45;Jorge Chavez N°  550;OPERATIVO;SI;NO;SI;SI;SI;NO;SI;SI;NO;;;
357;558;PUNO;SANDIA;SANDIA;;;;PAP SANDIA;08:45 a 16:45;Juliaca S/N - Mercado Central Sandia;OPERATIVO;NO;NO;SI;SI;SI;NO;SI;SI;NO;;;
358;559;PUNO;SAN ROMAN;JULIACA;;;;AG SAN ROMAN;08:45 a 16:45;Brascesco N° 181 ;OPERATIVO;SI;SI;SI;SI;SI;NO;SI;SI;SI;;;
359;560;PUNO;YUNGUYO;YUNGUYO;;;;PAP YUNGUYO;08:45 a 16:45;Grau Nº 240;OPERATIVO;NO;NO;SI;SI;SI;NO;SI;SI;NO;;;
360;561;PUNO;SAN ANTONIO DE PUTINA;PUTINA;;;;PAP PUTINA;08:45 a 16:45;Plaza de Armas S/N (Palacio Municipal);OPERATIVO;NO;NO;SI;SI;SI;NO;SI;SI;NO;;;
361;562;PUNO;EL COLLAO;ILAVE;;;;PAP EL COLLAO;08:45 a 16:45;Bolognesi S/N - Coliseo Cubierto Ilave Oficina N° 02;OPERATIVO;SI;NO;SI;SI;SI;NO;SI;SI;NO;;;
362;563;PUNO;MOHO;MOHO;;;;PAP MOHO;08:45 a 16:45;Circunvalación S/N Terminal Terrestre;DESPLAZAMIENTO;NO;NO;SI;SI;SI;NO;NO;NO;NO;;;
363;634;PUNO;AZANGARO;AZANGARO;;;;ORA CARLOS CORNEJO ROSELLO;08:45 a 16:45;Francisco Bolognesi N° 557;OPERATIVO;SI;NO;NO;SI;SI;SI;NO;NO;NO;;;
364;635;PUNO;CHUCUITO;JULI;;;;ORA JULI;08:45 a 16:45;Panamericana S/N;OPERATIVO;SI;NO;NO;SI;SI;SI;NO;NO;NO;;;
365;636;PUNO;HUANCANE;HUANCANE;;;;ORA HOSPITAL LUCIO ALDAZABAL PAUCA;08:45 a 16:45;Santa Cruz S/N;OPERATIVO;SI;NO;NO;SI;SI;SI;NO;NO;NO;;;
366;637;PUNO;MELGAR;AYAVIRI;;;;ORA SAN JUAN DE DIOS (AYAVIRI);08:45 a 16:45;Progreso S/N;OPERATIVO;SI;NO;NO;SI;SI;SI;NO;NO;NO;;;
367;759;PUNO;SAN ROMAN;JULIACA;;;;ORA CENTRO DE SALUD CLAS SANTA ADRIANA;08:45 a 16:45;Pachacutec S/N;OPERATIVO;SI;NO;NO;SI;SI;SI;NO;NO;NO;;;
368;792;PUNO;SAN ROMAN;SAN MIGUEL;;;;PAP SAN MIGUEL - JR11;08:45 a 16:45;Palacio Municipal S/N;OPERATIVO;SI;NO;SI;SI;SI;NO;SI;SI;NO;;;
369;791;PUNO;CHUCUITO;DESAGUADERO;;;;PAP DESAGUADERO;08:45 a 16:45;28 de Julio N° 305 - Desaguadero;OPERATIVO;NO;NO;SI;SI;SI;NO;NO;NO;NO;;;
370;824;PUNO;PUNO;ACORA;;;;PAP ACORA;08:45 a 16:45;Plaza de Armas (Palacio Municipal);OPERATIVO;NO;NO;SI;SI;SI;NO;NO;NO;NO;;;
371;1184;PUNO;SAN ROMAN;JULIACA;;;;MAC - PUNO;08:30 a 16:30;San Martin lote 07;OPERATIVO;SI;SI;SI;SI;SI;NO;SI;SI;SI;;;
372;1185;PUNO;CARABAYA;CRUCERO;;;;PANP CRUCERO;08:45 a 16:45;Plaza de Armas S/N;DESPLAZAMIENTO;NO;NO;SI;SI;SI;NO;SI;SI;NO;;;
373;18;ICA;ICA;ICA;;;;ORA REGIONAL DE ICA (MINSA);08:45 a 16:30;Avenida Huacachina S/N;OPERATIVO;SI;SI;NO;SI;SI;SI;NO;NO;NO;;;
374;125;AYACUCHO;LUCANAS;PUQUIO;;;;AG LUCANAS;08:45 a 16:45;Jirón San Pedro  Nº 216;OPERATIVO;SI;SI;SI;SI;SI;NO;SI;SI;SI;;;
375;126;AYACUCHO;PARINACOCHAS;CORACORA;;;;AG PARINACOCHAS;08:45 a 16:45;Jirón Bolognesi N° 419 Plaza de Armas;OPERATIVO;SI;NO;SI;SI;SI;NO;SI;SI;NO;;;
376;150;ICA;ICA;PARCONA;;;;PAP PARCONA;08:45 a 16:45;Avenida Jhon F. Kennedy N° 500 con Calle Lima S/N (Costado del Palacio Municipal);OPERATIVO;SI;SI;SI;SI;SI;NO;SI;SI;SI;;;
377;271;ICA;ICA;ICA;;;;OR ICA;08:45 a 16:45;Avenida San Martin N° 1366 Mz. M-02 Lt. 035. Urb. San Isidro ;OPERATIVO;SI;SI;SI;SI;SI;NO;SI;SI;SI;;;
378;272;ICA;CHINCHA;CHINCHA ALTA;;;;AG CHINCHA;08:45 a 16:45;Calle Los Angeles N° 300;OPERATIVO;SI;SI;SI;SI;SI;NO;SI;SI;SI;;;
379;273;ICA;NASCA;NASCA;;;;AG NASCA;08:45 a 16:45;Calle Fermin del Castillo N° 270;OPERATIVO;SI;SI;SI;SI;SI;NO;SI;SI;SI;;;
380;274;ICA;PISCO;PISCO;;;;AG PISCO;08:45 a 16:45;Calle San Juan de Dios N° 288;OPERATIVO;SI;SI;SI;SI;SI;NO;SI;SI;SI;;;
381;275;ICA;PALPA;PALPA;;;;AG PALPA;08:45 a 16:45;Calle Portal de Escribanos Nº 145;OPERATIVO;SI;NO;SI;SI;SI;NO;SI;SI;NO;;;
382;330;AYACUCHO;LUCANAS;CABANA;;;;PAP CABANA ;08:45 a 16:45;Jirón Jorge Chavez N° 272 ;DESPLAZAMIENTO;NO;NO;SI;SI;SI;NO;SI;SI;NO;;;
383;346;AYACUCHO;LUCANAS;PUQUIO;;;;ORA FELIPE HUAMAN POMA DE AYALA (MINSA);08:45 a 16:30;Avenida Arnaldo Alvarado S/N ;OPERATIVO;SI;SI;NO;SI;SI;SI;NO;NO;NO;;;
384;347;AYACUCHO;PARINACOCHAS;CORACORA;;;;ORA HOSPITAL DE APOYO DE CORACORA (MINSA);08:45 a 16:30;Avenida La Cultura S/N;OPERATIVO;SI;SI;NO;SI;SI;SI;NO;NO;NO;;;
385;354;ICA;ICA;ICA;;;;ORA SANTA MARIA DEL SOCORRO (MINSA);08:45 a 16:30;Calle Castrovirreyna N° 759;OPERATIVO;SI;SI;NO;SI;SI;SI;NO;NO;NO;;;
386;355;ICA;PISCO;PISCO;;;;ORA SAN JUAN DE DIOS (MINSA);08:45 a 16:30;Avenida Fermín Tanguis S/N (Altura del Fundo Alto de la Luna);OPERATIVO;SI;SI;NO;SI;SI;SI;NO;NO;NO;;;
387;356;ICA;CHINCHA;CHINCHA ALTA;;;;ORA SAN JOSE DE CHINCHA (MINSA);08:45 a 16:30;Avenida Abelardo Alva Maurtua Nº 600;OPERATIVO;SI;SI;NO;SI;SI;SI;NO;NO;NO;;;
388;469;AYACUCHO;LUCANAS;LARAMATE;;;;PANP LARAMATE;08:45 a 16:45;Jirón Ica S/N;DESPLAZAMIENTO;NO;NO;SI;SI;SI;NO;NO;NO;NO;;;
389;507;ICA;NASCA;NASCA;;;;ORA HOSPITAL DE APOYO DE NASCA (MINSA);08:45 a 16:30;Calle Callao S/N - 5ta Cuadra;OPERATIVO;SI;SI;NO;SI;SI;SI;NO;NO;NO;;;
390;233;ICA;ICA;ICA;;;;ORA AUGUSTO HERNANDEZ MENDOZA (ESSALUD);08:45 a 16:30;Calle José Matias Manzanilla S/N;OPERATIVO;SI;SI;NO;SI;SI;SI;NO;NO;NO;;;
391;876;ICA;NASCA;MARCONA;;;;PAP MARCONA;08:45 a 16:45;Calle Andres Avelino Caceres S/N;OPERATIVO;SI;NO;SI;SI;SI;NO;NO;NO;NO;;;
392;1193;ICA;ICA;ICA;;;;MAC - ICA;08:30 a 16:30;Avenida Los Maestros S/N C.C. Mega Plaza Segundo Piso;OPERATIVO;SI;SI;SI;SI;SI;NO;SI;SI;SI;;;
393;600018;ICA;ICA;ICA;;;;AGENTE RENIEC  - MEGA PLAZA ICA;08:45 a 16:45;Avenida Los Maestros S/N C.C. Mega Plaza Segundo Piso;OPERATIVO;NO;NO;SI;SI;NO;NO;SI;NO;NO;;;
394;130;AYACUCHO;PAUCAR DES SARA SARA;PAUZA;;;;PAP PAUCAR DEL SARA SARA;08:45 a 16:45;Jirón Miguel de Cervantes N° 455 (Palacio Municipal);OPERATIVO;NO;NO;SI;SI;SI;NO;NO;NO;NO;;;
395;143;UCAYALI;CORONEL PORTILLO;CALLERIA;;;;ORA HOSPITAL REGIONAL DE PUCALLPA (MINSA);08:45 a 16:30;Jirón Luis Escavino N° 317;OPERATIVO;SI;NO;NO;SI;SI;SI;NO;NO;NO;;;
396;248;HUANUCO;PUERTO INCA;PUERTO INCA;;;;PAP PUERTO INCA;08:45 a 16:45;Jirón Vulcano S/N;OPERATIVO;NO;NO;SI;SI;SI;NO;NO;NO;NO;;;
397;337;UCAYALI;CORONEL PORTILLO;YARINACOCHA;;;;ORA HOSPITAL AMAZÓNICO - YARINACOCHA (MINSA);08:45 a 16:30;Jirón Aguaytia N° 605;OPERATIVO;SI;NO;NO;SI;SI;SI;NO;NO;NO;;;
398;646;UCAYALI;ATALAYA;RAIMONDI;;;;ORA ATALAYA;08:45 a 16:30;Calle Lima S/N  MZ.142 LT01 Piso 1 y 2 Urbanización Mario Pezo;OPERATIVO;SI;si;NO;SI;SI;SI;NO;NO;NO;;;
399;435;LORETO;UCAYALI;CONTAMANA;;;;PAP CONTAMANA;08:45 a 16:45;Calle Nuevo Loreto Mz.38C  Lt.5B;OPERATIVO;SI;SI;SI;SI;SI;NO;SI;SI;SI;;;
400;542;UCAYALI;PADRE ABAD;IRAZOLA ;;;;AG IRAZOLA ;08:45 a 16:45;Calle Progreso S/N ;OPERATIVO;SI;SI;SI;SI;SI;NO;NO;SI;NO;;;
401;701;UCAYALI;CORONEL PORTILLO;CALLERIA;;;;OR PUCALLPA;08:45 a 16:45;Jirón 09 de Diciembre N° 378 y Tacna Nº 891 Mz. 07 Lt. Acumulado 1-B, independiente.;OPERATIVO;SI;SI;SI;SI;SI;SI;SI;SI;SI;;;
402;702;UCAYALI;PADRE ABAD;PADRE ABAD;;;;PAP PADRE ABAD;08:45 a 16:45;Avenida Grau Nº 214;OPERATIVO;SI;SI;SI;SI;SI;NO;SI;SI;SI;;;
403;703;UCAYALI;ATALAYA;RAIMONDI;;;;PAP ATALAYA;08:45 a 16:45;Jirón Rioja Nº 659;OPERATIVO;NO;NO;SI;SI;SI;NO;NO;NO;NO;;;
404;704;UCAYALI;PURUS;PURUS;;;;PAP PURUS;08:45 a 16:45;Avenida Purus S/N;OPERATIVO;NO;NO;SI;SI;SI;NO;SI;SI;NO;;;
405;723;UCAYALI;ATALAYA;TAHUANIA;;;;PAP TAHUANIA;08:45 a 16:45;Jirón 7 de Junio  S/N;OPERATIVO;NO;NO;SI;SI;SI;NO;NO;NO;NO;;;
406;828;UCAYALI;CORONEL PORTILLO;YARINACOCHA;;;;MAC - UCAYALI;08:30 a 16:30;Avenida Centenario 1642 (2do piso) Centro Comercial Real Plaza;OPERATIVO;SI;SI;SI;SI;SI;NO;SI;SI;SI;;;
407;15;HUANCAVELICA;HUANCAVELICA;IZCUCHACA;;;;PAP IZCUCHACA;08:45 a 16:45;Avenida Ferrocarril  S/N ;OPERATIVO;SI;NO;SI;SI;SI;NO;SI;SI;NO;;;
408;16;HUANCAVELICA;ACOBAMBA;PAUCARA;;;;PAP PAUCARA;08:45 a 16:45; Plaza Mayor S/N;OPERATIVO;SI;NO;SI;SI;SI;NO;SI;SI;NO;;;
409;20;HUANCAVELICA;HUANCAVELICA;HUANCAVELICA;;;;ORA HOSPITAL REGIONAL ZACARIAS CORREA VALDIVIA (MINSA);08:45 a 16:30;Avenida Andrés Avelino Cáceres S/N - Barrio Yananaco;OPERATIVO;SI;NO;NO;SI;NO;SI;NO;NO;NO;;;
410;618;HUANCAVELICA;HUANCAVELICA;HUANDO;;;;ORA HUANDO (MINSA);08:45 a 16:30;Calle Cementerio s/n;OPERATIVO;SI;NO;NO;SI;SI;SI;NO;NO;NO;;;
411;62;HUANCAVELICA;HUANCAVELICA;ASCENSIÓN;;;;ORA HOSPITAL II HUANCAVELICA (ESSALUD);08:45 a 16:30;Avenida Teresa de Jurnet S/N;OPERATIVO;SI;NO;NO;SI;NO;SI;NO;NO;NO;;;
412;221;HUANCAVELICA;HUANCAVELICA;HUANCAVELICA;;;;OR HUANCAVELICA;08:45 a 16:45;Avenida San Cristóbal Nº 384, 386 y 388;OPERATIVO;SI;SI;SI;SI;SI;SI;SI;SI;SI;;;
413;222;HUANCAVELICA;ACOBAMBA;ACOBAMBA;;;;OR ACOBAMBA;08:45 a 16:45;Jirón Dos De Mayo N° 459;OPERATIVO;SI;SI;SI;SI;SI;SI;SI;SI;SI;;;
414;223;HUANCAVELICA;ANGARAES;LIRCAY;;;;OR ANGARAES;08:45 a 16:45;Avenida Centenario S/N - Barrio de Pueblo Nuevo - Dentro del Centro Civico;OPERATIVO;SI;SI;SI;SI;SI;SI;SI;SI;SI;;;
415;224;HUANCAVELICA;CASTROVIRREYNA;CASTROVIRREYNA;;;;OR CASTROVIRREYNA;08:45 a 16:45;Avenida Los Libertadores S/N;OPERATIVO;SI;SI;SI;SI;SI;SI;SI;SI;SI;;;
416;225;HUANCAVELICA;TAYACAJA;PAMPAS;;;;OR TAYACAJA;08:45 a 16:45;Jirón Manco Capac S/N con Jirón Alfonso Ugarte Cordova y Necochea - Coliseo Multiuso;OPERATIVO;SI;SI;SI;SI;SI;SI;SI;SI;SI;;;
417;226;HUANCAVELICA;HUAYTARA;HUAYTARA;;;;OR HUAYTARA;08:45 a 16:45;Calle 24 de Junio S/N - 2do piso Centro Cívico ;OPERATIVO;SI;SI;SI;SI;SI;SI;SI;SI;SI;;;
418;227;HUANCAVELICA;CHURCAMPA;CHURCAMPA;;;;OR CHURCAMPA;08:45 a 16:45;Jirón Real N° 255;OPERATIVO;SI;SI;SI;SI;SI;SI;SI;SI;SI;;;
419;362;HUANCAVELICA;TAYACAJA;PAMPAS;;;;ORA HOSPITAL DE PAMPAS (MINSA);08:45 a 16:30;Jirón Bolívar S/N ;OPERATIVO;SI;NO;NO;SI;SI;SI;NO;NO;NO;;;
420;467;HUANCAVELICA;ANGARAES;LIRCAY;;;;ORA LIRCAY (MINSA);08:45 a 16:30;Avenida Esmeralda S/N;DESPLAZAMIENTO;SI;NO;NO;SI;SI;SI;NO;NO;NO;;;
421;498;HUANCAVELICA;TAYACAJA;SURCUBAMBA;;;;AG SURCUBAMBA;08:45 a 16:45;Calle Alfonso Ugarte S/N;OPERATIVO;SI;NO;SI;SI;SI;NO;SI;SI;NO;;;
422;510;HUANCAVELICA;TAYACAJA;COLCABAMBA;;;;AG COLCABAMBA;08:45 a 16:45;Avenida Centenario S/N;OPERATIVO;SI;NO;SI;SI;SI;NO;SI;SI;NO;;;
423;598;HUANCAVELICA;HUANCAVELICA;YAULI;;;;ORA YAULI (MINSA);08:45 a 16:30;Avenida Jorge Chávez S/N;OPERATIVO;SI;NO;NO;SI;SI;SI;NO;NO;NO;;;
424;468;HUANCAVELICA;ACOBAMBA;PAUCARA;;;;ORA PAUCARA (MINSA);08:45 a 16:30;Calle Lircay s/n;OPERATIVO;SI;NO;NO;SI;SI;SI;NO;NO;NO;;;
425;651;HUANCAVELICA;CHURCAMPA;CHURCAMPA;;;;ORA CHURCAMPA (MINSA);08:45 a 16:30;Calle Ricardo Palma N° 535 (Instalaciones del Centro de Salud);DESPLAZAMIENTO;SI;NO;NO;SI;SI;SI;NO;NO;NO;;;
426;59;PASCO;PASCO;YANACANCHA;;;;ORA DR. DANIEL ALCIDES CARRION GARCIA (MINSA);08:45 a 16:30;Avenida Los Incas S/N Urb. San Juan;OPERATIVO;SI;NO;NO;SI;SI;SI;NO;NO;NO;;;
427;115;PASCO;OXAPAMPA;PUERTO BERMUDEZ;;;;PAP PUERTO BERMÚDEZ;08:45 a 16:45;Avenida Remigio Morales Bermúdez S/N;OPERATIVO;SI;NO;SI;SI;SI;NO;SI;SI;NO;;;
428;116;PASCO;PASCO;HUARIACA;;;;PAP HUARIACA;08:45 a 16:45;Jirón 28 de Julio Nº 129;OPERATIVO;NO;NO;SI;SI;SI;NO;NO;NO;NO;;;
429;144;HUANUCO;HUANUCO;HUANUCO;;;;ORA HOSPITAL REGIONAL HERMILIO VALDIZAN (MINSA);08:45 a 16:30;Jirón Hermilio Valdizan Nº 950;OPERATIVO;SI;NO;NO;SI;SI;SI;NO;NO;NO;;;
430;170;PASCO;PASCO;PAUCARTAMBO;;;;PAP PAUCARTAMBO;08:45 a 16:45; Plaza 28 de Julio S/N;OPERATIVO;NO;NO;SI;SI;SI;NO;SI;SI;NO;;;
431;241;HUANUCO;HUANUCO;HUANUCO;;;;OR HUANUCO;08:45 a 16:45;Jirón 28 de Julio N° 825;OPERATIVO;SI;SI;SI;SI;SI;SI;SI;SI;SI;;;
432;242;HUANUCO;AMBO;AMBO;;;;PAP AMBO;08:45 a 16:45;Jirón 28 de Julio 697, Centro Cívico;OPERATIVO;SI;NO;SI;SI;SI;NO;NO;NO;NO;;;
433;243;HUANUCO;DOS DE MAYO;LA UNION;;;;PAP DOS DE MAYO;08:45 a 16:45;Jirón Lourdes N° 221;OPERATIVO;NO;NO;SI;SI;SI;NO;NO;NO;NO;;;
434;244;HUANUCO;HUAMALIES;LLATA;;;;PAP HUAMALIES;08:45 a 16:45;Jirón Huánuco N° 242;OPERATIVO;SI;NO;SI;SI;SI;NO;NO;NO;NO;;;
435;245;HUANUCO;MARAÑON;HUACRACHUCO;;;;PAP MARAÑON;08:45 a 16:45;Avenida 28 De Julio N° 602 ;OPERATIVO;NO;NO;SI;SI;SI;NO;SI;SI;NO;;;
436;246;HUANUCO;LEONCIO PRADO;RUPA-RUPA;;;;PAP LEONCIO PRADO;08:45 a 16:45;Jirón Chiclayo N° 585;OPERATIVO;SI;SI;SI;SI;SI;NO;SI;SI;SI;;;
437;247;HUANUCO;PACHITEA;PANAO;;;;PAP PACHITEA;08:45 a 16:45;Jirón Espinar N° 121;OPERATIVO;SI;SI;SI;SI;SI;NO;SI;SI;SI;;;
438;250;HUANUCO;LAURICOCHA;JESÚS;;;;PAP LAURICOCHA;08:45 a 16:45;Jirón Cristobal Colon S/N;DESPLAZAMIENTO;NO;NO;SI;SI;SI;NO;NO;NO;NO;;;
439;251;HUANUCO;YAROWILCA;CHAVINILLO;;;;PAP YAROWILCA;08:45 a 16:45;Jirón Virgen de Fátima S/N;OPERATIVO;SI;NO;SI;SI;SI;NO;SI;SI;NO;;;
440;340;PASCO;PASCO;CHAUPIMARCA;;;;ORA HOSPITAL II PASCO (ESSALUD);08:45 a 16:30; Barrio La Esperanza - Casa de Piedra;OPERATIVO;SI;NO;NO;SI;SI;SI;NO;NO;NO;;;
441;365;HUANUCO;PACHITEA;PANAO;;;;ORA PANAO (MINSA);08:45 a 16:30;Jirón Grau Nº 193;OPERATIVO;SI;NO;NO;SI;SI;SI;NO;NO;NO;;;
442;366;HUANUCO;LEONCIO PRADO;RUPA-RUPA;;;;ORA HOSPITAL TINGO MARIA (MINSA);08:45 a 16:30;Av. Ucayali Nº 114 ;OPERATIVO;SI;NO;NO;SI;SI;SI;NO;NO;NO;;;
443;367;HUANUCO;LEONCIO PRADO;JOSÉ CRESPO Y CASTILLO;;;;ORA AUCAYACU (MINSA);08:45 a 16:30;Jirón Grau S/N cuadra 4;OPERATIVO;SI;NO;NO;SI;SI;SI;NO;NO;NO;;;
444;368;HUANUCO;HUAMALIES;LLATA;;;;ORA LLATA (MINSA);08:45 a 16:30;Jr. 28 de Julio Nº 216;DESPLAZAMIENTO;SI;NO;NO;SI;SI;SI;NO;NO;NO;;;
445;451;HUANUCO;DOS DE MAYO;LA UNION;;;;ORA LA UNION (MINSA);08:45 a 16:30;Jirón Dos de Mayo N° 185;OPERATIVO;SI;NO;NO;SI;SI;SI;NO;NO;NO;;;
446;477;HUANUCO;LEONCIO PRADO;JOSÉ CRESPO Y CASTILLO;;;;PAP JOSE CRESPO Y CASTILLO;08:45 a 16:45;Jirón Maria Parado de Bellido S/N Cuadra 4;OPERATIVO;SI;NO;SI;SI;SI;NO;SI;SI;NO;;;
447;497;HUANUCO;LAURICOCHA;BAÑOS;;;;AG BAÑOS;08:45 a 16:45; Plaza de Armas S/N;DESPLAZAMIENTO;NO;NO;SI;SI;SI;NO;NO;NO;NO;;;
448;501;PASCO;PASCO;YANACANCHA;;;;AG PASCO;08:45 a 16:45;" Centro Comercial ""Sector Dos de San Juan Pampa Edif. 4 Tienda 3 San Juan-Yanacancha";OPERATIVO;SI;SI;SI;SI;SI;NO;SI;SI;SI;;;
449;502;PASCO;DANIEL ALCIDES CARRION;YANAHUANCA;;;;PAP DANIEL ALCIDES CARRIÓN;08:45 a 16:45;Jirón Jorge Chavez S/N Plaza Principal;OPERATIVO;NO;NO;SI;SI;SI;NO;SI;SI;NO;;;
450;503;PASCO;OXAPAMPA;OXAPAMPA;;;;PAP OXAPAMPA;08:45 a 16:45;Jirón Huancabamba S/N Mz. 162 Estadio Municipal Oxapampa;OPERATIVO;SI;SI;SI;SI;SI;NO;SI;SI;SI;;;
451;541;SAN MARTIN;TOCACHE;UCHIZA;;;;AG UCHIZA;08:45 a 16:45;Avenida Atahualpa N° 920;OPERATIVO;NO;NO;SI;SI;SI;NO;NO;NO;NO;;;
452;580;PASCO;OXAPAMPA;PALCAZÚ;;;;AG PALCAZU;08:45 a 16:45;Avenida Juan Santos Atahualpa Mz. U Lt. 01;OPERATIVO;SI;NO;SI;SI;SI;NO;SI;SI;NO;;;
453;588;SAN MARTIN;TOCACHE;TOCACHE;;;;PAP TOCACHE;08:45 a 16:45;Jirón San Juan Cdra 7 S/N Centro Cívico;OPERATIVO;SI;SI;SI;SI;SI;NO;SI;SI;SI;;;
454;596;HUANUCO;HUANUCO;CHINCHAO;;;;ORA ACOMAYO (MINSA);08:45 a 16:30;Pasaje Iguarizo S/N Mz. 6 Lt. 02;OPERATIVO;SI;NO;NO;SI;SI;SI;NO;NO;NO;;;
455;650;SAN MARTIN;TOCACHE;TOCACHE;;;;ORA HOSPITAL DE TOCACHE (MINSA);08:45 a 16:30;Jirón Ricardo Palma N° 550;OPERATIVO;SI;NO;NO;SI;SI;SI;NO;NO;NO;;;
456;653;HUANUCO;HUANUCO;SANTA MARIA DEL VALLE;;;;ORA SANTA MARIA DEL VALLE (MINSA);08:45 a 16:30;Jirón Libertad  S/N Intersección Carretera Central ;DESPLAZAMIENTO;SI;NO;NO;SI;SI;SI;NO;NO;NO;;;
457;749;HUANUCO;HUANUCO ;AMARILIS ;;;;ORA CARLOS SHOWING FERRARI (MINSA);08:45 a 16:30;Jirón Micaela Bastidas S/N Paucarbamba ;OPERATIVO;SI;NO;NO;SI;SI;SI;NO;NO;NO;;;
458;660;PASCO;OXAPAMPA;OXAPAMPA;;;;ORA HOSPITAL ERNESTO GERMAN GUZMAN GONZALES (MINSA);08:45 a 16:30;Jirón Eduardo Loechle S/N - Chontabamba;DESPLAZAMIENTO;SI;NO;NO;SI;SI;SI;NO;NO;NO;;;
459;802;HUANUCO;HUANUCO;HUANUCO;;;;MAC - HUÁNUCO;08:30 a 16:30;Jirón Independencia N° 1601, Centro Comercial Real Plaza, Primer Piso;OPERATIVO;SI;SI;SI;SI;SI;NO;SI;SI;SI;;;
460;597;HUANUCO;PACHITEA;UMARI;;;;ORA TAMBILLO UMARI (MINSA);08:45 a 16:30;Carretera Huanuco - Panao Km 37;DESPLAZAMIENTO;SI;NO;NO;SI;SI;SI;NO;NO;NO;;;
461;644;HUANUCO;YAROWILCA;CHAVINILLO;;;;ORA CHAVINILLO (MINSA);08:45 a 16:30;Avenida San Juan N° 102;DESPLAZAMIENTO;SI;NO;NO;SI;SI;SI;NO;NO;NO;;;
462;548;PASCO;OXAPAMPA;CONSTITUCIÓN;;;;AG CONSTITUCION;08:45 a 16:45;Avenida Fernando Belaunde S/N 4ta Etapa del Distrito de Constitución;OPERATIVO;NO;NO;SI;SI;SI;NO;NO;NO;NO;;;
463;1;AMAZONAS;CHACHAPOYAS;CHACHAPOYAS;;;;OR CHACHAPOYAS;08:45 a 16:45;Jirón Ortiz Arrieta 1135- 1137;OPERATIVO;SI;SI;SI;SI;SI;NO;SI;SI;SI;;;
464;2;AMAZONAS;BAGUA;BAGUA;;;;PAP BAGUA;08:45 a 16:45;Jirón Los Cedros Nº 263;OPERATIVO;SI;SI;SI;SI;SI;NO;SI;SI;SI;;;
465;3;AMAZONAS;BONGARA;JAZAN;;;;AG BONGARA;08:45 a 16:45;Avenida Marginal  Nº 100 -Pedro Ruíz;OPERATIVO;SI;NO;SI;SI;SI;NO;SI;SI;NO;;;
466;4;AMAZONAS;LUYA ;LUYA ;;;;AG LUYA;08:45 a 16:45;Jirón Diego Mori Zuta N° 447;OPERATIVO;SI;NO;SI;SI;SI;NO;NO;NO;NO;;;
467;5;AMAZONAS;RODRIGUEZ DE MENDOZA;SAN NICOLÁS;;;;AG RODRIGUEZ DE MENDOZA;08:45 a 16:45;Jirón Victor Mori N° 204;OPERATIVO;SI;NO;SI;SI;SI;NO;NO;NO;NO;;;
468;6;AMAZONAS;CONDORCANQUI;NIEVA;;;;PAP CONDORCANQUI;08:45 a 16:45;Calle Gonzalo puerta S/N;OPERATIVO;S;NO;SI;SI;SI;NO;SI;SI;NO;;;
469;7;AMAZONAS;UTCUBAMBA;BAGUA GRANDE;;;;PAP UTCUBAMBA;08:45 a 16:45;Jirón Simón Bolivar N° 545;OPERATIVO;SI;SI;SI;SI;SI;NO;SI;SI;SI;;;
470;158;CAJAMARCA;JAEN;JAEN;;;;OR JAEN;08:45 a 16:45;Calle Mariscal Ureta Nº 915;OPERATIVO;SI;SI;SI;SI;SI;NO;SI;SI;SI;;;
471;161;CAJAMARCA;SAN IGNACIO;SAN IGNACIO;;;;PAP SAN IGNACIO;08:45 a 16:45;Pasaje Santa Rosa 107 - 109 - cuadra 1;OPERATIVO;SI;NO;SI;SI;SI;NO;SI;SI;NO;;;
472;234;AMAZONAS;BAGUA;IMAZA;;;;OR IMAZA;08:45 a 16:45;Avenida Awajun 751 Centro Poblado Chiriaco;OPERATIVO ;SI;SI;SI;SI;SI;SI;SI;SI;SI;;;
473;363;AMAZONAS;CHACHAPOYAS;CHACHAPOYAS;;;;ORA HOSPITAL REGIONAL VIRGEN DE FATIMA (MINSA);08:45 a 16:30;Pasaje Daniel Alcides Carrión N° 035;OPERATIVO;SI;SI;NO;SI;SI;SI;NO;NO;NO;;;
474;452;AMAZONAS;BAGUA;BAGUA;;;;ORA HOSPITAL DE APOYO GUSTAVO LANATTA LUJAN (MINSA);08:45 a 16:30;Avenida Héroes de Cenepa N°980;OPERATIVO;SI;SI;NO;SI;SI;SI;NO;NO;NO;;;
475;453;CAJAMARCA;JAEN;JAEN;;;;ORA HOSPITAL GENERAL DE JAEN (MINSA);08:45 a 16:30;Prolongación Huamantanga s/n;OPERATIVO;SI;SI;NO;SI;SI;SI;NO;NO;NO;;;
476;471;AMAZONAS;BAGUA;IMAZA;;;;ORA CHIRIACO (MINSA);08:45 a 16:30;Calle Junin S/N;OPERATIVO;SI;SI;NO;SI;SI;SI;NO;NO;NO;;;
477;472;AMAZONAS;UTCUBAMBA;BAGUA GRANDE;;;;ORA HOSPITAL DE APOYO SANTIAGO APOSTOL DE UTCUBAMBA (MINSA);08:45 a 16:30;Jirón San Felipe Santiago N°111;OPERATIVO;SI;SI;NO;SI;SI;SI;NO;NO;NO;;;
478;476;CAJAMARCA;SAN IGNACIO;SAN IGNACIO;;;;ORA SAN IGNACIO (MINSA);08:45 a 16:30;Avenida Abelardo Quiñones S/N, Sector Santiago;OPERATIVO;SI;SI;NO;SI;SI;SI;NO;NO;NO;;;
479;619;AMAZONAS;BONGARA;FLORIDA;;;;ORA POMACOCHAS (MINSA);08:45 a 16:30;Jirón Pomacochas S/N ;OPERATIVO ;SI;SI;NO;SI;SI;SI;NO;NO;NO;;;
480;344;AMAZONAS;CONDORCANQUI;NIEVA;;;;ORA SANTA MARIA DE NIEVA (MINSA);08:45 a 16:30;Jirón Javier Pérez de Cuellar S/N Mz. N Lt. 03 Asent.Humano Héctor Peas Tsegkuan;OPERATIVO;SI;SI;NO;SI;SI;SI;NO;NO;NO;;;
481;652;AMAZONAS;UTCUBAMBA;LONYA GRANDE;;;;ORA LONYA GRANDE (MINSA);08:45 a 16:30;Jirón Alto Amazonas 340;OPERATIVO ;SI;SI;SI;SI;SI;SI;NO;NO;NO;;;
482;475;AMAZONAS;CONDORCANQUI;RIO SANTIAGO;;;;ORA GALILEA (MINSA);08:45 a 16:30;Jirón La Amistad S/N;OPERATIVO;SI;SI;NO;SI;SI;SI;NO;NO;NO;;;
483;720;CAJAMARCA;JAEN;PUCARA;;;;PAP PUCARA;08:45 a 16:45;Jiron Lindo 548;OPERATIVO;SI;NO;SI;SI;SI;NO;NO;NO;NO;;;
