Item,DEPARTAMENTO,PROVINCIA,DISTRITO,NOMBRE LOCAL,Estado,Horario de Atencion, DIRECCION 
1,CAJAMARCA,CHOTA,CHOTA,AG CHOTA,OPERATIVO,08:45 - 16:45  ,30 de Agosto Nº  848
2,PIURA,MORROPON,CHULUCANAS,AG CHULUCANAS,OPERATIVO,08:45 - 16:45  ,Jr Cusco 300
3,PIURA,SECHURA,SECHURA,PAP SECHURA,OPERATIVO,08:15 - 13:45  ,Dos de Mayo Nº 618 - Plaza de Armas - Municipalidad de Sechura
4,PIURA,PAITA,PAITA,PAP PAITA,OPERATIVO,08:15 - 13:45  ,San Martin S/N Plaza de Armas - Municipalidad de Paita
5,PIURA,PIURA,PIURA,OR PIURA,OPERATIVO,08:45 - 16:45  ,Libertad Nº 568
6,LAMBAYEQUE,CHICLAYO,CHICLAYO,OR CHICLAYO,OPERATIVO,08:45 - 16:45  ,Balta N° 680 y esquina con Av. Elias Aguirre
7,LAMBAYEQUE,CHICLAYO,JOSE LEONARDO ORTIZ,OR JOSÉ LEONARDO ORTIZ,OPERATIVO,08:45 - 16:45  ,Cacique Cinto Nº 317 Urb. Latina
8,PIURA,SULLANA,SULLANA,OR SULLANA,OPERATIVO,08:45 - 16:45  ,Leoncio Prado Nº 517
9,TUMBES,TUMBES,TUMBES,OR TUMBES,OPERATIVO,08:45 - 16:45  ,Av. Tumbes 550
10,PIURA,PIURA,TAMBO GRANDE,PAP TAMBOGRANDE,OPERATIVO,08:15 - 13:45  ,Jr. Salitral 241
11,PIURA,AYABACA,FRÍAS,OR FRIAS,OPERATIVO,08:45 - 16:45  ,Lima Nº 235
12,LAMBAYEQUE,FERREÑAFE,FERREÑAFE,PAP FERREÑAFE,OPERATIVO,08:45 - 16:45  ,Tres Marías Nº 717 – B
13,CAJAMARCA,CUTERVO,CUTERVO,PAP CUTERVO,OPERATIVO,08:45 - 16:45  ,Comercio N° 1103
14,CAJAMARCA,SANTA CRUZ,SANTA CRUZ,PAP SANTA CRUZ,OPERATIVO,08:15 - 13:45  ,Domingo Negrón Nº 399
15,PIURA,TALARA,PARIÑAS,AG TALARA,OPERATIVO,08:45 - 16:45  ,Martires Petroleros B-3 Conjunto Habitacional - Talara
16,LAMBAYEQUE,LAMBAYEQUE,LAMBAYEQUE,PAP LAMBAYEQUE,OPERATIVO,08:45 - 16:45  ,Av. Huamachuco 342
17,PIURA,AYABACA,AYABACA,PAP AYABACA,OPERATIVO,08:15 - 13:45  ,Bolognesi N° 181
18,PIURA,HUANCABAMBA,HUANCABAMBA,PAP HUANCABAMBA,OPERATIVO,08:15 - 13:45  ,Complejo Terminal Terrestre S/N - Stand 14
19,TUMBES,CONTRALMIRANTE VILLAR,ZORRITOS,PANP CONTRALMIRANTE VILLAR - ZORRITOS,CIERRE TEMPORAL,08:15 - 13:45  ,Grau Nº 305
20,TUMBES,ZARUMILLA,ZARUMILLA,ZARUMILLA,OPERATIVO,08:15 - 13:45  ,El Ejercito Nº 105 - Interior Biblioteca Municipal
21,TUMBES,TUMBES,TUMBES,ORA HOSPITAL REGIONAL JOSE ALFREDO MENDOZA OLAVARRIA JAMO II-2,CIERRE TEMPORAL,08:15 - 13:45  ,Av. 24 de Julio 565
22,LAMBAYEQUE,LAMBAYEQUE,LAMBAYEQUE,ORA HOSPITAL PROVINCIAL DOCENTE BELEN-LAMBAYEQUE,OPERATIVO,08:15 - 13:45  ,Av. Ramon Castilla  Nº 597
23,LAMBAYEQUE,CHICLAYO,CHICLAYO,ORA HOSPITAL REGIONAL DOCENTE LAS MERCEDES,OPERATIVO,08:15 - 13:45  ,Luis Gonzáles  Nº 635
24,CAJAMARCA,CHOTA,CHOTA,ORA HOSPITAL DE APOYO CHOTA - JOSE SOTO CADENILLAS ,OPERATIVO,08:15 - 13:45  ,Ezequiel Montoya Nª 718
25,PIURA,SULLANA,SULLANA,DE APOYO II-SULLANA,OPERATIVO,08:15 - 13:45  ,Santa Rosa S/N
26,PIURA,PIURA,TAMBOGRANDE,ORA CENTRO DE SALUD  MATERNO INFANTIL - TAMBO GRANDE  -CARLOS SCHAEFER SEMINARIO,OPERATIVO,08:15 - 13:45  ,"AAHH. Froilan Alama, Zona Industrial"
27,CAJAMARCA,CUTERVO,CUTERVO,HOSPITAL SANTA MARIA DE CUTERVO,OPERATIVO,08:15 - 13:45  ,Ica S/N
28,LAMBAYEQUE,OLMOS,OLMOS,OLMOS,CIERRE TEMPORAL,08:15 - 13:45  ,Av. A. b. Leguia/Calle Alfonso Ugarte
29,PIURA,PIURA,PIURA,MAC PIURA,OPERATIVO,Lun a Vie 08:00 - 16:45  Sab 08:00 - 13:45 ,Sanchez Cerro con Wiesse Centro Comercial Real Plaza
30,PIURA,Paita,Paita,ORA  HOSPITAL MERCEDES - PAITA,OPERATIVO,08:15 - 13:45  ,Zona Industrial Sector  II Mz H Lt 01
31,LA LIBERTAD,TRUJILLO,TRUJILLO,OR TRUJILLO I,OPERATIVO,08:45 - 16:45  ,Av. Pablo Casals Mz. A Lote 6 Urb. Los Cedros
32,LA LIBERTAD,TRUJILLO,VICTOR LARCO HERRERA,OR TRUJILLO II,OPERATIVO,08:45 - 16:45  ,Av. Larco Nº 1096 Urb. Vista Alegre - 1º Piso
33,LA LIBERTAD,TRUJILLO,EL PORVENIR,OR EL PORVENIR,OPERATIVO,08:45 - 16:45  ,Gabriel Aguilar Nº 1657 2do piso
34,LA LIBERTAD,TRUJILLO,EL PORVENIR,OR ALTO TRUJILLO,OPERATIVO,08:45 - 16:45  ,Mz. T Lote 2 del Barrio 3
35,CAJAMARCA,CAJAMARCA,CAJAMARCA,OR CAJAMARCA,OPERATIVO,08:45 - 16:45  ,"Del Comercio Nº 629-633 (Ex Jiron Lima N° 611, 613 y 619)"
36,LA LIBERTAD,PATAZ,PARCOY,OR PARCOY,OPERATIVO,08:15 - 13:45  ,San Martín N° 859
37,LA LIBERTAD,OTUZCO,OTUZCO,AG OTUZCO,OPERATIVO,08:45 - 16:45  ,Psje. Elías Armas Castillo Lote 5-E-1 Mz. 28
38,LA LIBERTAD,PACASMAYO,SAN PEDRO DE LLOC,AG PACASMAYO,OPERATIVO,08:45 - 16:45  ,Psje. Alianza Nº 524
39,LA LIBERTAD,SANCHEZ CARRION,HUAMACHUCO,AG SANCHEZ CARRION,OPERATIVO,08:45 - 16:45  ,Jr. Alfonso Ugarte Nº 567
40,LA LIBERTAD,PATAZ,CHILLIA,AG CHILLIA,OPERATIVO,08:15 - 13:45  ,Jr. Miraflores S/N
41,LA LIBERTAD,ASCOPE,ASCOPE,PAP ASCOPE,OPERATIVO,08:45 - 16:45  ,Jr. Grau N° 879
42,LA LIBERTAD,VIRU,VIRU,PAP VIRU,OPERATIVO,08:45 - 16:45  ,Lote N° 08 Manzana A Urb. Las Palmeras
43,CAJAMARCA,CONTUMAZA,CONTUMAZÁ,PAP CONTUMAZA,OPERATIVO,08:15 - 13:45  ,Miguel Grau Nº 212
44,LA LIBERTAD,GRAN CHIMU,CASCAS,PAP GRAN CHIMU,OPERATIVO,08:15 - 13:45  ,Progreso S/N Cdra 3
45,CAJAMARCA,CAJABAMBA,CAJABAMBA,PAP CAJABAMBA,OPERATIVO,08:45 - 16:45  ,Jr. Grau Nº 224 
46,CAJAMARCA,CELENDIN,CELENDÍN,PAP CELENDIN,OPERATIVO,08:45 - 16:45  ,Jr. Pardo N° 610
47,CAJAMARCA,HUALGAYOC,BAMBAMARCA,PAP HUALGAYOC,OPERATIVO,08:45 - 16:45  ,Jr. 07 de Junio Nº 470
48,CAJAMARCA,SAN MARCOS,PEDRO GÁLVEZ,PAP SAN MARCOS,OPERATIVO,08:45 - 16:45  ,Jr. Alfonso Ugarte N° 325
49,LA LIBERTAD,BOLIVAR,BOLÍVAR,PAP BOLIVAR,OPERATIVO,08:15 - 13:45  ,Jr. Bolivar N° 319 - Mz 20 - Lote 8
50,LA LIBERTAD,JULCAN,JULCÁN,PAP JULCAN,CIERRE TEMPORAL,,28 de Julio N°201 Centro Civico
51,LA LIBERTAD,SANTIAGO DE CHUCO,SANTIAGO DE CHUCO,PAP SANTIAGO DE CHUCO,OPERATIVO,08:15 - 13:45  ,Luis de La Puente Uceda  Nº 1120
52,CAJAMARCA,SAN PABLO,SAN PABLO,PAP SAN PABLO,OPERATIVO,08:15 - 13:45  ,Jr. Plaza de Armas S/N
53,CAJAMARCA,SAN MIGUEL,SAN MIGUEL,PAP SAN MIGUEL,CIERRE TEMPORAL,,Jr. Bolognesi N° 364
54,LA LIBERTAD,CHEPEN,CHEPÉN,PAP CHEPEN,OPERATIVO,08:45 - 16:45  ,Calle San Pedro N° 610 Chepen
55,LA LIBERTAD,PATAZ,TAYABAMBA,PAP PATAZ,OPERATIVO,08:15 - 13:45  ,Jr. Sucre N° 337 - 1er Piso Centro Civico
56,CAJAMARCA,CONTUMAZA,CHILETE,PANP CHILETE,CIERRE TEMPORAL,,Arequipa 330
57,CAJAMARCA,CAJAMARCA,CAJAMARCA,ORA REGIONAL CAJAMARCA,OPERATIVO,08:15 - 13:45  ,Jr. Larry Jhonson Cdra. 08
58,CAJAMARCA,CAJAMARCA,BAÑOS DEL INCA,ORA BAÑOS DEL INCA,OPERATIVO,08:15 - 13:45  ,Jr. Pachacutec N° 489
59,CAJAMARCA,CAJABAMBA,CAJABAMBA,ORA NUESTRA SEÑORA DEL ROSARIO,OPERATIVO,08:15 - 13:45  ,Jr. La Torre N° 277
60,CAJAMARCA,CELENDIN,CELENDÍN,ORA DE APOYO CELENDIN,OPERATIVO,08:15 - 13:45  ,Av. Tupac Amaru Cdra 08.
61,LA LIBERTAD,CHEPEN,CHEPÉN,ORA DE APOYO CHEPEN,OPERATIVO,08:15 - 13:45  ,Av. 28 de Julio S/N
62,LA LIBERTAD,SANCHEZ CARRION,HUAMACHUCO,ORA DE APOYO LEONCIO PRADO,OPERATIVO,08:15 - 13:45  ,Av. 10 de Julio N° 209
63,LA LIBERTAD,TRUJILLO,LA ESPERANZA,ORA DISTRITAL DE JERUSALEN,OPERATIVO,08:15 - 13:45  ,Pasaje 1 Barrio 33 Mz. 20 Lt. 02 Sector Jerusalem
64,LA LIBERTAD,OTUZCO,OTUZCO,ORA ELPIDIO BEROVIDES PEREZ,OPERATIVO,08:15 - 13:45  ,Calle Progreso 385
65,LA LIBERTAD,TRUJILLO,TRUJILLO,ORA HOSPITAL BELÉN DE TRUJILLO,OPERATIVO,08:15 - 13:45  ,Jr. Bolívar Nº 350
66,CAJAMARCA,CAJAMARCA,CAJAMARCA,ORA SIMON BOLIVAR,OPERATIVO,08:15 - 13:45  ,Av. Mario Urteaga N° 500
67,CAJAMARCA,Hualgayoc,Bambamarca,ORA BAMBAMARCA  TITO VILLAR CABEZAS,OPERATIVO,08:15 - 13:45  ,Ricardo Palma Nº 689
68,LA LIBERTAD,TRUJILLO,TRUJILLO,ORA REGIONAL DOCENTE TRUJILLO,OPERATIVO,08:15 - 13:45  ,Av. Mansiche Nº 795
,LA LIBERTAD,ASCOPE,PAIJAN,ORA CENTRO DE SALUD PAIJAN,OPERATIVO,08:15 - 13:45  ,Carretera Panamericana s/n
,LA LIBERTAD,SANTIAGO DE CHUCO,SANTIAGO DE CHUCO,ORA CÉSAR VALLEJO MENDOZA,OPERATIVO,08:15 - 13:45  ,Jr. Mariscal Caceres 1145
,CAJAMARCA,SAN MARCOS,PEDRO GÁLVEZ,ORA SAN MARCOS,OPERATIVO,08:15 - 13:45  ,Av. 28 de Julio S/N Cuadra 2
69,LORETO,ALTO AMAZONAS,YURIMAGUAS,AG ALTO AMAZONAS,OPERATIVO,08:45 - 16:45  ,Mariscal Castilla N° 411
70,SAN MARTIN,BELLAVISTA,BELLAVISTA,AG BELLAVISTA,OPERATIVO,08:15 - 13:45  ,JR. Huallaga/Iquitos Mz 7 Lt 27-A Primer Piso
71,SAN MARTIN,MARISCAL CACERES,JUANJUI,AG MARISCAL CACERES,OPERATIVO,08:45 - 16:45  ,Eduardo Peña Meza N° 772 
72,SAN MARTIN,MOYOBAMBA ,MOYOBAMBA,AG MOYOBAMBA,OPERATIVO,08:45 - 16:45  ,Jr. Dos de Mayo Mz. 1530 LT14 (837)
73,SAN MARTIN,PICOTA,PICOTA,AG PICOTA,CIERRE TEMPORAL,08:15 - 13:45  ,Jr.  Simon Bolivar Cdra. 4
74,SAN MARTIN,EL DORADO ,SAN JOSE DE SISA,AG EL DORADO,OPERATIVO,08:15 - 13:45  ,JR. Comercio N° 610
75,SAN MARTIN,HUALLAGA,SAPOSOA,AG HUALLAGA,OPERATIVO,08:15 - 13:45  ,Lima N° 591
76,SAN MARTIN,LAMAS,LAMAS,AG LAMAS,CIERRE TEMPORAL,08:15 - 13:45  ,San Martín N° 934
77,LORETO,DATEM DEL MARAÑON,BARRANCA,PAP DATEM DEL MARAÑON,OPERATIVO,08:45 - 16:45  ,Tigre N° 249 - San Lorenzo
78,SAN MARTIN,RIOJA,NUEVA CAJAMARCA,AG NUEVA CAJAMARCA,OPERATIVO,08:45 - 16:45  ,Carretera Fernando Belaunde Terry altura Km 447.50
79,LORETO,ALTO AMAZONAS,LAGUNAS,AG LAGUNAS,CIERRE TEMPORAL,08:15 - 13:45  ,Calle Fitzcarrald C-9
80,SAN MARTIN,SAN MARTIN ,TARAPOTO,OR TARAPOTO,OPERATIVO,08:45 - 16:45  ,Jiménez Pimentel N° 280 
81,SAN MARTIN,RIOJA,RIOJA,OR RIOJA,OPERATIVO,08:45 - 16:45  ,Jr. Angaiza Nº 530
82,SAN MARTIN,SAN MARTIN ,LA BANDA DE SHILCAYO,LA BANDA DE SHILCAYO,OPERATIVO,08:15 - 13:45  ,Yurimaguas N° 340
83,SAN MARTIN,SAN MARTIN ,TARAPOTO,ORA TARAPOTO,CIERRE TEMPORAL,08:15 - 13:45  ,Ángel Delgado Morey Nº 503
84,SAN MARTIN,SAN MARTIN ,TARAPOTO,ORA RIOJA,CIERRE TEMPORAL,08:15 - 13:45  ,Jr. Tupac Amaru S/N
85,SAN MARTIN,SAN MARTIN ,TARAPOTO,ORA SAN GEMA DE YURIMAGUAS,CIERRE TEMPORAL,08:15 - 13:45  ,Calle Huallaga S/N C-4
86,SAN MARTÍN,Moyobamba ,Moyobamba,ORA HOSPITAL MOYOBAMBA,OPERATIVO,08:15 - 13:45  ,Jr. Grau  cdra. 4
87,SAN MARTÍN,Mariscal Caceres,Juanjui,ORA HOSPITAL JUANJUI,OPERATIVO,08:15 - 13:45  ,JR. ARICA N° 205
88,LORETO,Datem del Marañón ,Barranca,ORA SAN LORENZO,OPERATIVO,º,Barrio Huacachina - San Lorenzo
89,LORETO,MAYNAS,PUNCHANA,PAP PUNCHANA,OPERATIVO,08:15 - 13:45  ,Trujillo esquina con Calle Cusco Cdra 5
90,LORETO,MAYNAS,IQUITOS,OR IQUITOS,OPERATIVO,08:45 - 16:45  ,Prospero con Jr.Putumayo Nº 201
91,LORETO,MAYNAS,BELÉN,OR BELEN,OPERATIVO,08:15 - 13:45  ,Miraflores S/N P.J. 09 de Octubre
92,LORETO,MAYNAS,SAN JUAN BAUTISTA,OR SAN JUAN BAUTISTA,OPERATIVO,08:15 - 13:45  ,Abelardo Quiñones Nº 2371 Km 2.5 
93,LORETO,REQUENA,REQUENA,PAP REQUENA,OPERATIVO,08:15 - 13:45  ,San Antonio S/N Anexo Hotel Municipal
94,LORETO,MARISCAL RAMON CASTILLA,RAMON CASTILLA,PAP MARISCAL RAMON CASTILLA - CABALLOCOCHA,OPERATIVO,08:15 - 13:45  ,Ayacucho Mz 22 Lt 4 C con Amazonas S/N - Local Municipal
95,LORETO,LORETO,NAUTA,PAP NAUTA,OPERATIVO,08:15 - 13:45  ,Manuel Pacaya cuadra 5
96,LORETO,MARISCAL RAMON CASTILLA,YAVARI,PAP YAVARI,OPERATIVO,08:15 - 13:45  ,Dos de Julio S/N Local Municipal
97,LORETO,PUTUMAYO,PUTUMAYO,PAP PUTUMAYO,CIERRE TEMPORAL,08:15 - 13:45  ,Arequipa S/N
98,LORETO,MAYNAS,IQUITOS,"ORA HOSPITAL IQUITOS "" CESAR GARCIA GARAYAR",OPERATIVO,08:15 - 13:45  ,Cornejo Portugal N° 1710
99,LORETO,REQUENA,REQUENA,ORA REQUENA,OPERATIVO,08:15 - 13:45  ,Calle Martires del Petroleo S/N
100,LORETO,MARISCAL RAMON CASTILLA,RAMON CASTILLA,ORA CABALLOCOCHA,OPERATIVO,08:15 - 13:45  ,Progreso 425 - Ma. Ramon Castilla
,LORETO,MAYNAS,PUNCHANA,"ORA HOSPITAL DE LORETO "" FEPIPE ARRIOLA""",OPERATIVO,08:15 - 13:45  ,28 de Julio S/N
101,ANCASH,SANTA,CHIMBOTE,OR SANTA,OPERATIVO,08:45 - 16:45  ,"Jr. Enrique Palacios N° 504, 506, 516 y 520 esquina con Jr. Ladislao Espinar N° 401"
102,ANCASH,SANTA,NUEVO CHIMBOTE,AG NUEVO CHIMBOTE,OPERATIVO,08:45 - 16:45  ,Mz. 74-75 Lt. 01 Centro Cívico Munic. Distrital de Nuevo Chimbote
103,ANCASH,HUARAZ,HUARAZ,AG HUARAZ,OPERATIVO,08:45 - 16:45  ,Jr. José Larrea y Loredo N° 764
104,ANCASH,HUAYLAS,CARAZ,AG HUAYLAS,OPERATIVO,08:45 - 16:45  ,Jr. Raymondi  N° 215
105,ANCASH,HUARI,HUARI,AG HUARI,OPERATIVO,08:45 - 16:45  ,Jr. Libertad Mz. P2 Lt. 03
106,ANCASH,POMABAMBA,POMABAMBA,AG POMABAMBA,OPERATIVO,08:45 - 16:45  ,Jr. Huaraz N° 691
107,ANCASH,SIHUAS,SIHUAS,AG SIHUAS,OPERATIVO,08:15 - 13:45  ,Jr. Señor de los Milagros Nº 211
108,ANCASH,PALLASCA,PAMPAS,AG PAMPAS,OPERATIVO,08:15 - 13:45  ,"Calle Plaza de Armas S/N, primer piso Municipalidad Distrital de Pampas"
109,ANCASH,CASMA,CASMA,PAP CASMA,OPERATIVO,08:15 - 13:45  ,"Sector Hijuela Mz. C Lt. 13, primer piso Centro Cívico Munic. Provincial de Casma"
110,ANCASH,HUARMEY,HUARMEY,PAP HUARMEY,OPERATIVO,08:45 - 16:45  ,Primer Pabellón S/N Centro Cívico Munic. Provincial de Huarmey
111,ANCASH,RECUAY,RECUAY,PAP RECUAY,OPERATIVO,08:15 - 13:45  ,"Jr. Plaza de Armas 180, primer piso Munic. Distrital de Recuay"
112,ANCASH,CARHUAZ,CARHUAZ,PAP CARHUAZ,OPERATIVO,08:15 - 13:45  ,Av. La Merced Nº 1006
113,ANCASH,YUNGAY,YUNGAY,PAP YUNGAY,CIERRE TEMPORAL,,"Av. Arias Grazziani Lt. 01-02, primer piso Centro Civico Munic. Provincial de Yungay"
114,ANCASH,CARLOS FERMIN FITZCARRALD,SAN LUIS,PAP CARLOS FERMIN FITZCARRALD,OPERATIVO,08:45 - 16:45  ,"Av. Ramon Castilla N° 320, primer piso Centro Cívico Munic. Provincial de C.F..Fitzcarrald"
115,ANCASH,MARISCAL LUZURIAGA,PISCOBAMBA,PAP MARISCAL LUZURIAGA,OPERATIVO,08:15 - 13:45  ,"Jr. San Pablo S/N, Centro Cívico Munic. Provincial de Mariscal Luzuriaga"
116,ANCASH,SANTA,CHIMBOTE,ORA LA CALETA,OPERATIVO,08:15 - 13:45  ,Av. Malecon Grau S/N - Urb. La Caleta
117,ANCASH,SANTA,NUEVO CHIMBOTE,ORA ELEAZAR GUZMAN BARRON,OPERATIVO,08:15 - 13:45  ,Av. Brasil S/N - Urb. Santa Cristina
118,ANCASH,HUARAZ,HUARAZ,ORA VICTOR RAMOS GUARDIA,OPERATIVO,08:15 - 13:45  ,"Av. Mariscal Luzuriaga cdra. 01, esquina con Jr. Pedro Villón cdra .10"
119,ANCASH,HUAYLAS,CARAZ,ORA HOSPITAL DE APOYO CARAZ,OPERATIVO,08:15 - 13:45  ,Av. 9 de Octubre S/N
120,JUNIN,CHANCHAMAYO,CHANCHAMAYO,AG CHANCHAMAYO,OPERATIVO,08:45 - 16:45  ,Tarma Nº 236
121,JUNIN,HUANCAYO,EL TAMBO,OR HUANCAYO,OPERATIVO,08:45 - 16:45  ,Julio Sumar N° 351
122,JUNIN,TARMA,TARMA,AG TARMA,OPERATIVO,08:45 - 16:45  ,Arequipa Nº 939
123,JUNIN,CHANCHAMAYO,PICHANAQUI,PAP PICHANAQUI,OPERATIVO,08:15 - 13:45  ,Independencia S/N Coliseo Municipal
124,JUNIN,CHUPACA,CHUPACA,PAP CHUPACA,OPERATIVO,08:15 - 13:45  ,Grau N° 195
125,JUNIN,JAUJA,JAUJA,PAP JAUJA,OPERATIVO,08:15 - 13:45  ,Sucre N° 889
126,JUNIN,SATIPO,SATIPO,PAP SATIPO,OPERATIVO,08:45 - 16:45  ,"Micaela Bastidas y Jr. Augusto B. Leguia y forma parte del denominado Centro Civico "" Ruben Rocha Mariños"""
127,JUNIN,YAULI,SANTA ROSA DE SACCO,PAP YAULI,OPERATIVO,08:15 - 13:45  ,Miguel Grau N° 309
128,JUNIN,SATIPO,PANGOA,PAP PANGOA,OPERATIVO,08:15 - 13:45  ,07 de Junio Nº 641 Plaza Principal Centro Civico
129,JUNIN,SATIPO,MAZAMARI,PAP MAZAMARI,OPERATIVO,08:15 - 13:45  ,San Juan N° 377
130,JUNIN,JUNIN,JUNIN,PAP JUNIN,OPERATIVO,08:15 - 13:45  ,Simón Bolivar N° 820
131,JUNIN,CONCEPCION,CONCEPCIÓN,PAP CONCEPCIÓN,OPERATIVO,08:15 - 13:45  ,Ricardo Palma S/N Mercado Central Interior 1  Concepción 
132,JUNIN,HUANCAYO,HUANCAYO,ORA  MATERNO INFANTIL EL CARMEN,OPERATIVO,08:15 - 13:45  ,Puno Nº 911
133,JUNIN,JAUJA,JAUJA,ORA HOSPITAL DOMINGO OLAVEGOYA,OPERATIVO,08:15 - 13:45  ,San Martin 1153
134,JUNIN,CHANCHAMAYO,PICHANAQUI,ORA HOSPITAL DE APOYO PICHANAKI,OPERATIVO,08:15 - 13:45  ,San Martin S/N
135,JUNIN,CHANCHAMAYO,CHANCHAMAYO,HOPITAL REGIONAL DOC. JULIO DEMARINI,OPERATIVO,08:15 - 13:45  ,Daniel A. Carrion 
136,JUNIN,TARMA,TARMA,ORA DE APOYO FELIX MAYORCA SOTO,OPERATIVO,08:15 - 13:45  ,Pacheco 362
137,JUNÍN,HUANCAYO,HUANCAYO,ORA LA LIBERTAD,OPERATIVO,08:15 - 13:45  ,Huancas 695
138,JUNÍN,HUANCAYO,HUANCAYO,ORA CHILCA,OPERATIVO,08:15 - 13:45  ,Humbolt 900
139,APURIMAC,ANDAHUAYLAS,ANDAHUAYLAS,OR ANDAHUAYLAS,OPERATIVO,08:45 - 16:45  ,Jr. Amauta N° 311 – Talavera
140,AYACUCHO,HUAMANGA,AYACUCHO,OR HUAMANGA,OPERATIVO,08:45 - 16:45  ,"San Martin Nºs 473, 475, 477 y 477A"
141,AYACUCHO,HUANTA,HUANTA,AG HUANTA,OPERATIVO,08:45 - 16:45  ,Ayacucho N° 313 
142,APURIMAC,CHINCHEROS,CHINCHEROS,PAP CHINCHEROS,OPERATIVO,08:45 - 16:45  ,Cotabambas Nº 121
143,CUSCO,LA CONVENCION,PICHARI,PAP PICHARI,OPERATIVO,08:45 - 16:45  ,La Cultura S/N con Jr.Las Malvinas
144,AYACUCHO,CANGALLO,CANGALLO,PAP CANGALLO,OPERATIVO,08:15 - 13:45  ,Maria Parado de Bellido Nº 205
145,AYACUCHO,LA MAR,AYNA,PAP AYNA -SAN FRANCISCO,OPERATIVO,08:15 - 13:45  ,28 de Julio S/N San Francisco
146,AYACUCHO,VICTOR FAJARDO,HUANCAPI,PAP VICTOR FAJARDO,OPERATIVO,08:15 - 13:45  ,Principal Nº 127
147,AYACUCHO,LA MAR,SAN MIGUEL,PAP LA MAR,OPERATIVO,08:15 - 13:45  ,Jr. Bolognesi 364
148,AYACUCHO,VILCAS HUAMAN,VILCAS HUAMAN,PAP VILCASHUAMAN,OPERATIVO,08:15 - 13:45  ,Los Incas N° 222
149,AYACUCHO,LA MAR,SAMUGARI - PALMAPAMPA,PAP SAMUGARI -PALMAPAMPA,OPERATIVO,08:15 - 13:45  ,Los Laureles S/N Parque Principal
150,AYACUCHO,SUCRE,QUEROBAMBA,PAP SUCRE,OPERATIVO,08:15 - 13:45  ,Bolívar S/N  Plaza de Armas Consejo Provincial de SUCRE
151,AYACUCHO,HUANCASANCOS,SANCOS,PAP HUANCASANCOS,OPERATIVO,08:15 - 13:45  ,Ananias Sumaris S/N Sancos
152,AYACUCHO,HUAMANGA,AYACUCHO,HOSPITAL REGIONAL DE AYACUCHO,OPERATIVO,08:15 - 13:45  ,Av Daniel Alcides Carrion 2da Cuadra.
153,AYACUCHO,HUANTA,HUANTA,HOSPITAL DE APOYO HUANTA,OPERATIVO,08:15 - 13:45  ,Mariscal Castilla Nº 628
154,AYACUCHO,HUAMANGA,JESUS NAZARENO,HOSPITAL DE APOYO JESUS NAZARENO,OPERATIVO,08:15 - 13:45  ,Ciro Alegría 547
155,APURÍMAC,ANDAHUAYLAS,ANDAHUAYLAS,HOSPITAL DOCENTE HUGO PESCE PESCETTO ANDAHUAYLAS,OPERATIVO,08:15 - 13:45  ,Hugo Pesce Nº 180
156,AYACUCHO,CANGALLO,CANGALLO,HOSPITAL DE APOYO CANGALLO,OPERATIVO,08:15 - 13:45  ,Jr. Santa Rosa Nº 110
157,CUSCO,LA CONVENCION,KIMBIRI,ORA SAN JUAN DE KIMBIRI - VRAEM,OPERATIVO,08:15 - 13:45  ,Av. Aeropuertos S/N / Kimbiri
158,APURÍMAC,Chincheros,Chincheros,ORA HOSPITAL CHINCHEROS,OPERATIVO,08:15 - 13:45  ,Fernando B. Terry S/N
159,AREQUIPA,AREQUIPA,CAYMA,AG CAYMA,OPERATIVO,08:15 - 13:45  ,Av. Ramon  Castilla S/N Estadio La Tomilla
160,AREQUIPA,AREQUIPA,AREQUIPA,OR AREQUIPA,OPERATIVO,08:45 - 16:45  ,Calle San Juan de Dios N° 120 y 122 y Santo Domingo N° 101 y 103
161,AREQUIPA,CAYLLOMA,MAJES,AG MAJES,OPERATIVO,08:15 - 13:45  ,Av. Arequipa S/N - Tienda 06 del Estadio Almirante Miguel Grau - Pedregal
162,TACNA,TACNA,TACNA,AG TACNA,OPERATIVO,08:45 - 16:45  ,Calle Deustua N° 173
163,MOQUEGUA,MARISCAL NIETO,MOQUEGUA,AG MARISCAL NIETO,OPERATIVO,08:45 - 16:45  ,Calle Lima Nº 676
164,MOQUEGUA,ILO,ILO,AG ILO,OPERATIVO,08:45 - 16:45  ,Jr. Ayacucho N° 529
165,AREQUIPA,ISLAY,MOLLENDO,AG ISLAY,OPERATIVO,08:15 - 13:45  ,Calle Arequipa Nº 261 
166,AREQUIPA,CAMANA,CAMANA,AG CAMANA,OPERATIVO,08:15 - 13:45  ,Av. Mariscal Castilla N° 223
167,AREQUIPA,LA UNION,COTAHUASI,PAP LA UNION,OPERATIVO,08:15 - 13:45  ,Calle Centenario N° 202 - Cotahuasi
168,AREQUIPA,CAYLLOMA,CHIVAY,PAP CAYLLOMA,OPERATIVO,08:15 - 13:45  ,Av. Siglo XX S/N
169,AREQUIPA,CARAVELI,CARAVELÍ,PAP CARAVELI,OPERATIVO,08:15 - 13:45  ,Calle Bolivar S/N
170,AREQUIPA,CONDESUYOS,CHUQUIBAMBA,PAP CONDESUYOS,OPERATIVO,08:15 - 13:45  ,Av.Alameda S/N - Los tres Errantes
171,AREQUIPA,CASTILLA,APLAO,PAP CASTILLA,CIERRE TEMPORAL,-,Calle Progreso S/N
172,AREQUIPA,CAMANA,CAMANA,ORA HOSPITAL DE APOYO CAMANA,OPERATIVO,08:15 - 13:45  ,Av. Lima 550
173,AREQUIPA,MARISCAL NIETO,MOQUEGUA,ORA HOSPITAL REGIONAL DE MOQUEGUA,OPERATIVO,08:15 - 13:45  ,Av. Simon Bolivar N° 505
174,AREQUIPA,TACNA,TACNA,ORA HOSPITAL HIPOLITO UNANUE TACNA,OPERATIVO,08:15 - 13:45  ,Calle Blondell S/N
175,AREQUIPA,AREQUIPA,PAUCARPATA,MAC AREQUIPA,OPERATIVO,Lun a Vie 08:00 - 16:45  Sab 08:00 - 13:45 ,Calle Porongoche N°° 500
176,AREQUIPA,Arequipa,Arequipa,ORA HOSPITAL III GOYENECHE,OPERATIVO,08:15 - 13:45  ,Av. Goyeneche N° 100
177,AREQUIPA,Arequipa,Arequipa,ORA HONORIO DELGADO ESPINOZA,OPERATIVO,08:15 - 13:45  , Av. Daniel Alcides Carrion N° 505
178,AREQUIPA,Arequipa,Cerro Colorado,CENTRO DE SALUD MARITZA CAMPOS DIAZ - ZAMACOLA,CIERRE TEMPORAL,08:15 - 13:45  ,Calle Yavari S/N
179,MADRE DE DIOS,TAHUAMANU,IBERIA,AG IBERIA,OPERATIVO,08:15 - 13:45  ,Av. Maximiliano Rodriguez N° 124 - Plaza de Armas
180,MADRE DE DIOS,TAMBOPATA,TAMBOPATA,OR TAMBOPATA,OPERATIVO,08:45 - 16:45  ,Jr. Lambayeque N° 159
181,MADRE DE DIOS,MANU,MANU,PANP MANU,OPERATIVO PARCIAL,08:15 - 13:45  ,Av. Esperanza S/N - Local Municipal
182,MADRE DE DIOS,TAMBOPATA,TAMBOPATA,SANTA ROSA,OPERATIVO,08:15 - 13:45  ,Jr. Cajamarca Nª 171
183,CUSCO,PAUCARTAMBO,PAUCARTAMBO,PAP PAUCARTAMBO - JR9,OPERATIVO,08:15 - 13:45  ,Jr. Enrique Yabar S/N
184,CUSCO,LA CONVENCION,SANTA ANA,AG LA CONVENCION,OPERATIVO,08:45 - 16:45  ,Calle Grau Nº 238
185,CUSCO,CANCHIS,SICUANI,AG CANCHIS,OPERATIVO,08:45 - 16:45  ,Calle Tupac Amaru N° 163
186,CUSCO,QUISPICANCHI,URCOS,PAP QUISPICANCHI,OPERATIVO,08:45 - 16:45  ,Jr. Huascar Nª 181
187,CUSCO,ESPINAR,ESPINAR,PAP ESPINAR,OPERATIVO,08:45 - 16:45  ,Calle Teatro S/N
188,CUSCO,CALCA,CALCA,AG CALCA,OPERATIVO,08:45 - 16:45  ,Calle Grau - Plaza de Armas S/N
189,CUSCO,CUSCO,CUSCO,OR CUSCO,OPERATIVO,08:45 - 16:45  ,Av. El Sol N° 272
190,CUSCO,PARURO,PARURO,PANP PARURO,OPERATIVO PARCIAL,08:15 - 13:45  ,Plaza de Armas S/N - Palacio Municipal
191,CUSCO,CHUMBIVILCAS,SANTO TOMAS,PAP CHUMBIVILCAS,OPERATIVO,08:15 - 13:45  ,Calle Santo Tomas S/N - Calle Ardio Romero Hurtado (Ruedo de toros) Mz Z3 - Lote 1
192,CUSCO,URUBAMBA,URUBAMBA,PAP URUBAMBA,OPERATIVO,08:15 - 13:45  ,Av. Conchatupa S/N
193,CUSCO,ANTA,ANTA ,PAP ANTA,OPERATIVO,08:15 - 13:45  ,Av. Jaquijahuana S/N - Palacio Municipal 2do Piso
194,CUSCO,ACOMAYO,ACOMAYO,PAP ACOMAYO,OPERATIVO PARCIAL,08:15 - 13:45  ,Plaza de Armas S/N - Palacio Municipal
195,CUSCO,ACOMAYO,POMACANCHI,PAP POMACANCHI,OPERATIVO PARCIAL,08:15 - 13:45  ,Plaza de Armas S/N
196,CUSCO,LA CONVENCION,SANTA ANA,QUILLABAMBA ,OPERATIVO,08:15 - 13:45  ,Av. General Gamarra S/N
197,CUSCO,CUSCO,SANTIAGO,HOSPITAL ANTONIO LORENA,OPERATIVO,08:15 - 13:45  ,Calle Carlos Ugarte S/N Urb. Primavera Cuartel Agustin Gamarra
198,CUSCO,CANCHIS,SICUANI,SICUANI,OPERATIVO,08:15 - 13:45  ,Av. Manuel Callo Zevallos Nª 519
199,CUSCO,CUSCO,CUSCO,HOSPITAL DE APOYO DEPARTAMENTAL CUSCO,OPERATIVO,08:15 - 13:45  ,Av. La Cultura S/N - Hospital Regional Cusco
200,CUSCO,CANAS,CANAS,PANP CANAS,OPERATIVO PARCIAL,08:15 - 13:45  ,Plaza de Armas S/N - Palacio Municipal
201,CUSCO,CUSCO,SANTIAGO,HOSPITAL BELENPAMPA,OPERATIVO,08:15 - 13:45  ,Av. 21 de Mayo S/N
202,CUSCO,ESPINAR,ESPINAR,ESPINAR,OPERATIVO,08:15 - 13:45  ,Calle Domingo Huarca S/N - Barrio Tupac Amaru
203,APURÍMAC,ABANCAY,ABANCAY,HOSPITAL GUILLERMO DIAZ DE LA VEGA,OPERATIVO,08:15 - 13:45  ,Av. Alcides Carrion S/N
204,APURÍMAC,COTABAMBAS,TAMBOBAMBA,HOSPITAL REGIONAL DE TAMBOBAMBA,CIERRE TEMPORAL,08:15 - 13:45  ,Barrio Pampaña - Sector Chulcumayo
205,APURÍMAC,AYMARAES,CHALHUANCA,AYMARAES,OPERATIVO PARCIAL,08:15 - 13:45  ,Plaza de Armas S/N - Palacio Municipal
206,APURIMAC,COTABAMBAS,TAMBOBAMBA,PAP TAMBOBAMBA,OPERATIVO,08:15 - 13:45  ,Plaza de Armas S/N - 3er Piso  - Palacio Municipal
207,APURIMAC,ABANCAY,ABANCAY,OR ABANCAY,OPERATIVO,08:45 - 16:45  ,Av. La Victoria N° 214
208,APURIMAC,GRAU,CHUQUIBAMBILLA,PANP GRAU,OPERATIVO PARCIAL,08:15 - 13:45  ,Calle Grau S/N
209,APURIMAC,COTABAMBAS,HAQUIRA,PAP HAQUIRA,OPERATIVO,08:15 - 13:45  ,Plaza de Armas S/N - Palacio Municipal
210,APURIMAC,ANTABAMBA,ANTABAMBA,ANTABAMBA,OPERATIVO PARCIAL,08:15 - 13:45  ,Calle Bolivar S/N
,MADRE DE DIOS,TAHUAMANU,IBERIA,HOSPITAL SAN MARTIN PORRES DE IBERIA,OPERATIVO,08:15 - 13:45  ,Calle Mocopata S/N
,APURÍMAC,AYMARAES,CHALHUANCA,HOSPITAL CHALHUANCA,OPERATIVO,08:15 - 13:45  ,Av. Bolivar S/N
211,LIMA,CALLAO,MI PERÚ,AG MI PERU,OPERATIVO,08:15 - 13:45  ,Mz. G7 Lt. 06 Mi Peru  interior de la sede municipal.
212,LIMA,LIMA,JESÚS MARÍA,AG 06 DE AGOSTO,OPERATIVO,08:45 - 16:45  ,06 de Agosto N° 856
213,LIMA,LIMA,MIRAFLORES,OR MIRAFLORES,OPERATIVO,08:45 - 16:45  ,Ernesto Diez Canseco N° 230
214,LIMA,LIMA,SAN ISIDRO,AG EREP SAN ISIDRO,OPERATIVO,08:45 - 16:45  ,Javier Prado Este N° 990
215,LIMA,LIMA,PACHACAMAC,OR PACHACAMAC,OPERATIVO,08:15 - 13:45  ,Paul Poblet N° 3111 - Frontis del Centro Comercial Jumbo
216,LIMA,LIMA,PUENTE PIEDRA,OR PUENTE PIEDRA,OPERATIVO,08:45 - 16:45  ,Ricardo Palma Nº 241
217,LIMA,LIMA,LIMA,AG ANCASH,OPERATIVO,08:45 - 16:45  ,Ancash Nº 336-340 y 344 (Frente a la Plazuela San Francisco) - Lima
218,LIMA,LIMA,LIMA,OR QUILCA,OPERATIVO,08:45 - 16:45  ,Quilca Nº 501 y 525 Esq. con Jr. Washington - Lima Cercado
219,LIMA,LIMA,COMAS,OR COMAS III,OPERATIVO,08:45 - 16:45  ,San Felipe Nº 830 Urb. San Felipe
220,LIMA,LIMA,SAN MARTÍN DE PORRES,OR SAN MARTIN DE PORRES,OPERATIVO,08:45 - 16:45  ,Eduardo de Habich Nº 590 - 592 
221,LIMA,LIMA,CIENEGUILLA,OR CIENEGUILLA,OPERATIVO,08:45 - 16:45  ,"San Martin Lote 15, Zona ""D"" Manzana ""D"" CPR Tambo Viejo"
222,LIMA,LIMA,LURIN,OR LURIN,OPERATIVO,08:45 - 16:45  ,Simon Bolivar N° 267
223,LIMA,LIMA,VILLA EL SALVADOR,OR VILLA EL SALVADOR,OPERATIVO,08:45 - 16:45  ,"Arriba Peru Nº 640 Sector 2, Grupo 7, Mz J, Lt 05 "
224,LIMA,LIMA,SANTIAGO DE SURCO,OR SURCO - HIGUERETA,OPERATIVO,08:45 - 16:45  ,Santiago de Surco Nº 2807 (Ex. Av. Tomás Marsano) Urb. Residencial Higuereta
225,LIMA,CALLAO,VENTANILLA,OR VENTANILLA,OPERATIVO,08:45 - 16:45  ,Av. F Mz. M2 Lt. 01 GR B2 Proyecto Piloto Pachacutec
226,LIMA,LIMA,ATE,OR ATE,OPERATIVO,08:45 - 16:45  ,Industrial Nº 438 - 442 Mz F Lote 52
227,LIMA,LIMA,LURIGANCHO,OR CHOSICA,OPERATIVO,08:45 - 16:45  ,Chucuito Nº 248 - Chosica
228,LIMA,LIMA,SANTA ANITA,OR SANTA ANITA,OPERATIVO,08:45 - 16:45  ,Los Eucaliptos N° 947 - Urb. Universal
229,LIMA,LIMA,COMAS,OR COMAS I,OPERATIVO,08:45 - 16:45  ,"Av.Tupac Amaru N° 5527 - 5531 - 5535, MZ I1 Lote 13 Urb Huaquillay"
230,LIMA,CALLAO,CALLAO,OR CALLAO,OPERATIVO,08:45 - 16:45  ,Av.Dos de Mayo N° 440 - 446
231,LIMA,LIMA,SAN JUAN DE LURIGANCHO,OR SAN JUAN DE LURIGANCHO,OPERATIVO,08:45 - 16:45  ,Las Flores N° 2060-262 Mz. G Lote 1 Urb. San Rafael
232,LIMA,LIMA,SAN BORJA,OR SAN BORJA,OPERATIVO,08:45 - 16:45  ,San Luis N° 1673 Urb. Jacaranda II
233,LIMA,LIMA,INDEPENDENCIA,OR INDEPENDENCIA,OPERATIVO,08:45 - 16:45  ,Calle Los Andes Nº 486 Urb. Industrial Panamericana Norte
234,LIMA,LIMA,JESÚS MARÍA,OR JESUS MARIA,OPERATIVO,08:45 - 16:45  ,Talara N° 130-132-134 y 136
235,LIMA,YAUYOS,YAUYOS,AG YAUYOS,OPERATIVO,08:45 - 16:45  ,Plaza Constitución Nº 110
236,LIMA,LIMA,LIMA,OR LIMA,OPERATIVO,08:45 - 16:45  ,Cusco N° 653 (Plaza Castañeta) y Jr. Ayacucho N° 685
237,LIMA,LIMA,SAN JUAN DE MIRAFLORES,OR SAN JUAN DE MIRAFLORES,OPERATIVO,08:45 - 16:45  ,Guillermo Billinghurst N°769 - 767 
238,LIMA,HUAROCHIRI,MATUCANA,AG MATUCANA,CIERRE TEMPORAL,,Tacna N° 626
239,LIMA,OYON,OYON,AG OYON,OPERATIVO,08:15 - 13:45  ,Av. Mineria Nº 260 Barrio de Oyon 
240,LIMA,CAÑETE,SAN VICENTE DE CAÑETE,AG CAÑETE,OPERATIVO,08:45 - 16:45  ,Los Libertadores Mz. D-3 Lote 4 Urbanización Tercer Mundo
241,LIMA,CANTA,CANTA,AG CANTA,OPERATIVO,08:15 - 13:45  ,Jr. Independencia Nº 308 Municipio (Plaza de Armas)
242,LIMA,HUARAL,HUARAL,AG HUARAL,OPERATIVO,08:45 - 16:45  ,Psj. Los Pinos Nº 149 Mz E Lote 4 Pasaje Urb. El Rosario
243,LIMA,HUAURA,HUACHO,AG HUACHO,OPERATIVO,08:45 - 16:45  ,Av.Grau Nº 295
244,LIMA,BARRANCA,BARRANCA,OR BARRANCA,OPERATIVO,08:45 - 16:45  ,Prolong Independencia N° 250
245,LIMA,CAJATAMBO,CAJATAMBO,AG CAJATAMBO,OPERATIVO,08:15 - 13:45  ,Plaza de Armas 133 - Cajatambo
246,ANCASH,OCROS,OCROS,AG OCROS,OPERATIVO,08:15 - 13:45  ,Local Municipal S/N - Plaza de Armas
247,LIMA,LIMA,EL AGUSTINO,HOSP. NAC. HIPOLITO UNANUE,OPERATIVO,08:15 - 13:45  ,Cesar Vallejo Nº 1390 
248,LIMA,LIMA,ATE,HOSPITAL DE HUAYCAN,OPERATIVO,08:15 - 13:45  ,"Av. José Carlos Mariategui s/n, zona B, Huaycan, Ate."
249,LIMA,LIMA,LIMA,HOSPITAL NACIONAL DOS DE MAYO,OPERATIVO,08:15 - 13:45  ,"Parque Historia de la Medicina Peruana Av. Grau S/N Alt. Cdra. 13, Cercado de Lima."
250,LIMA,CALLAO,CARMEN DE LA LEGUIA - REYNOSO,HOSPITAL SAN JOSE,OPERATIVO,08:15 - 13:45  ,Las Magnolias 475 Carmen de la Legua-Reynoso
251,LIMA,LIMA,LIMA,INSTITUTO NACIONAL MATERNO PERINATAL PERINATAL,OPERATIVO,08:15 - 13:45  ,Miroquesada Nº 941 - Lima
252,LIMA,CALLAO,BELLAVISTA,HOSPITAL DANIEL ALCIDES CARRION,OPERATIVO,08:15 - 13:45  ,Av. Guardia Chalaca 2176 
253,LIMA,LIMA,COMAS,HOSPITAL NACIONAL SERGIO E. BERNALES,OPERATIVO,08:15 - 13:45  ,"Av. Tupac Amaru N° 8000, Collique, Comas."
254,LIMA,LIMA,SAN JUAN DE LURIGANCHO,HOSPITAL SAN JUAN DE LURIGANCHO,OPERATIVO,08:15 - 13:45  ,Av. Canto Grande s/n - Alt. Paradero 10 Canto Grando.
255,LIMA,LIMA,SAN MARTIN,HOSPITAL NACIONAL CAYETANO HEREDIA,OPERATIVO,08:15 - 13:45  ,Honorio Delgado N° 262 - Urb. Ingeniería / Obstetricia
256,LIMA,BARRANCA,BARRANCA,ORA BARRANCA ,OPERATIVO,08:15 - 13:45  ,Av. Nicolás de Piérola N° 210-224 en el Distrito de Barranca
257,LIMA,CAÑETE,CAÑETE,ORA REZOLA,OPERATIVO,08:15 - 13:45,Calle san martin 120-124 - san vicente de cañete 
258,LIMA,HUACHO,HUACHO,HOSPITAL REGIONAL DE HUACHO,OPERATIVO,08:15 - 13:45,Av. Jose Arnaldo Arambulu la rosa N° 251
259,LIMA,HUARAL,HUARAL,HOSPITAL SAN JUAN BAUTISTA HUARAL,OPERATIVO,08:15 - 13:45,"Calle Tacna N° 120, Urb. San Juan II, Huaral, Lima."
260,LIMA,CALLAO,VENTANILLA,HOSPITAL DE VENTANILLA,OPERATIVO,08:15 - 13:45  ,Pedro Beltran S/N Ventanilla - Hospital de Ventanilla
261,LIMA,LIMA,VILLA MARIA EL TRIUNFO,CMI DANIEL ALCIDES CARRION,OPERATIVO,08:15 - 13:45  ,Av. Pachacutec 3470 (pasando el terminal pesquero)
262,LIMA,LIMA,SAN BORJA,OR ATENCIONES ESPECIALES DE SAN BORJA,OPERATIVO,08:45 - 16:45  ,Javier Prado N° 2388 -2386 - 2392
263,LIMA,LIMA,EL AGUSTINO,MAC - LIMA ESTE,OPERATIVO,Lun a Vie 08:00 - 16:45  Sab 08:00 - 13:45 ,Av.Ancash 2151 - El Agustino
264,LIMA,CALLAO,VENTANILLA,MAC - VENTANILLA,OPERATIVO,Lun a Vie 08:00 - 16:45  Sab 08:00 - 13:45 ,Mz C9 Lt S/N Costado de Palacio Municipal
265,LIMA,CALLAO,BELLAVISTA,MAC - CALLAO,OPERATIVO,Lun a Vie 08:00 - 16:45  Sab 08:00 - 13:45 ,Oscar R. Benavides N° 3866 - Centro Comercial Mall Aventura Plaza
,LIMA,LIMA,SAN JUAN DE MIRAFLORES,MAC - LIMA SUR,OPERATIVO,Lun a Vie 08:00 - 16:45  Sab 08:00 - 13:45 ,Av. Circunvalacion 1801- San Juan de Miraflores
266,PUNO,PUNO,PUNO,OR PUNO,OPERATIVO,08:45 - 16:45  ,Jr. Arequipa N° 1143-1145
267,PUNO,SANDIA,SANDIA,PAP SANDIA,CIERRE TEMPORAL,08:15 - 13:45  ,Av. Juliaca S/N (Mercado Central Sandia) 
268,PUNO,SAN ANTONIO DE PUTINA,PUTINA,PAP PUTINA,OPERATIVO,08:15 - 13:45  ,Plaza de Armas (Palacio Municipal)
269,PUNO,LAMPA,LAMPA,PAP LAMPA,OPERATIVO,08:15 - 13:45  ,Jr. Alfonso Ugarte N° 343
270,PUNO,EL COLLAO,ILAVE,PAP EL COLLAO,OPERATIVO,08:15 - 13:45  ,Coliseo Cubierto Oficina N° 02 Municipio
271,PUNO,CHUCUITO,JULI,PAP CHUCUITO,OPERATIVO,08:45 - 16:45  ,Jr. Ilave S/N Mercado Central Municipio
272,PUNO,CARABAYA,MACUSANI,PAP CARABAYA,OPERATIVO,08:15 - 13:45  ,Jr. Raimondi N° 116
273,PUNO,YUNGUYO,YUNGUYO,PAP YUNGUYO,OPERATIVO,08:15 - 13:45  ,Jr. Grau Nº 240
274,PUNO,MELGAR,AYAVIRI,PAP MELGAR,OPERATIVO,08:45 - 16:45  ,Jr. Jorge Chavez N° 540 - 550
275,PUNO,HUANCANE,HUANCANE,PAP HUANCANE,OPERATIVO,08:15 - 13:45  ,Jr. Moquegua N° 140 - Barrio Progreso
276,PUNO,AZANGARO,AZANGARO,PAP AZANGARO,OPERATIVO,08:15 - 13:45  ,Azangaro N° 160  (Palacio Municipal)
277,PUNO,SAN ROMAN,JULIACA,AG SAN ROMAN,OPERATIVO,08:45 - 16:45  ,Brasesco N° 181 
278,PUNO,SAN ROMAN,SAN MIGUEL,PAP SAN MIGUEL,OPERATIVO,08:15 - 13:45  ,Jr. Chachani S/N - Municiplaidad Distrital de San Miguel
279,PUNO,MOHO,MOHO,PAP MOHO,CIERRE TEMPORAL,08:15 - 13:45  ,Av.Circunvalación S/N Mercado Municipal
280,PUNO,PUNO,PUNO,ORA HOSPITAL REGIONAL MANUEL NUÑEZ BUTRON,OPERATIVO,08:15 - 13:45  ,El Sol N° 1022
281,PUNO,SAN ROMAN,JULIACA,ORA HOSPITAL CARLOS MONGE MEDRANO,OPERATIVO,08:15 - 13:45  ,Av. Peru S/N - Puerta de Emergencia - Hospital Carlos Monge Medrano - Juliaca
282,PUNO,AZANGARO,AZANGARO,CARLOS CORNEJO ROSELLO,OPERATIVO,08:15 - 13:45  ,Jr. Francisco Bolognesi N° 557
283,PUNO,MELGAR,AYAVIRI,ORA SAN JUAN DE DIOS - AYAVIRI,OPERATIVO,08:15 - 13:45  ,Av. Progreso S/N - Hospital San Juan de Dios de Ayaviri
284,PUNO,EL COLLAO,ILAVE,ORA HOSPITAL II - ILAVE,OPERATIVO,08:15 - 13:45  ,Jr. Atahualpa 685
285,PUNO,San Roman,Juliaca,ORA SANTA ADRIANA,OPERATIVO,08:15 - 13:45  ,Jr. Pachacamac S/N
,PUNO,CHUCUITO,JULI,ORA JULI,OPERATIVO,08:15 - 13:45  ,Av. Panamericana S/N
,PUNO,HUANCANE,HUANCANE,ORA LUCIO ALDAZABAL PAUCA,OPERATIVO,08:15 - 13:45  ,Av. Santa Cruz  S/N
286,AYACUCHO,LUCANAS ,CABANA,PAP CABANA,OPERATIVO,08:15 - 13:45  ,Jorge Chavez N° 272
287,AYACUCHO,PAUCAR DEL SARA SARA,PAUSA,PANP PAUCAR DEL SARA SARA,CIERRE TEMPORAL,08:15 - 13:45  ,Miguel de Cervantes S/N Ubicación Plaza de Armas
288,ICA,ICA,PARCONA,PAP PARCONA,OPERATIVO,08:15 - 13:45  ,Jhon F. Kennedy N° 500 con Calle Lima S/N 
289,ICA,ICA,ICA,OR ICA,OPERATIVO,08:45 - 16:45  ,Av. San Martin 1366 - Ica
290,ICA,CHINCHA,CHINCHA ALTA,AG CHINCHA,OPERATIVO,08:45 - 16:45  ,Los Angeles N° 300
291,AYACUCHO,LUCANAS ,PUQUIO,AG LUCANAS,OPERATIVO,08:15 - 13:45  ,San Pedro N° 216
292,AYACUCHO,PARINACOCHAS,CORACORA,AG PARINACOCHAS,OPERATIVO,08:15 - 13:45  ,Plaza de Armas S/N Ubicación Centro Cívico
293,ICA,NASCA,NASCA,AG NASCA,OPERATIVO,08:45 - 16:45  ,Fermín del Castillo Nº 270
294,ICA,PISCO,PISCO,AG PISCO,OPERATIVO,08:45 - 16:45  ,San Juan de Dios N° 288
295,ICA,PALPA,PALPA,AG PALPA,OPERATIVO,08:15 - 13:45  ,Portal Escribanos Nº 145 (Municipio)
296,ICA,Chincha,CHINCHA ALTA,HOSPITAL SAN JOSE,OPERATIVO,08:15 - 13:45  ,Abelardo Alva Maurtua Nº 600
297,ICA,Ica,ICA,HOSPITAL REGIONAL DE ICA,OPERATIVO,08:15 - 13:45  ,Ayabaca S/N
298,ICA,Ica,ICA,HOSPITAL SANTA MARIA DEL SOCORRO,OPERATIVO,08:15 - 13:45  ,Castrovirreyna N° 759
299,ICA,Ica,ICA,HOSPITAL SAN JUAN DE DIOS DE PISCO,OPERATIVO,08:15 - 13:45  ,Fermín Tanguis S/N (Altura del Fundo Alto de la Luna)
300,AYACUCHO,LUCANAS ,LARAMATE,PANP LARAMATE,CIERRE TEMPORAL,08:15 - 13:45  ,Ica S/N -Plaza de Armas
301,ICA,Ica,ICA,HOSPITAL DE APOYO DE NASCA,OPERATIVO,08:15 - 13:45  ,Calle Mello Catanzaro S/N
302,AYACUCHO,LUCANAS ,PUQUIO,HOSPITAL FELIPE HUAMAN POMA DE AYALA  DE PUQUIO,OPERATIVO,08:15 - 13:45  ,Arnaldo Alvarado S/N
303,AYACUCHO,PARINACOCHAS,CORACORA,HOSPITAL DE APOYO DE CORACORA,OPERATIVO,08:15 - 13:45  ,Fermín Tanguis S/N (Altura del Fundo Alto de la Luna)
304,UCAYALI,ATALAYA,TAHUANIA,PAP TAHUANIA,OPERATIVO,08:15 - 13:45  ,7 de Junio  S/N
305,UCAYALI,PADRE ABAD,IRAZOLA,AG IRAZOLA,OPERATIVO,08:15 - 13:45  ,Jr.Progreso S/N
306,UCAYALI,CORONEL PORTILLO,CALLERIA,OR PUCALLPA,OPERATIVO,08:45 - 16:45  ,"09 de Diciembre N° 378 y Tacna Nº 891 Mz 07 Lt. Acumulado 1-B, independiente."
307,UCAYALI,PURUS,PURUS,PAP PURUS,OPERATIVO,08:15 - 13:45  ,Av. Purus S/n 
308,UCAYALI,ATALAYA,RAIMONDI,PAP ATALAYA,OPERATIVO,08:15 - 13:45  ,Rioja Nº 659
309,LORETO,UCAYALI,CONTAMANA,PAP CONTAMANA,OPERATIVO,08:15 - 13:45  ,Calle Nuevo Loreto MZ.38C LT5B
310,HUANUCO,PUERTO INCA,PUERTO INCA,PAP PUERTO INCA,OPERATIVO,08:15 - 13:45  ,Vulcano S/N
311,UCAYALI,PADRE ABAD,PADRE ABAD,PAP PADRE ABAD,OPERATIVO,08:15 - 13:45  ,Jr. Grau N° 214
312,UCAYALI ,CORONEL PORTILLO ,YARINACOCHA ,ORA HOSPITAL AMAZONICO DE YARINACOCHA,OPERATIVO,08:15 - 13:45  ,Aguaytia N° 605
313,UCAYALI ,CORONEL PORTILLO ,CALLERIA ,ORA HOSPITAL REGIONAL DE PUCALLPA ,OPERATIVO,08:15 - 13:45  ,Agustin Cauper N° 285
314,HUANCAVELICA,TAYACAJA,COLCABAMBA,AG COLCABAMBA,OPERATIVO,08:15 - 13:45  ,Centenario S/N 
315,HUANCAVELICA,TAYACAJA,SURCUBAMBA,AG SURCUBAMBA,OPERATIVO,08:15 - 13:45  ,Alfonso Ugarte S/N
316,HUANCAVELICA,TAYACAJA,PAMPAS,OR TAYACAJA,OPERATIVO,08:15 - 13:45  ,"Intersecciones de los Jirones Manco Cápac, Alfonso Ugarte, Cordova  y Necochea."
317,HUANCAVELICA,CHURCAMPA,CHURCAMPA,OR CHURCAMPA,OPERATIVO,08:15 - 13:45  ,Real N° 255
318,HUANCAVELICA,CASTROVIRREYNA,CASTROVIRREYNA,OR CASTROVIRREYNA,OPERATIVO,08:15 - 13:45  ,Los Libertadores S/N
319,HUANCAVELICA,ANGARAES,LIRCAY,OR ANGARAES,CIERRE TEMPORAL,08:15 - 13:45  ,Centenario S/N - Centro Civico
320,HUANCAVELICA,ACOBAMBA,PAUCARA,PAP PAUCARA,OPERATIVO,08:15 - 13:45  ,Plaza Mayor S/N
321,HUANCAVELICA,HUANCAVELICA,HUANCAVELICA,OR HUANCAVELICA,OPERATIVO,08:45 - 16:45  ,"San Cristobal Nº 384, 386 y 388"
322,HUANCAVELICA,ACOBAMBA,ACOBAMBA,OR ACOBAMBA,OPERATIVO,08:15 - 13:45  ,Dos de Mayo N° 459
323,HUANCAVELICA,HUAYTARA,HUAYTARA,OR HUAYTARA,OPERATIVO,08:15 - 13:45  ,24 de Junio S/N
324,HUANCAVELICA,HUANCAVELICA,IZCUCHACA,PAP IZCUCHACA,OPERATIVO PARCIAL,08:15 - 13:45  ,Ferrocarril  S/N 
325,HUANCAVELICA,TAYACAJA,PAMPAS,ORA PAMPAS,OPERATIVO,08:15 - 13:45  ,Bolivar S/N Cdra. 4 Barrio Yacuraquina
326,HUANCAVELICA,HUANCAVELICA,YAULI,ORA YAULI,CIERRE TEMPORAL,08:15 - 13:45  ,Jorge Chavez S/N
327,HUANCAVELICA,ANGARES,LIRCAY,ORA LIRCAY,CIERRE TEMPORAL,08:15 - 13:45  ,Esmeralda S/N
328,HUANCAVELICA,HUANCAVELICA,HUANCAVELICA,ORA HOSPITAL REGIONAL ZACARIAS CORREA VALDIVIA,OPERATIVO,08:15 - 13:45  ,Andrés Avelino Cáceres S/N - Barrio Yananaco
329,PASCO,OXAPAMPA,PALCAZÚ,AG PALCAZU,OPERATIVO,08:15 - 13:45  ,Av. Juan Santos Atahualpa Mz. U Lt 01 Esquina con Av. Juan Frantzen - Mercado de Productores Agropecuarios - Iscozacin
330,HUANUCO,MARAÑON,HUACRACHUCO,PAP MARAÑON,OPERATIVO PARCIAL,08:15 - 13:45  , Av. 28 de Julio N° 620 Parque Mayobamba 
331,PASCO,OXAPAMPA,CONSTITUCIÓN,AG CONSTITUCION,OPERATIVO,08:15 - 13:45  ,Av. Fernando Belaunde Terry S/N 4ta Etapa
332,HUANUCO,LEONCIO PRADO,JOSÉ CRESPO Y CASTILLO,PAP JOSE CRESPO Y CASTILLO,OPERATIVO,08:15 - 13:45  ,Jr. Maria Parado de Bellido S/N Cuasdra 4
333,SAN MARTIN,TOCACHE,TOCACHE,PAP TOCACHE,OPERATIVO,08:45 - 16:45  ,Jr. San Juan Cdra 7 S/N Centro Cívico
334,PASCO,PASCO,PAUCARTAMBO,PAP PAUCARTAMBO ,OPERATIVO,08:15 - 13:45  ,Plaza 28 de Julio S/N
335,PASCO,OXAPAMPA,PUERTO BERMUDEZ,PAP PUERTO BERMÚDEZ,OPERATIVO,08:15 - 13:45  ,Av. Remigio Morales Bermúdez S/N
336,PASCO,OXAPAMPA,OXAPAMPA,PAP OXAPAMPA,OPERATIVO,08:15 - 13:45  ,Jr. Huancabamba S/N Mz. 162 Estadio Municipal Oxapampa
337,PASCO,DANIEL ALCIDES CARRION,YANAHUANCA,PAP DANIEL ALCIDES CARRIÓN,OPERATIVO,08:15 - 13:45  ,Jr. Jorge Chavez S/N Plaza Principal
338,HUANUCO,YAROWILCA,CHAVINILLO,PAP YAROWILCA,OPERATIVO,08:15 - 13:45  ,Jr. Virgen de Fatima S/N
339,HUANUCO,PACHITEA,PANAO,PAP PACHITEA,OPERATIVO,08:15 - 13:45  ,Jr. Bolognesi N° 211
340,HUANUCO,LEONCIO PRADO,RUPA-RUPA,PAP LEONCIO PRADO,OPERATIVO,08:45 - 16:45  ,Jr. Chiclayo N° 585
341,HUANUCO,LAURICOCHA,JESÚS,PAP LAURICOCHA,OPERATIVO PARCIAL,08:15 - 13:45  ,Jr. Cristobal Colon S/N
342,HUANUCO,HUAMALIES,LLATA,PAP HUAMALIES,OPERATIVO,08:15 - 13:45  ,Jr. Huánuco N° 242
343,HUANUCO,DOS DE MAYO,LA UNION,PAP DOS DE MAYO,OPERATIVO,08:15 - 13:45  ,Jr. Lourdes N° 221
344,HUANUCO,AMBO,AMBO,PAP AMBO,OPERATIVO,08:15 - 13:45  ,Jr. 28 de Julio 697 -  Centro Cívico
345,PASCO,PASCO,YANACANCHA,AG PASCO,OPERATIVO,08:45 - 16:45  ,"Centro Comercial ""Sector Dos de San Juan Pampa Edif. 4 Tienda 3 San Juan"
346,HUANUCO,HUANUCO,HUÁNUCO,OR HUANUCO,OPERATIVO,08:45 - 16:45  ,Jr. 28 de Julio N° 825
347,SAN MARTIN,TOCACHE,UCHIZA,AG UCHIZA,OPERATIVO PARCIAL,08:15 - 13:45  ,Av. Atahualpa N° 920
348,PASCO,PASCO,HUARIACA,PAP HUARIACA,OPERATIVO PARCIAL,08:15 - 13:45  ,Jr. 28 de Julio Nº 129
349,HUANUCO,LAURICOCHA,BAÑOS,AG BAÑOS,OPERATIVO PARCIAL,08:15 - 13:45  ,Jr. Libertad S/N
350,PASCO,PASCO,YANACANCHA,DR. DANIEL ALCIDES CARRION,OPERATIVO,08:15 - 13:45  ,Av. Los Incas S/N Urb. San Juan
351,SAN MARTIN,TOCACHE,TOCACHE,HOSPITAL TOCACHE,OPERATIVO,08:15 - 13:45  ,Jr. Ricardo Palma N° 550
352,HUANUCO,HUANUCO,HUANUCO,HOSPITAL REGIOSNAL HERMILIO VALDIZAN,OPERATIVO,08:15 - 13:45  ,Jr. Hermilio Valdizan Nº 950
353,HUANUCO,HUANUCO,AMARILIS,CARLOS SHOWING FERRARI,OPERATIVO,08:15 - 13:45  ,Av. Micaela Bastidas S/N Paucarbamba 
354,HUANUCO,LEONCIO PRADO,JOSE CRESPO Y CASTILLO,AUCAYACU,OPERATIVO,08:15 - 13:45  ,Av. Grau N° 401
355,HUANUCO,LEONCIO PRADO,RUPA-RUPA,HOSPITAL TINGO MARIA,OPERATIVO,08:15 - 13:45  ,Mapresa S/N - Luyando  
356,HUANUCO,PACHITEA,PANAO,PANAO,OPERATIVO,08:15 - 13:45  ,Jr. Grau Nº 193
357,HUANUCO,DOS DE MAYO,La Union,ORA LA UNION,OPERATIVO,08:15 - 13:45  ,Jr. Dos de Mayo N° 185
358,HUANUCO,HUANUCO,CHINCHAO,ORA ACOMAYO,OPERATIVO,08:15 - 13:45  ,Pasaje Iguarizo S/N Mz 6 Lt 02
359,HUANUCO,HUANUCO,SANTA MARIA DEL VALLE,ORA SANTA MARIA DEL VALLE,OPERATIVO,08:15 - 13:45  ,Jr. Libertad S/N Interserccion Carretera Central
360,CAJAMARCA,JAEN,JAEN,OR JAEN,OPERATIVO,08:45 - 16:45  ,Mariscal Ureta Nº 915
361,AMAZONAS,RODRIGUEZ DE MENDOZA,SAN NICOLÁS,AG RODRIGUEZ DE MENDOZA,OPERATIVO,08:15 - 13:45  ,Victor Mori N° 204
362,AMAZONAS,CHACHAPOYAS,CHACHAPOYAS,OR CHACHAPOYAS,OPERATIVO,08:45 - 16:45  ,Triunfo Nº 903 1° Piso
363,AMAZONAS,LUYA ,LAMUD,AG LUYA,OPERATIVO PARCIAL,08:15 - 13:45  ,Garcilazo de la Vega N° 328
364,AMAZONAS,BONGARA,JAZAN,AG BONGARA,OPERATIVO,08:15 - 13:45  ,Marginal Nº 100 -Pedro Ruíz
365,AMAZONAS,BAGUA,IMAZA,OR IMAZA,OPERATIVO,08:15 - 13:45  ,Awajun S/N Plaza de Armas
366,CAJAMARCA,SAN IGNACIO,SAN IGNACIO,PAP SAN IGNACIO,OPERATIVO,08:15 - 13:45  ,Santo Domingo Nº 169
367,AMAZONAS,CONDORCANQUI,NIEVA,PAP CONDORCANQUI,OPERATIVO,08:45 - 16:45  ,Calle Gonzalo Pierta S/N - Municipalidad Nieva
368,AMAZONAS,BAGUA,BAGUA,PAP BAGUA,OPERATIVO,08:45 - 16:45  ,Los Cedros Nº 263
369,AMAZONAS,UTCUBAMBA,BAGUA GRANDE,PAP UTCUBAMBA,OPERATIVO,08:45 - 16:45  ,Simos Bolivar Nº 545
370,CAJAMARCA,JAEN,PUCARA,PANP PUCARA,OPERATIVO PARCIAL,08:15 - 13:45  ,Jr. Lindo 548
371,CAJAMARCA,San Ignacio,San Ignacio,HOSPITAL SAN IGNACIO,OPERATIVO,08:15 - 13:45  ,"Abelardo Quiñones S/N, Sector Santiago"
372,CAJAMARCA,Jaén,Jaén,HOSPITAL GENERAL DE JAEN,OPERATIVO,08:15 - 13:45  ,Prolongación Huamantanga S/N - Dentro de Hospital General de Jaén
373,AMAZONAS,Utcubamba,Bagua Grande,HOSPITAL SANTIAGO APOSTOL,OPERATIVO,08:15 - 13:45  ,Jr. San Felipe Santiago 111
374,AMAZONAS,Bagua,Bagua,HOSPITAL DE APOYO BAGUA GUSTAVO LANATA,OPERATIVO,08:15 - 13:45  ,Heroes de Cenepa 980 - Dentro de Hospital Gustavo Lanata
375,AMAZONAS,Bongara,Florida,CENTRO DE SALUD POMACOCHAS - FLORIDA,OPERATIVO,08:15 - 13:45  ,Jr. Pomacochas S/N
376,AMAZONAS,Chachapoyas,Chachapoyas,HOSPITAL REGIONAL VIRGEN DE FATIMA,OPERATIVO,08:15 - 13:45  ,Pasaje Daniel Alcides Carrion N° 035
377,AMAZONAS,Bagua,IMAZA,CENTRO DE SALUD CHIRIACO,OPERATIVO,08:15 - 13:45  ,Calle Junin S/N - Chiriaco
