ITEM,DEPARTAMENTO,PROVINCIA,DISTRITO,NOMBRE LOCAL,ESTADO,HORARIO DE ATENCIÓN AL PUBLICO,DIRECCION
1,LAMBAYEQUE,CHICLAYO,CHICLAYO,ORA HOSPITAL REGIONAL DOCENTE LAS MERCEDES,OPERATIVO,08:45 a 16:30,Luis Gonzáles  Nº 635
2,LAMBAYEQUE,CHICLAYO,CHICLAYO,ORA HOSPITAL ALMANZOR AGUINAGA ASENJO,OPERATIVO,08:45 a 16:30,Plaza de la Seguridad Social S/N
3,PIURA,SULLANA,SULLANA,ORA HOSPITAL DE APOYO II-SULLANA,OPERATIVO,08:45 a 16:30,Santa Rosa S/N
4,CAJAMARCA,CUTERVO,CUTERVO,PAP CUTERVO,OPERATIVO,08:45 a 16:30,Comercio N° 1103 Mz. 203 Lt. 14-Urb. Los Jardines 
5,CAJAMARCA,CHOTA,CHOTA,AG CHOTA,OPERATIVO,08:45 a 16:45,30 de Agosto N° 848
6,CAJAMARCA,SANTA CRUZ,SANTA CRUZ,PAP SANTA CRUZ,OPERATIVO,08:45 a 16:30,Domingo Negrón Nº 399
7,LAMBAYEQUE,CHICLAYO,JOSE LEONARDO ORTIZ,OR JOSÉ LEONARDO ORTIZ,OPERATIVO,08:45 a 16:45,Cacique Cinto Nº 317 Urb. Latina
8,PIURA,AYABACA,FRÍAS,OR FRIAS,OPERATIVO,08:45 a 16:45,Lima Nº 235 - 2do piso
9,LAMBAYEQUE,CHICLAYO,CHICLAYO,OR CHICLAYO,OPERATIVO,08:45 a 16:45,Balta N° 680 y esquina con Av. Elias Aguirre
10,LAMBAYEQUE,FERREÑAFE,FERREÑAFE,PAP FERREÑAFE,OPERATIVO,08:45 a 16:30,Tres Marías Nº 717 – B
11,LAMBAYEQUE,LAMBAYEQUE,LAMBAYEQUE,PAP LAMBAYEQUE,OPERATIVO,08:45 a 16:30,Huamachuco N° 342
12,CAJAMARCA,CUTERVO,CUTERVO,ORA SANTA MARIA DE CUTERVO,OPERATIVO,08:45 a 16:30,Ica S/N
13,CAJAMARCA,CHOTA,CHOTA,ORA HOSPITAL DE APOYO CHOTA - JOSE SOTO CADENILLAS,OPERATIVO,08:45 a 16:30,Ezequiel Montoya Nª 718
14,PIURA,PIURA,PIURA,OR PIURA,OPERATIVO,08:45 a 16:45,Libertad Nº 568
15,PIURA,AYABACA,AYABACA,PAP AYABACA,OPERATIVO,08:45 a 16:30,Bolognesi N° 181
16,PIURA,HUANCABAMBA,HUANCABAMBA,PAP HUANCABAMBA,OPERATIVO,08:45 a 16:30,Complejo Terminal Terrestre S/N - Stand 14
17,PIURA,MORROPON,CHULUCANAS,AG CHULUCANAS,OPERATIVO,08:45 a 16:45,Jr. Cuzco N° 300
18,PIURA,PAITA,PAITA,PAP PAITA,OPERATIVO,08:45 a 16:30,San Martin S/N Plaza de Armas - Municipalidad de Paita
19,PIURA,SULLANA,SULLANA,OR SULLANA,OPERATIVO,08:45 a 16:45,Leoncio Prado Nº 517 
20,PIURA,TALARA,PARIÑAS,AG TALARA,OPERATIVO,08:45 a 16:45,Mártires Petroleros B-3 Conjunto Habitacional - Talara
21,PIURA,SECHURA,SECHURA,PAP SECHURA,OPERATIVO,08:45 a 16:30,Dos de Mayo Nº 618 - Plaza de Armas - Municipalidad de Sechura
22,PIURA,PIURA,TAMBO GRANDE,PAP TAMBOGRANDE,OPERATIVO,08:45 a 16:30,Salitral Nº 241
23,PIURA,PIURA,PIURA,MAC - PIURA,OPERATIVO,08:30 a 16:30,Sanchez Cerro con Wiesse Centro Comercial Real Plaza
24,PIURA,PAITA,PAITA,ORA HOSPITAL LAS MERCEDES-PAITA,OPERATIVO,08:45 a 16:30,Zona Industrial Sector II Mz. H Lt. 1 Jr. Los Pescadores S/N 
25,TUMBES,TUMBES,TUMBES,OR TUMBES,OPERATIVO,08:45 a 16:45,Tumbes Nº 550
26,TUMBES,CONTRALMIRANTE VILLAR,ZORRITOS,PANP CONTRALMIRANTE VILLAR - ZORRITOS,DESPLAZAMIENTO,08:45 a 16:30,Grau Nº 305
27,TUMBES,ZARUMILLA,ZARUMILLA,PAP ZARUMILLA,OPERATIVO,08:45 a 16:30,El Ejérrcito Nº 105 - Interior Biblioteca Municipal
28,LAMBAYEQUE,LAMBAYEQUE,OLMOS,PANP OLMOS,DESPLAZAMIENTO,08:45 a 16:30,A. B. Leguía  / Calle Alfonso Ugarte
29,PIURA,PIURA,TAMBO GRANDE,ORA TAMBO GRANDE,OPERATIVO,08:45 a 16:30,"Froilan Alama,, AA.HH.Froilan Alama"
30,LAMBAYEQUE,LAMBAYEQUE,LAMBAYEQUE,ORA HOSPITAL PROVINCIAL DOCENTE BELEN-LAMBAYEQUE,OPERATIVO,08:45 a 16:30,Ramón Castilla Nº 597
31,TUMBES,TUMBES,TUMBES,ORA HOSPITAL REGIONAL JOSE ALFREDO MENDOZA OLAVARRIA JAMO II-2,OPERATIVO,08:45 a 16:30,24 de Julio Nº 565 
32,LA LIBERTAD,TRUJILLO,TRUJILLO,ORA REGIONAL DOCENTE DE TRUJILLO,OPERATIVO,08:45 a 16:30,Mansiche Nº 795
33,CAJAMARCA,CAJAMARCA,CAJAMARCA,ORA REGIONAL CAJAMARCA,OPERATIVO,08:45 a 16:30,Larry Jhonson S/N Cdra. 8
34,LA LIBERTAD,TRUJILLO,TRUJILLO,ORA HOSPITAL BELEN DE TRUJILLO,OPERATIVO,08:45 a 16:30,Bolívar Nº 350
35,CAJAMARCA,CAJAMARCA,CAJAMARCA,OR CAJAMARCA,OPERATIVO,08:45 a 16:45,Del Comercio Nº 633
36,CAJAMARCA,CAJABAMBA,CAJABAMBA,PAP CAJABAMBA,OPERATIVO,08:45 a 16:30,Miguel Grau Nº 224-226-228 Mz. 31 Lt. 2 
37,CAJAMARCA,CELENDIN,CELENDÍN,PAP CELENDIN,OPERATIVO,08:45 a 16:30,Pardo N° 610
38,CAJAMARCA,CONTUMAZA,CONTUMAZÁ,PAP CONTUMAZA,OPERATIVO,08:45 a 16:30,Miguel Grau Nº 212
39,CAJAMARCA,HUALGAYOC,BAMBAMARCA,PAP HUALGAYOC,OPERATIVO,08:45 a 16:30,07 de Junio Nº 470
40,CAJAMARCA,SAN MIGUEL,SAN MIGUEL,PAP SAN MIGUEL,OPERATIVO,08:45 a 16:30,Bolognesi N° 364
41,CAJAMARCA,SAN MARCOS,PEDRO GÁLVEZ,PAP SAN MARCOS,OPERATIVO,08:45 a 16:30,Jr. Alfonso Ugarte N° 325 (Mz. 46 Lt. 17 Centro Poblado San Marcos).
42,CAJAMARCA,SAN PABLO,SAN PABLO,PAP SAN PABLO,OPERATIVO,08:45 a 16:30,Plaza de Armas S/N
43,LA LIBERTAD,TRUJILLO,VICTOR LARCO HERRERA,OR TRUJILLO II,OPERATIVO,08:45 a 16:45,"Víctor Larco N° 1096. Unidad 01, Local Comercial 01, Mz.05, Lte.01 AA.HH. Vista Alegre."
44,LA LIBERTAD,PATAZ,PARCOY,OR PARCOY,OPERATIVO,08:45 a 16:45,San Martín N° 859
45,LA LIBERTAD,TRUJILLO,TRUJILLO,OR TRUJILLO I,OPERATIVO,08:45 a 16:45,Pablo Casals Mz. A Lt. 6 Urb. Los Cedros
46,LA LIBERTAD,BOLIVAR,BOLÍVAR,PAP BOLIVAR,OPERATIVO,08:45 a 16:30,Bolivar S/N - Mz. 20 Lt. 8
47,LA LIBERTAD,SANCHEZ CARRION,HUAMACHUCO,AG SANCHEZ CARRION,OPERATIVO,08:45 a 16:45,Alfonso Ugarte N° 567
48,LA LIBERTAD,OTUZCO,OTUZCO,AG OTUZCO,OPERATIVO,08:45 a 16:45,Pasaje Elías Armas Castillo Lt. 5-E1 Mz. 28
49,LA LIBERTAD,PACASMAYO,SAN PEDRO DE LLOC,AG PACASMAYO,OPERATIVO,08:45 a 16:45,Alianza Nº 524
50,LA LIBERTAD,PATAZ,TAYABAMBA,PAP PATAZ,OPERATIVO,08:45 a 16:30,Sucre 337 1er Piso Centro Civico
51,LA LIBERTAD,SANTIAGO DE CHUCO,SANTIAGO DE CHUCO,PAP SANTIAGO DE CHUCO,OPERATIVO,08:45 a 16:30,Luis de La Puente Uceda  Nº 1120
52,LA LIBERTAD,ASCOPE,ASCOPE,PAP ASCOPE,OPERATIVO,08:45 a 16:30,"Miguel Grau N° 879, Centro Poblado Ascope Mz. 33. Lt. 10 - 1er Piso"
53,LA LIBERTAD,CHEPEN,CHEPÉN,PAP CHEPEN,OPERATIVO,08:45 a 16:30,Calle San Pedro N° 610. Centro Poblado Chepén Sector V Mz. 130 Lt. 03
54,LA LIBERTAD,JULCAN,JULCÁN,PAP JULCAN,OPERATIVO,08:45 a 16:30,28 de Julio Nº 201 Centro Civico - Julcán
55,LA LIBERTAD,VIRU,VIRU,PAP VIRU,OPERATIVO,08:45 a 16:30, Mz. A Lt. N° 08 Urb. Las Palmeras
56,CAJAMARCA,HUALGAYOC,BAMBAMARCA,ORA BAMBAMARCA - TITO VILLAR CABEZAS,OPERATIVO,08:45 a 16:30,Av. Ricardo Palma Nº 689
57,CAJAMARCA,CELENDIN,CELENDÍN,ORA DE APOYO CELENDIN,OPERATIVO,08:45 a 16:30,Túpac Amaru Cdra. 4
58,CAJAMARCA,CAJABAMBA,CAJABAMBA,ORA HOSPITAL NUESTRA SEÑORA DEL ROSARIO,OPERATIVO,08:45 a 16:30,La Torre N° 277
59,CAJAMARCA,SAN MARCOS,PEDRO GÁLVEZ,ORA SAN MARCOS,OPERATIVO,08:45 a 16:30,Av. 28 de Julio S/N Cdra.2
60,LA LIBERTAD,TRUJILLO,EL PORVENIR,OR EL PORVENIR,OPERATIVO,08:45 a 16:45,Gabriel Aguilar Nº 1657. 2do piso.
61,LA LIBERTAD,TRUJILLO,EL PORVENIR,OR ALTO TRUJILLO,OPERATIVO,08:45 a 16:45,Centro Poblado Alto Trujillo-Barrio 3 Mz T Lt. 2
62,CAJAMARCA,CAJAMARCA,CAJAMARCA,ORA SIMON BOLIVAR,OPERATIVO,08:45 a 16:30,Mario Urteaga N° 500
63,LA LIBERTAD,PACASMAYO,GUADALUPE,ORA DE APOYO TOMÁS LAFORA,OPERATIVO,08:45 a 16:30,La Victoria S/N
64,CAJAMARCA,CAJAMARCA,LOS BAÑOS DEL INCA,ORA BAÑOS DEL INCA,OPERATIVO,08:45 a 16:30,Pachacútec N° 489
65,LA LIBERTAD,TRUJILLO,LA ESPERANZA,ORA DISTRITAL JERUSALEN,OPERATIVO,08:45 a 16:30,1 Barrio 3 Mz. 20 Lt. 02 Sector Jerusalén
66,LA LIBERTAD,PATAZ,CHILLIA,AG CHILLIA,OPERATIVO,08:45 a 16:45,Miraflores S/N
67,LA LIBERTAD,SANTIAGO DE CHUCO,SANTIAGO DE CHUCO,ORA DE APOYO CESAR ABRAHAM VALLEJO MENDOZA,OPERATIVO,08:45 a 16:30,Gustavo Pinillo S/N - Barrio San Cristobal
68,LA LIBERTAD,CHEPEN,CHEPEN,ORA DE APOYO CHEPEN,OPERATIVO,08:45 a 16:30,28 de Julio S/N
69,LA LIBERTAD,SANCHEZ CARRION,HUAMACHUCO,ORA DE APOYO LEONCIO PRADO,OPERATIVO,08:45 a 16:30,10 de Julio N° 209
70,LA LIBERTAD,OTUZCO,OTUZCO,ORA DE APOYO OTUZCO ELPIDIO BEROVIDES PEREZ,OPERATIVO,08:45 a 16:30,Progreso N° 385
71,LA LIBERTAD,ASCOPE,PAIJAN,ORA PAIJAN,OPERATIVO,08:45 a 16:30,Vía Panamericana S/N 
72,CAJAMARCA,CONTUMAZA,CHILETE,PANP CHILETE,OPERATIVO,08:45 a 16:30,Arequipa N° 330
73,CAJAMARCA,CAJAMARCA,CAJAMARCA,MAC - CAJAMARCA,OPERATIVO,08:30 a 16:30,Via De Evitamiento. Jr. El Mutuy y Av. La Cantuta - Cajamarca - Centro Comercial Real Plaza 2do. Piso
74,SAN MARTIN,SAN MARTIN,TARAPOTO,ORA HOSPITAL TARAPOTO,OPERATIVO,08:45 a 16:30,Angel Delgado Morey Nº 503
75,LORETO,DATEM DEL MARAÑON,BARRANCA,PAP DATEM DEL MARAÑON,OPERATIVO,08:45 a 16:30,Tigre Mz. 31 Lt. 08 - San Lorenzo
76,SAN MARTIN,RIOJA,NUEVA CAJAMARCA,AG NUEVA CAJAMARCA,OPERATIVO,08:45 a 16:45, Fernando Belaunde Terry Altura del Km. 447.50 
77,LORETO,ALTO AMAZONAS,YURIMAGUAS,AG ALTO AMAZONAS,OPERATIVO,08:45 a 16:45,Mariscal Castilla N° 411
78,SAN MARTIN,MOYOBAMBA ,MOYOBAMBA,ORA HOSPITAL MOYOBAMBA,OPERATIVO,08:45 a 16:30,Grau cuadra 4
79,SAN MARTIN,MOYOBAMBA ,MOYOBAMBA,AG MOYOBAMBA,OPERATIVO,08:45 a 16:45,Dos de Mayo Mz. 1530 Lt. 14 (837)
80,SAN MARTIN,HUALLAGA,SAPOSOA,AG HUALLAGA,OPERATIVO,08:45 a 16:45,Lima N° 591
81,SAN MARTIN,LAMAS,LAMAS,AG LAMAS,OPERATIVO,08:45 a 16:45,San Martín N° 984
82,SAN MARTIN,MARISCAL CACERES,JUANJUI,AG MARISCAL CACERES,OPERATIVO,08:45 a 16:45,Eduardo Peña Meza N° 772 
83,SAN MARTIN,RIOJA,RIOJA,OR RIOJA,OPERATIVO,08:45 a 16:45,Angaiza N° 530
84,SAN MARTIN,SAN MARTIN ,TARAPOTO,OR TARAPOTO,OPERATIVO,08:45 a 16:45,Jiménez Pimentel N° 280 
85,SAN MARTIN,BELLAVISTA,BELLAVISTA,AG BELLAVISTA,OPERATIVO,08:45 a 16:45,Huallaga - Iquitos Mz. 7 Lt. 27 - A.  1er. Piso
86,SAN MARTIN,PICOTA,PICOTA,AG PICOTA,OPERATIVO,08:45 a 16:45,"Simón Bolívar, cuadra 4"
87,SAN MARTIN,EL DORADO ,SAN JOSE DE SISA,AG EL DORADO,OPERATIVO,08:45 a 16:45,Comercio N° 610
88,LORETO,DATEM DEL MARAÑON,BARRANCA,ORA SAN LORENZO - NUCLEO BASE,OPERATIVO,08:45 a 16:30,Daniel Alcides Carrión S/N - Barrio Huacachina
89,SAN MARTIN,SAN MARTIN ,LA BANDA DE SHILCAYO,AG LA BANDA DE SHILCAYO,OPERATIVO,08:45 a 16:45,Yurimaguas N° 340
90,SAN MARTIN,MARISCAL CACERES,JUANJUI,ORA HOSPITAL JUANJUI,OPERATIVO,08:45 a 16:30,Arica N° 205
91,SAN MARTIN,RIOJA,RIOJA,ORA HOSPITAL DE RIOJA,OPERATIVO,08:45 a 16:30,Túpac Amaru S/N
92,LORETO,ALTO AMAZONAS,LAGUNAS,AG LAGUNAS,OPERATIVO,08:45 a 16:45,CALLE FITZCARRALD C-9
93,LORETO,ALTO AMAZONAS,YURIMAGUAS,HOSPITAL SANTA GEMA YURIMAGUAS,OPERATIVO,08:45 a 16:30,JR PROGRESO 305 - 307
94,LORETO,MAYNAS,PUNCHANA,"ORA HOSPITAL REGIONAL DE LORETO ""FELIPE ARRIOLA IGLESIAS""",OPERATIVO,08:45 a 16:30,28 de Julio S/N
95,LORETO,MAYNAS,IQUITOS,"ORA HOSPITAL IQUITOS ""CESAR GARAYAR GARCIA""",OPERATIVO,08:45 a 16:30,Libertad cuadra 4
96,LORETO,MAYNAS,BELÉN,OR BELEN,OPERATIVO,08:45 a 16:45,Miraflores S/N P. J. 09 de Octubre
97,LORETO,MAYNAS,TENIENTE MANUEL CLAVERO,PAP SOPLIN VARGAS,OPERATIVO,08:45 a 16:30,Plaza de Armas S/N 28 de Julio
98,LORETO,MAYNAS,IQUITOS,OR IQUITOS,OPERATIVO,08:45 a 16:45,Próspero Nº 201
99,LORETO,LORETO,NAUTA,PAP NAUTA,OPERATIVO,08:45 a 16:30,Grau Nº 305 Centro
100,LORETO,REQUENA,REQUENA,PAP REQUENA,OPERATIVO,08:45 a 16:30,San Antonio S/N Anexo Hotel Municipal
101,LORETO,MARISCAL RAMON CASTILLA,RAMON CASTILLA,PAP MARISCAL RAMON CASTILLA - CABALLOCOCHA,OPERATIVO,08:45 a 16:30,Ayacucho Mz. 22 Lt. 4 C con Amazonas S/N - Local Municipal
102,LORETO,MAYNAS,SAN JUAN BAUTISTA,OR SAN JUAN BAUTISTA,OPERATIVO,08:45 a 16:45,Abelardo Quiñones Nº 2371 Km. 2.5 
103,LORETO,MARISCAL RAMON CASTILLA,YAVARI,PAP YAVARI,OPERATIVO,08:45 a 16:30,Dos de Julio S/N Local Municipal
104,LORETO,MAYNAS,PUTUMAYO,PAP PUTUMAYO,OPERATIVO,08:45 a 16:30,LOCAL MUNICIPAL
105,LORETO,MAYNAS,PUNCHANA,PAP PUNCHANA,OPERATIVO,08:45 a 16:30,"Trujillo esquina con Calle Cusco, cuadra 5"
106,LORETO,REQUENA,REQUENA,ORA REQUENA,OPERATIVO,08:45 a 16:30,Mártires del Petroléo S/N - Malecon Grau
107,LORETO,MARISCAL RAMON CASTILLA,RAMON CASTILLA,ORA CABALLOCOCHA,OPERATIVO,08:45 a 16:30,Progreso N° 425
108,LORETO,MAYNAS,PUNCHANA,MAC - LORETO,OPERATIVO,08:30 a 16:30,La Marina Nº  1338
109,ANCASH,SANTA,CHIMBOTE,OR SANTA,OPERATIVO,08:45 a 16:45,Jr. Enrique Palacios Nº 504-506 esquina con Jr. Ladislao Espinar Nº 401
110,ANCASH,SANTA,NUEVO CHIMBOTE,AG NUEVO CHIMBOTE,OPERATIVO,08:45 a 16:45,Mz. 74-75 Lt. 1 del Centro Cívico de la Municipalidad Distrital de Nuevo Chimbote 
111,ANCASH,HUARAZ,HUARAZ,AG HUARAZ,OPERATIVO,08:45 a 16:45,"José Larrea y Laredo N° 764,Mz. ""C"" Lote 6, Zona Central y Comercial - Huaraz"
112,ANCASH,HUAYLAS,CARAZ,AG HUAYLAS,OPERATIVO,08:45 a 16:45,Jr. Raimondi N° 215 - Caraz
113,ANCASH,HUARI,HUARI,AG HUARI,OPERATIVO,08:45 a 16:45,Libertad Mz P2 Lote 003
114,ANCASH,POMABAMBA,POMABAMBA,AG POMABAMBA,OPERATIVO,08:45 a 16:45,Huaraz No. 691 - Pomabamba
115,ANCASH,SIHUAS,SIHUAS,AG SIHUAS,OPERATIVO,08:45 a 16:45,Señor de los Milagros Nº 211  Pueblo Pingullo
116,ANCASH,PALLASCA,PAMPAS,AG PAMPAS,OPERATIVO,08:45 a 16:45,Plaza de Armas S/N - Municipalidad Distrital de Pampas - 1er piso
117,ANCASH,CASMA,CASMA,PAP CASMA,OPERATIVO,08:45 a 16:30,"Lote 13, Manzana C,  Zona Centro Civico, Pasaje Hijuela "
118,ANCASH,HUARMEY,HUARMEY,PAP HUARMEY,OPERATIVO,08:45 a 16:30,1er. Pabellón de Centro Civico S/N - Huarmey
119,ANCASH,RECUAY,RECUAY,PAP RECUAY,OPERATIVO,08:45 a 16:30,Plaza de Armas Nº 180 Municipalidad Distrital de Recuay
120,ANCASH,CARHUAZ,CARHUAZ,PAP CARHUAZ,OPERATIVO,08:45 a 16:30,"La Merced Nº 1006  con Jirón Brasil Lote 7 de la Manzana  P1, Sector Independencia"
121,ANCASH,YUNGAY,YUNGAY,PAP YUNGAY,OPERATIVO,08:45 a 16:30,Av. Arias Grazziani Lt 1-2 Centro Civico Municipalidad Provincial Yungay
122,ANCASH,CARLOS FERMIN FITZCARRALD,SAN LUÍS,PAP CARLOS FERMIN FITZCARRALD,OPERATIVO,08:45 a 16:30,Ramón Castilla N° 320 - 1er. piso Centro Civico de la Municipalidad Provincial de Carlos Fermin Fitscarrald
123,ANCASH,MARISCAL LUZURIAGA,PISCOBAMBA,PAP MARISCAL LUZURIAGA,OPERATIVO,08:45 a 16:30,San Pablo S/N - Plaza de Armas de Piscobamba
124,ANCASH,SANTA,CHIMBOTE,ORA LA CALETA (Chimbote),OPERATIVO,08:45 a 16:30,Malecon Grau S/N La Caleta
125,ANCASH,SANTA,CHIMBOTE,ORA HOSPITAL ESSALUD III CHIMBOTE,OPERATIVO,08:45 a 16:30,Circunvalación Nº 119 Urb. Laderas del Norte
126,ANCASH,SANTA,NUEVO CHIMBOTE,ORA ELEAZAR GUZMAN BARRÓN (Nuevo Chimbote),OPERATIVO,08:45 a 16:30,Brasil S/N Urb. Santa Cristina
127,ANCASH,HUARAZ,HUARAZ,ORA VICTOR RAMOS GUARDIA (Huaraz),OPERATIVO,08:45 a 16:30,Mariscal Luzuriaga S/N Cdra 01 intercepción con Jr. Pedro Villon cdra 10
128,ANCASH,HUAYLAS,CARAZ,ORA HOSPITAL DE APOYO CARAZ,OPERATIVO,08:45 a 16:30,9 de Octubre S/N
129,ANCASH,HUARI,HUARI,ORA HUARI,OPERATIVO,08:45 a 16:30,Circunvalación Baja S/N
130,ANCASH,CORONGO,CORONGO,PANP CORONGO,DESPLAZAMIENTO,08:45 a 16:30,"Jr. Grau N° 206, primer piso de la Municipalidad Provincial de Corongo"
131,ANCASH,PALLASCA,CABANA,PANP PALLASCA,DESPLAZAMIENTO,08:45 a 16:30,Plaza de Armas No. 103 (1er.Piso) Mz.A3 Lote 13
132,ANCASH,AIJA,AIJA,PANP AIJA,DESPLAZAMIENTO,08:45 a 16:30,"Jr. Gavino Uribe S/N Plaza de Armas, 1er piso de la Municipalidad Provincial de Aija"
133,ANCASH,BOLOGNESI,CHIQUIAN,PAP BOLOGNESI,DESPLAZAMIENTO,08:45 a 16:30,Tacna N° 320 Centro Civico -Plaza de Armas - Chiquian
134,ANCASH,YUNGAY,YANAMA,AG YANAMA,DESPLAZAMIENTO,08:45 a 16:45,Santa Rosa S/N - Plaza De Armas
135,ANCASH,MARISCAL LUZURIAGA,LLUMPA,PAP LLUMPA,DESPLAZAMIENTO,08:45 a 16:30,Plaza de Armas S/N
136,ANCASH,ASUNCION,CHACAS,PANP ASUNCION,DESPLAZAMIENTO,08:45 a 16:30,Atusparia S/N esquina con Jr. Lima
137,ANCASH,HUARI,CHAVIN DE HUANTAR,PANP CHAVIN DE HUANTAR,DESPLAZAMIENTO,08:45 a 16:30,San Martín S/N Centro Cívico de la Municipalidad Distrital de Chavín de Huantar
138,ANCASH,HUARI,SAN MARCOS,PANP SAN MARCOS ,DESPLAZAMIENTO,08:45 a 16:30,Progreso N° 332 Plaza de Armas de San Marcos
139,HUANUCO,HUACAYBAMBA,HUACAYBAMBA,PANP HUACAYBAMBA,DESPLAZAMIENTO,08:45 a 16:30,"Av. El Ejercito S/N Barrio San Pedro, 1er piso Centro Civico de la Municipalidad Provincial de Huacaybamba"
140,ANCASH,ANTONIO RAIMONDI,LLAMELLIN,PANP ANTONIO RAIMONDI,DESPLAZAMIENTO,08:45 a 16:30,Simón Bolívar N° 229
141,ANCASH,HUARI,UCO,PANP UCO,DESPLAZAMIENTO,08:45 a 16:30,Nicolas de Piérola S/N - Plaza de Armas
142,JUNIN,HUANCAYO,HUANCAYO,"ORA REGIONAL DOCENTE MATERNO INFANTIL ""EL CARMEN""",OPERATIVO,08:45 a 16:30,Puno Nº 911
143,JUNIN,SATIPO,MAZAMARI,PAP MAZAMARI,OPERATIVO,08:45 a 16:30,San Juan N° 353
144,JUNIN,HUANCAYO,EL TAMBO,OR HUANCAYO,OPERATIVO,08:45 a 16:45,Julio Summar N° 351
145,JUNIN,CONCEPCION,CONCEPCIÓN,PAP CONCEPCIÓN,OPERATIVO,08:45 a 16:30,Ricardo Palma S/N Mercado Modelo Interior 1 
146,JUNIN,JAUJA,JAUJA,PAP JAUJA,OPERATIVO,08:45 a 16:30,Sucre N° 889
147,JUNIN,JUNIN,JUNIN,PAP JUNIN,OPERATIVO,08:45 a 16:30,Simón Bolivar N° 820
148,JUNIN,TARMA,TARMA,AG TARMA,OPERATIVO,08:45 a 16:45,Arequipa Nº 939
149,JUNIN,YAULI,SANTA ROSA DE SACCO,PAP YAULI,OPERATIVO,08:45 a 16:30,Miguel Grau N° 309
150,JUNIN,SATIPO,SATIPO,PAP SATIPO,OPERATIVO,08:45 a 16:30,Micaela Bastidas y Jr. Augusto B. Leguia Centro Civico 
151,JUNIN,CHANCHAMAYO,LA MERCED,AG CHANCHAMAYO,OPERATIVO,08:45 a 16:45,Tarma Nº 236
152,JUNIN,CHUPACA,CHUPACA,PAP CHUPACA,OPERATIVO,08:45 a 16:30,Grau N° 195 - Centro Cívico
153,JUNIN,CHANCHAMAYO,PICHANAQUI,PAP PICHANAQUI,OPERATIVO,08:45 a 16:30,Independencia S/N Coliseo Municipal
154,JUNIN,TARMA,TARMA,ORA DE APOYO FELIX MAYORCA SOTO,OPERATIVO,08:45 a 16:30,Pacheco Nº 362
155,JUNIN,JAUJA ,JAUJA ,ORA HOSPITAL DOMINGO OLAVEGOYA,OPERATIVO,08:45 a 16:30,San Martín Nº 1153 Urb. Olavegoya 
156,JUNIN,SATIPO,SATIPO,ORA DE APOYO MANUEL HIGA ARAKAKI,OPERATIVO,08:45 a 16:30,Daniel Alcides Carrión Nº 398
157,JUNIN,CHANCHAMAYO ,PICHANAQUI,ORA HOSPITAL DE APOYO PICHANAQUI,OPERATIVO,08:45 a 16:30,San Martín S/N Pichanaki
158,JUNIN,HUANCAYO,HUANCAYO,ORA LA LIBERTAD,OPERATIVO,08:45 a 16:30,HUANCAS 695
159,JUNIN,CHANCHAMAYO,LA MERCED,ORA HOSPITAL REGIONAL DOCENTE DE MEDICINA TROPICAL DR. JULIO DEMARINI CARO,OPERATIVO,08:45 a 16:30,Daniel A. Carrion S/N Av. Pampa Del Carmen S/N
160,JUNIN,HUANCAYO,EL TAMBO,ORA HOSPITAL NACIONAL RAMIRO PRIALE,OPERATIVO,08:45 a 16:30,AV. INDEPENDENCIA Nº 266
161,JUNIN,HUANCAYO,CHILCA,ORA CHILCA,OPERATIVO,08:45 a 16:30,HUMBOLT 900
162,AYACUCHO,HUAMANGA,AYACUCHO,"ORA HOSPITAL REGIONAL DE AYACUCHO ""MIGUEL ANGEL MARISCAL LLERENA""",OPERATIVO,08:45 a 16:30,Av.Daniel Alcides Carrión S/N - 2da cuadra.
163,AYACUCHO,LA MAR,AYNA,PAP AYNA -SAN FRANCISCO,OPERATIVO,08:45 a 16:30,28 de Julio S/N San Francisco
164,APURIMAC,ANDAHUAYLAS,TALAVERA,OR ANDAHUAYLAS,OPERATIVO,08:45 a 16:45,AMAUTA N° 311
165,AYACUCHO,HUAMANGA,AYACUCHO,OR HUAMANGA,OPERATIVO,08:45 a 16:45,"San Martin Nº 473, 475, 477 y 477A"
166,APURIMAC,CHINCHEROS,CHINCHEROS,PAP CHINCHEROS,OPERATIVO,08:45 a 16:30,COTABAMBAS N° 121
167,CUSCO,LA CONVENCION,PICHARI,PAP PICHARI,OPERATIVO,08:45 a 16:30,BRASIL S/N
168,AYACUCHO,HUAMANGA,JESUS NAZARENO,PAP JESUS NAZARENO,OPERATIVO,08:45 a 16:30,RICARDO PALMA N°249
169,AYACUCHO,CANGALLO,CANGALLO,PAP CANGALLO,OPERATIVO,08:45 a 16:30,Maria Parado de Bellido Nº 205
170,AYACUCHO,HUANTA,HUANTA,AG HUANTA,OPERATIVO,08:45 a 16:45,Ayacucho N° 313
171,AYACUCHO,LA MAR,SAN MIGUEL,PAP LA MAR,OPERATIVO,08:45 a 16:30,Maria Parado de Bellido S/N 
172,AYACUCHO,VICTOR FAJARDO,HUANCAPI,PAP VICTOR FAJARDO,OPERATIVO,08:45 a 16:30,Plaza Principal Nº 127
173,AYACUCHO,HUANCA SANCOS,SANCOS,PAP HUANCASANCOS,OPERATIVO,08:45 a 16:30,Progreso S/N Consejo Provincial de Huanca Sancos
174,AYACUCHO,VILCAS HUAMAN,VILCAS HUAMAN,PAP VILCASHUAMAN,OPERATIVO,08:45 a 16:30,Los Incas S/N - barrio Cruz Pata
175,AYACUCHO,SUCRE,QUEROBAMBA,PAP SUCRE,OPERATIVO,08:45 a 16:30,Bolívar S/N  Plaza de Armas Consejo Provincial de Sucre
176,AYACUCHO,HUANTA,HUANTA,"ORA HOSPITAL DE APOYO HUANTA ""DANIEL ALCIDES CARRION""",OPERATIVO,08:45 a 16:30,Mariscal Castilla Nº 628
177,AYACUCHO,LA MAR,SAN MIGUEL,ORA SAN MIGUEL,OPERATIVO,08:45 a 16:30,Ramon Castilla s/n
178,AYACUCHO,CANGALLO,CANGALLO,ORA HOSPITAL DE APOYO CANGALLO,OPERATIVO,08:45 a 16:30,Santa Rosa N° 110
179,AYACUCHO,LA MAR,SAMUGARI,PAP SAMUGARI -PALMAPAMPA,OPERATIVO,08:45 a 16:30,Los Laureles S/N – Palmapampa Distrital de Samugari
180,AYACUCHO,LA MAR,TAMBO,ORA TAMBO,OPERATIVO,08:45 a 16:30,Lima s/n
181,AYACUCHO,HUAMANGA,JESUS NAZARENO,ORA HOSPITAL DE APOYO JESUS NAZARENO,OPERATIVO,08:45 a 16:30,Ciro Alegría Nº 547
182,APURIMAC,ANDAHUAYLAS,ANDAHUAYLAS,ORA HOSPITAL REGIONAL DOCENTE  HUGO PESCE PESCETTO ANDAHUAYLAS ,OPERATIVO,08:45 a 16:30,HUGO PESCE PESCETO S/N
183,APURIMAC,CHINCHEROS,CHINCHEROS,ORA HOSPITAL DE APOYO CHINCHEROS,OPERATIVO,08:45 a 16:30,Fernando Belaunde Terry S/N
184,CUSCO,LA CONVENCION,KIMBIRI,ORA SAN JUAN DE KIMBIRI,OPERATIVO,08:45 a 16:30,Aeropuerto S/N
185,CUSCO,LA CONVENCION,PICHARI,ORA HOSPITAL DE APOYO PICHARI,OPERATIVO,08:45 a 16:30,AMAZONAS S/N
186,AYACUCHO,VILCAS HUAMAN,VILCAS HUAMAN,ORA VILCASHUAMAN,OPERATIVO,08:45 a 16:30,Vilcasraymi S/N
187,AYACUCHO,CANGALLO,LOS MOROCHUCOS,ORA PAMPA CANGALLO,OPERATIVO,08:45 a 16:30,María Arguedas S/N
188,AREQUIPA,AREQUIPA,AREQUIPA,ORA HOSPITAL REGIONAL HONORIO DELGADO ESPINOZA,OPERATIVO,08:45 a 16:30,Daniel Alcides Carrión N° 505
189,TACNA,TACNA,TACNA,ORA TACNA,OPERATIVO,08:45 a 16:30,Blondel S/N
190,AREQUIPA,AREQUIPA,AREQUIPA,OR AREQUIPA,OPERATIVO,08:45 a 16:45,San Juan de Dios N° 122 y Santo Domingo N° 101
191,AREQUIPA,CAYLLOMA,CHIVAY,PAP CAYLLOMA,OPERATIVO,08:45 a 16:30,Siglo XX S/N
192,AREQUIPA,CAMANA,CAMANA,AG CAMANA,OPERATIVO,08:45 a 16:45,Mariscal Castilla N° 221
193,AREQUIPA,CARAVELI,CARAVELÍ,PAP CARAVELI,OPERATIVO,08:45 a 16:30,Bolivar S/N
194,AREQUIPA,CASTILLA,APLAO,PAP CASTILLA,OPERATIVO,08:45 a 16:30,Progreso S/N
195,AREQUIPA,CONDESUYOS,CHUQUIBAMBA,PAP CONDESUYOS,OPERATIVO,08:45 a 16:30,Alameda S/N - Los Tres Errantes
196,AREQUIPA,ISLAY,MOLLENDO,AG ISLAY,OPERATIVO,08:45 a 16:45,Arequipa Nº 261 
197,AREQUIPA,LA UNION,COTAHUASI,PAP LA UNION,OPERATIVO,08:45 a 16:30,Centenario N° 202 - Cotahuasi
198,MOQUEGUA,MARISCAL NIETO,MOQUEGUA,ORA HOSPITAL REGIONAL MOQUEGUA,OPERATIVO,08:45 a 16:30,Simón Bolívar N° 505
199,MOQUEGUA,MARISCAL NIETO,MOQUEGUA,AG MARISCAL NIETO,OPERATIVO,08:45 a 16:45,Lima Nº 676
200,MOQUEGUA,ILO,ILO,AG ILO,OPERATIVO,08:45 a 16:45,Ayacucho N° 529
201,AREQUIPA,CAYLLOMA,MAJES,AG MAJES,OPERATIVO,08:45 a 16:45,Arequipa S/N - Tienda 06 del Estadio Almirante Miguel Grau - Pedregal
202,AREQUIPA,AREQUIPA,CAYMA,AG CAYMA,OPERATIVO,08:45 a 16:45,Ramón Castilla S/N - Estadio La Tomilla
203,TACNA,TACNA,TACNA,AG TACNA,OPERATIVO,08:45 a 16:45,Deustua Nº 173
204,AREQUIPA,AREQUIPA,AREQUIPA,ORA HOSPITAL III GOYENECHE,OPERATIVO,08:45 a 16:30,Goyeche N° 100
205,AREQUIPA,CAMANA,CAMANA,ORA HOSPITAL DE CAMANA,OPERATIVO,08:45 a 16:30,Lima 550
206,AREQUIPA,AREQUIPA,PAUCARPATA,MAC - AREQUIPA,OPERATIVO,08:30 a 16:30,Porongoche N° 500 Paucarpata - Centro Comercial Mall Aventura 
207,AREQUIPA,CAYLLOMA,MAJES,ORA HOSPITAL CENTRAL DE MAJES- ANGEL GABRIEL CHURA GALLEGOS,OPERATIVO,08:45 a 16:30,Asentamiento B1 lote 1 Irrig. Majes
208,CUSCO,CUSCO,SANTIAGO,ORA ANTONIO LORENA DEL CUSCO,OPERATIVO,08:45 a 16:30,Carlos Ugarte S/N Urb. Primavera Cuartel Agustín Gamarra
209,CUSCO,CUSCO,WANCHAQ,ORA HOSPITAL NACIONAL ADOLFO GUEVARA VELASCO,OPERATIVO,08:45 a 16:30,Micaela Bastidas S/N
210,APURIMAC,ABANCAY,ABANCAY,OR ABANCAY,OPERATIVO,08:45 a 16:45,La Victoria Nº 214
211,APURIMAC,AYMARAES,CHALHUANCA,PANP AYMARAES,DESPLAZAMIENTO,08:45 a 16:30,Plaza de Armas S/N (Gobernatura De Chalhuanca)
212,APURIMAC,ANTABAMBA,ANTABAMBA,PANP ANTABAMBA,DESPLAZAMIENTO,08:45 a 16:30,Plaza de Armas S / N
213,APURIMAC,COTABAMBAS,TAMBOBAMBA,PAP TAMBOBAMBA,OPERATIVO,08:45 a 16:30,Plaza de Armas S/N - 3er Piso
214,APURIMAC,GRAU,CHUQUIBAMBILLA,PANP GRAU,DESPLAZAMIENTO,08:45 a 16:30,Plaza de Armas S / N
215,CUSCO,CUSCO,CUSCO,OR CUSCO,OPERATIVO,08:45 a 16:45,El Sol N° 272
216,CUSCO,ACOMAYO,ACOMAYO,PANP ACOMAYO,DESPLAZAMIENTO,08:45 a 16:30,Plaza de Armas S/N
217,CUSCO,ANTA,ANTA ,PAP ANTA,OPERATIVO,08:45 a 16:30,"Jaquijahuana  S / N, Izcuchaca"
218,CUSCO,CALCA,CALCA,AG CALCA,OPERATIVO,08:45 a 16:45,Plaza de Armas S/N
219,CUSCO,CANAS,YANAOCA,PAP CANAS,OPERATIVO,08:45 a 16:30,Plaza de Armas S/N
220,CUSCO,CANCHIS,SICUANI,AG CANCHIS,OPERATIVO,08:45 a 16:45,Túpac Amaru N° 163
221,CUSCO,CHUMBIVILCAS,SANTO TOMAS,PAP CHUMBIVILCAS,OPERATIVO,08:45 a 16:30,Perú S / N (Ruedo de Toros)
222,CUSCO,ESPINAR,ESPINAR,PAP ESPINAR,OPERATIVO,08:45 a 16:30,Teatro S/N  
223,CUSCO,LA CONVENCION,SANTA ANA,AG LA CONVENCION,OPERATIVO,08:45 a 16:45,Grau Nº 238
224,CUSCO,PARURO,PARURO,PANP PARURO,DESPLAZAMIENTO,08:45 a 16:30,Plaza de Armas S/N
225,CUSCO,PAUCARTAMBO,PAUCARTAMBO,PAP PAUCARTAMBO - JR9,OPERATIVO,08:45 a 16:30,Enrique Yabar S/N
226,CUSCO,QUISPICANCHI,URCOS,PAP QUISPICANCHI,OPERATIVO,08:45 a 16:30,Huáscar N° 181
227,CUSCO,URUBAMBA,URUBAMBA,PAP URUBAMBA,OPERATIVO,08:45 a 16:30,Conchatupa S/N
228,MADRE DE DIOS,TAHUAMANU,IBERIA,AG IBERIA,OPERATIVO,08:45 a 16:45,Máximo Rodríguez N° 124 Plaza de Armas
229,APURIMAC,ABANCAY,ABANCAY,ORA HOSPITAL REGIONAL GUILLERMO DIAZ DE LA VEGA,OPERATIVO,08:45 a 16:30,Alcides Carrión S/N
230,MADRE DE DIOS,TAMBOPATA,TAMBOPATA,OR TAMBOPATA,OPERATIVO,08:45 a 16:45,Lambayeque N° 159
231,MADRE DE DIOS,MANU,MANU,PANP MANU,DESPLAZAMIENTO,08:45 a 16:30,Esperanza S/N - Local Municipal
232,CUSCO,ACOMAYO,POMACANCHI,AG POMACANCHI,DESPLAZAMIENTO,08:45 a 16:45,Plaza de Armas S/N
233,CUSCO,CUSCO,CUSCO,ORA HOSPITAL DE APOYO DEPARTAMENTAL CUSCO,OPERATIVO,08:45 a 16:30,La Cultura S/N
234,CUSCO,CUSCO,SANTIAGO,ORA BELEMPAMPA,OPERATIVO,08:45 a 16:30,21 de Mayo S/N
235,CUSCO,CANCHIS,SICUANI,ORA SICUANI,OPERATIVO,08:45 a 16:30,Manuel Callo Zevallos N° 519 - Hospital MINSA Sicuani
236,MADRE DE DIOS,TAMBOPATA,TAMBOPATA,ORA SANTA ROSA,OPERATIVO,08:45 a 16:30,Cajamarca N° 171
237,CUSCO,LA CONVENCION,SANTA ANA,ORA QUILLABAMBA,OPERATIVO,08:45 a 16:30,General Gamarra S/N - Hospital Quillabamba
238,APURIMAC,AYMARAES,CHALHUANCA,ORA CHALHUANCA,OPERATIVO,08:45 a 16:30,Bolivar S/N
239,CUSCO,ESPINAR,ESPINAR,ORA ESPINAR,OPERATIVO,08:45 a 16:30,Domingo Huarca Cruz S/N Barrio Túpac Amaru  - Hospital Espinar
240,MADRE DE DIOS,TAHUAMANU,IBERIA,ORA SAN MARTIN DE PORRES DE IBERIA,OPERATIVO,08:45 a 16:30,Mocopata S/N
241,APURIMAC,COTABAMBAS,HAQUIRA,PAP HAQUIRA,OPERATIVO,08:45 a 16:30,Plaza de armas S/N-Haquira
242,LIMA,LIMA ,JESÚS MARÍA,ORA HOSPITAL NACIONAL EDGARDO REBAGLIATI MARTINS,OPERATIVO,08:45 a 16:30,AV. SALAVERRY CDRA. 13 - PUERTA 6
243,CALLAO,CALLAO,CALLAO,ORA NAC. DANIEL A. CARRIÓN,OPERATIVO,08:45 a 16:30,Guardia Chalaca Nº 2176 - Bellavista
244,LIMA,LIMA,SAN JUAN DE LURIGANCHO,ORA HOSPITAL SAN JUAN DE LURIGANCHO,OPERATIVO,08:45 a 16:30,Canto Grande S/N - Altura del paradero 10
245,LIMA,LIMA,EL AGUSTINO,ORA HOSPITAL NACIONAL HIPOLITO UNANUE,OPERATIVO,08:45 a 16:30,Cesar Vallejo Nº 1390 
246,LIMA,LIMA,LIMA,ORA INSTITUTO NACIONAL MATERNO PERINATAL,OPERATIVO,08:45 a 16:30,Miroquesada Nº 941 - Lima
247,CALLAO,CALLAO,VENTANILLA,OR VENTANILLA,OPERATIVO,08:45 a 16:45,Mz. F Lt.1 Sector B Grupo Residencial B1 Proyecto Piloto Nuevo Pachacútec
248,LIMA,LIMA,SANTIAGO DE SURCO,OR SURCO - HIGUERETA,OPERATIVO,08:45 a 16:45,Santiago de Surco Nº 2807 Urb. Residencial Higuereta
249,LIMA,LIMA,SAN BORJA,OR SAN BORJA,OPERATIVO,08:45 a 16:45,San Luis N° 1673 Urb. Jacaranda II
250,LIMA,LIMA,COMAS,OR COMAS III,OPERATIVO,08:45 a 16:45,San Felipe Nº 830 Urb. San Felipe
251,LIMA,LIMA,LIMA,OR QUILCA,OPERATIVO,08:45 a 16:45,Quilca Nº 501 y 525 
252,LIMA,LIMA,LIMA,AG ANCASH,OPERATIVO,08:45 a 16:45,Ancash Nº 336-340 y 344 (Frente a la Plazuela San Francisco) - Lima
253,LIMA,LIMA,VILLA MARÍA DEL TRIUNFO,ORA DANIEL ALCIDES CARRION,OPERATIVO,08:45 a 16:30,Pachacutec N° 3470 - Pasando el Terminal Pesquero.
254,CALLAO,CALLAO,BELLAVISTA,MAC - CALLAO,OPERATIVO,08:30 a 16:30,Oscar R. Benavides N° 3866 - Centro Comercial Mall Aventura Plaza
255,LIMA,LIMA,LIMA,OR LIMA,OPERATIVO,08:45 a 16:45,Av. Nicolás de Piérola N 545
256,LIMA,LIMA,ATE,OR ATE,OPERATIVO,08:45 a 16:45,Industrial Nº 438
257,LIMA,LIMA,COMAS,OR COMAS I,OPERATIVO,08:45 a 16:45,"Tupac Amaru N° 5527 - 5531 - 5535, Urb Huaquillay 2da Etapa"
258,LIMA,LIMA,LURIN,OR LURIN,OPERATIVO,08:45 a 16:45,Simon Bolivar N° 267
259,LIMA,LIMA,MIRAFLORES,OR MIRAFLORES,OPERATIVO,08:45 a 16:45,Ernesto Diez Canseco N° 230
260,LIMA,LIMA,PUENTE PIEDRA,OR PUENTE PIEDRA,OPERATIVO,08:45 a 16:45,Ricardo Palma Nº 241
261,LIMA,LIMA,SAN JUAN DE LURIGANCHO,OR SAN JUAN DE LURIGANCHO,OPERATIVO,08:45 a 16:45,Las Flores Lote 1 Mz. G Urb. Canto Grande Unidad 7
262,LIMA,LIMA,SAN JUAN DE MIRAFLORES,OR SAN JUAN DE MIRAFLORES,OPERATIVO,08:45 a 16:45,Guillermo Billinghurst  N° 767 – 769 Mz. F Lote 18 Urb. SJM Parcela D
263,LIMA,LIMA,SAN MARTÍN DE PORRES,OR SAN MARTIN DE PORRES,OPERATIVO,08:45 a 16:45,Eduardo de Habich Nº 590 - 592 con Pedro Paulet N° 589
264,LIMA,CAJATAMBO,CAJATAMBO,AG CAJATAMBO,OPERATIVO,08:45 a 16:45,Bolognesi S/N - Comisiones de Regantes -Frente plaza de Armas
265,LIMA,CANTA,CANTA,AG CANTA,OPERATIVO,08:45 a 16:45,Independencia Nº 308 Municipio (Plaza de Armas)
266,LIMA,CAÑETE,SAN VICENTE DE CAÑETE,AG CAÑETE,OPERATIVO,08:45 a 16:45,Los Libertadores Mz. D-3 Lote 4 Urbanización Tercer Mundo
267,LIMA,HUAURA,HUACHO,AG HUACHO,OPERATIVO,08:45 a 16:45,Grau Nº 295
268,LIMA,HUAROCHIRI,MATUCANA,AG MATUCANA,OPERATIVO,08:45 a 16:45,Tacna S/N  - Centro Civico
269,LIMA,YAUYOS,YAUYOS,AG YAUYOS,OPERATIVO,08:45 a 16:45,Plaza Constitución Nº 110
270,LIMA,HUARAL,HUARAL,AG HUARAL,OPERATIVO,08:45 a 16:45,Los Pinos Nº 149 Mz E Lote 4 Pasaje Urb. El Rosario
271,LIMA,BARRANCA,BARRANCA,OR BARRANCA,OPERATIVO,08:45 a 16:45,Independencia N° 674 - 676 - 678
272,LIMA,OYON,OYON,AG OYON,OPERATIVO,08:45 a 16:45,Unión 216
273,LIMA,LIMA,LURIGANCHO,OR CHOSICA,OPERATIVO,08:45 a 16:45,Chucuito Nº 248 
274,LIMA,LIMA,PACHACAMAC,OR PACHACAMAC,OPERATIVO,08:45 a 16:45,Paul Poblet N° 3111 - Dentro del Mercado Jumbo
275,LIMA,LIMA,JESÚS MARÍA,OR JESUS MARIA,OPERATIVO,08:45 a 16:45,Talara N° 130-132-134 y 136 Jesús Maria
276,LIMA,LIMA,CIENEGUILLA,OR CIENEGUILLA,OPERATIVO,08:45 a 16:45,"San Martin Lote 15, Zona ""D"" Manzana ""D"" Centro Poblado Tambo Viejo"
277,LIMA,LIMA,SANTA ANITA,OR SANTA ANITA,OPERATIVO,08:45 a 16:45,"Los Eucaliptos Nº 947, Urbanización Universal"
278,LIMA,LIMA,INDEPENDENCIA,OR INDEPENDENCIA,OPERATIVO,08:45 a 16:45,Los Andes Nº 486 Urb. Industrial Panamericana Norte
279,LIMA,LIMA,SAN ISIDRO,AG EREP SAN ISIDRO,OPERATIVO,08:45 a 16:45,Javier Prado Este N° 990
280,CALLAO,CALLAO,VENTANILLA,MAC - VENTANILLA,OPERATIVO,08:30 a 16:30,La Playa S/N altura la Urb. Zona Comercial frente a la Plaza Cívica 
281,LIMA,LIMA,JESÚS MARÍA,AG 06 DE AGOSTO,OPERATIVO,08:45 a 16:45,06 de Agosto N° 856
282,CALLAO,CALLAO,MI PERÚ,AG MI PERU,OPERATIVO,08:45 a 16:45,Mz. G7 Lt. 06 Mi Perú  interior de la Sede Municipal.
283,LIMA,LIMA,SAN MARTÍN DE PORRES,ORA NACIONAL CAYETANO HEREDIA,OPERATIVO,08:45 a 16:30,Honorio Delgado N° 262 - Urb. Ingeniería / Obstetricia
284,LIMA,HUAURA,HUACHO,ORA HOSPITAL GENERAL DE HUACHO,OPERATIVO,08:45 a 16:30,Jose Arnaldo Arambulo La Rosa N° 251
285,CALLAO,CALLAO,CALLAO,OR CALLAO,OPERATIVO,08:45 a 16:45,Dos de Mayo N° 440 - 446
286,LIMA,LIMA,SAN BORJA,AG ATENCIONES ESPECIALES DE SAN BORJA,OPERATIVO,08:45 a 16:45,Javier Prado N° 2388 -2386 - 2392
287,LIMA,LIMA,VILLA EL SALVADOR,OR VILLA EL SALVADOR,OPERATIVO,08:45 a 16:45,"Arriba Perú Nº 640 Sector 2, Grupo 7, Mz J, Lt 05 "
288,LIMA,LIMA,EL AGUSTINO,MAC - LIMA ESTE,OPERATIVO,08:30 a 16:30,Ancash 2151 - Centro Comercial Agustino Plaza
289,CALLAO,CALLAO,CARMEN DE LA LEGUA REYNOSO,ORA HOSPITAL SAN JOSE,OPERATIVO,08:45 a 16:30,Las Magnolias 475 Carmen de la Legua-Reynoso
290,CALLAO,CALLAO,VENTANILLA,ORA HOSPITAL DE VENTANILLA,OPERATIVO,08:45 a 16:30,Pedro Beltran S/N Ventanilla - Hospital de Ventanilla
291,LIMA,CAÑETE,SAN VICENTE DE CAÑETE,ORA HOSPITAL REZOLA,OPERATIVO,08:45 a 16:30,San Martín Nº 120 -124 
292,LIMA,BARRANCA,BARRANCA,ORA HOSPITAL DE BARRANCA,OPERATIVO,08:45 a 16:30,Nicolás de Piérola Nº 210 -224
293,LIMA,HUARAL,HUARAL,ORA HOSPITAL SAN JUAN BAUTISTA HUARAL,OPERATIVO,08:45 a 16:30,Tacna Nº 120 Urb. San Juan I
294,LIMA,LIMA ,COMAS,ORA HOSPITAL NACIONAL SERGIO E. BERNALES,OPERATIVO,08:45 a 16:30,"Túpac Amaru N° 8000, Collique, Comas."
295,LIMA,LIMA,LIMA,ORA NACIONAL DOS DE MAYO,OPERATIVO,08:45 a 16:30,Parque Historia De La Medicina Peruana S/N Altura Cuadra 13 Av Grau
296,LIMA,LIMA,ATE ,ORA HOSPITAL DE HUAYCAN,OPERATIVO,08:45 a 16:30,José C.Mariátegui S/N Zona B - A.H.Huaycán S/N Ate Lima Lima
297,LIMA,LIMA,SAN JUAN DE MIRAFLORES,MAC - LIMA SUR,OPERATIVO,08:30 a 16:30,Circunvalación 1583- San Juan de Miraflores
298,LIMA,LIMA,COMAS,MAC - LIMA NORTE,OPERATIVO,08:30 a 16:30,Los Angeles N° 602 2do piso - Cc Mall Plaza 
299,LIMA,LIMA,JESUS MARIA,PVM - JESUS MARIA ,OPERATIVO,08:45 a 16:45,Talara N° 130
300,LIMA,LIMA,SANTIAGO DE SURCO,PVM - JOCKEY PLAZA,OPERATIVO,08:45 a 16:45,Javier Prado Este N° 4200 ( Centro Financiero del Centro Comercial)
301,LIMA,LIMA,SURQUILLO,PVM - OPEN PLAZA ANGAMOS,OPERATIVO,08:45 a 16:45,Cruce Angamos N° 1805 con Tomas Marsano
302,LIMA,LIM,CHORRILLOS,PVM - PLAZA LIMA SUR,OPERATIVO,08:45 a 16:45,Prolongación Paseo  de la Republica S/N Urb. Matellini (2do nivel del Centro Comercial) 
303,CALLAO,CALLAO,VENTANILLA,PVM VENTANILLA,OPERATIVO,08:45 a 16:45,La Playa S/N altura la Urb. Zona Comercial frente a la Plaza Cívica 
304,CALLAO,CALLAO,BELLAVISTA,PVM MALL AVENTURA PLAZA - CALLAO,OPERATIVO,08:45 a 16:45,Oscar R. Benavides N° 3866 - Centro Comercial Mall Aventura Plaza
305,LIMA,LIMA,CERCADO,PVM - REAL PLAZA CENTRO CÍVICO,OPERATIVO,08:45 a 16:45,Garcilaso de la Vega N° 1337
306,LIMA,LIMA,MIRAFLORES,PVM- MIRAFLORES,OPERATIVO,08:45 a 16:45,Diez Canseco N° 230
307,LIMA,LIMA,INDEPENDENCIA,PVM - INDEPENDENCIA,OPERATIVO,08:45 a 16:45,Los Andes Nº 486 Urb. Industrial Panamericana Norte
308,LIMA,LIMA,SAN ISIDRO,PVM - SAN ISIDRO,OPERATIVO,08:45 a 16:45,Javier Prado Este  N° 990 
309,LIMA,LIMA,YAUYOS,AG OCROS,OPERATIVO,08:45 a 16:45,Local Municipal Plaza de Armas
310,PUNO,PUNO,PUNO,ORA MANUEL NUÑEZ BUTRON,OPERATIVO,08:45 a 16:30,El Sol N° 1022
311,PUNO,PUNO,PUNO,ORA HOSPITAL BASE III (PUNO) - RED ASISTENCIAL PUNO,OPERATIVO,08:45 a 16:30,Francisco Cáceres Jara Nº 600
312,PUNO,SAN ROMAN,JULIACA,ORA CARLOS MONGE MEDRANO,OPERATIVO,08:45 a 16:30,Carretera a Huancane Km 2
313,PUNO,EL COLLAO ,ILAVE ,ORA ILAVE,OPERATIVO,08:45 a 16:30,Atahualpa Nº 825
314,PUNO,SAN ROMAN,JULIACA,ORA HOSPITAL BASE III JULIACA - ESSALUD - RED ASISTENCIAL JULIACA,OPERATIVO,08:45 a 16:30,José Santos Chocano S/N - La Capilla
315,PUNO,PUNO,PUNO,OR PUNO,OPERATIVO,08:45 a 16:45,Arequipa N° 1143 - 1145 Barrio Victoria
316,PUNO,AZANGARO,AZANGARO,PAP AZANGARO,OPERATIVO,08:45 a 16:30,Azangaro N° 160  (Palacio Municipal)
317,PUNO,CARABAYA,MACUSANI,PAP CARABAYA,OPERATIVO,08:45 a 16:30,Raimondi N° 116
318,PUNO,CHUCUITO,JULI,PAP CHUCUITO,OPERATIVO,08:45 a 16:30,Ilave 235 - Mercado Central Municipio
319,PUNO,HUANCANE,HUANCANE,PAP HUANCANE,OPERATIVO,08:45 a 16:30,Moquegua N° 104 - Barrio Progreso
320,PUNO,LAMPA,LAMPA,PAP LAMPA,OPERATIVO,08:45 a 16:30,Alfonso Ugarte N° 343
321,PUNO,MELGAR,AYAVIRI,PAP MELGAR,OPERATIVO,08:45 a 16:30,Jorge Chavez N°  550
322,PUNO,SANDIA,SANDIA,PAP SANDIA,OPERATIVO,08:45 a 16:30,Juliaca S/N - Mercado Central Sandia
323,PUNO,SAN ROMAN,JULIACA,AG SAN ROMAN,OPERATIVO,08:45 a 16:45,Brascesco N° 181 
324,PUNO,YUNGUYO,YUNGUYO,PAP YUNGUYO,OPERATIVO,08:45 a 16:30,Grau Nº 240
325,PUNO,SAN ANTONIO DE PUTINA,PUTINA,PAP PUTINA,OPERATIVO,08:45 a 16:30,Plaza de Armas S/N (Palacio Municipal)
326,PUNO,EL COLLAO,ILAVE,PAP EL COLLAO,OPERATIVO,08:45 a 16:30,Bolognesi S/N - Coliseo Cubierto Ilave Oficina N° 02
327,PUNO,MOHO,MOHO,PAP MOHO,DESPLAZAMIENTO,08:45 a 16:30 (Domingo),Circunvalación S/N Mercado Municipal
328,PUNO,AZANGARO,AZANGARO,ORA CARLOS CORNEJO ROSELLO,OPERATIVO,08:45 a 16:30,Francisco Bolognesi N° 557
329,PUNO,CHUCUITO,JULI,ORA JULI,OPERATIVO,08:45 a 16:30,Panamericana S/N
330,PUNO,HUANCANE,HUANCANE,ORA HOSPITAL LUCIO ALDAZABAL PAUCA,OPERATIVO,08:45 a 16:30,Santa Cruz S/N
331,PUNO,MELGAR,AYAVIRI,ORA SAN JUAN DE DIOS (AYAVIRI),OPERATIVO,08:45 a 16:30,Progreso S/N
332,PUNO,SAN ROMÁN,JULIACA,ORA CENTRO DE SALUD CLAS SANTA ADRIANA,OPERATIVO,08:45 a 16:30,Pachacutec S/N
333,PUNO,SAN ROMÁN,SAN MIGUEL,PAP SAN MIGUEL - JR11,OPERATIVO,08:45 a 16:30,Palacio Municipal S/N
334,PUNO,CHUCUITO,DESAGUADERO,PAP DESAGUADERO,DESPLAZAMIENTO,08:45 a 16:30 (Viernes),28 de Julio N° 305 - Desaguadero
335,ICA,ICA,ICA,ORA REGIONAL DE ICA,OPERATIVO,08:45 a 16:30,Huacachina S/N
336,AYACUCHO,LUCANAS,PUQUIO,AG LUCANAS,OPERATIVO,08:45 a 16:45,San Pedro  Nº 216
337,AYACUCHO,PARINACOCHAS,CORACORA,AG PARINACOCHAS,OPERATIVO,08:45 a 16:45,Bolognesi N° 419 Plaza de Armas
338,ICA,ICA,PARCONA,PAP PARCONA,OPERATIVO,08:45 a 16:30,Jhon F. Kennedy N° 500 con Calle Lima S/N (Costado del Palacio Municipal)
339,ICA,ICA,ICA,OR ICA,OPERATIVO,08:45 a 16:45,San Martin N° 1366 Mz. M-02 Lt. 035. Urb. San Isidro 
340,ICA,CHINCHA,CHINCHA ALTA,AG CHINCHA,OPERATIVO,08:45 a 16:45,Los Angeles N° 300
341,ICA,NASCA,NASCA,AG NASCA,OPERATIVO,08:45 a 16:45,Fermin del Castillo N° 270
342,ICA,PISCO,PISCO,AG PISCO,OPERATIVO,08:45 a 16:45,San Juan de Dios N° 288
343,ICA,PALPA,PALPA,AG PALPA,OPERATIVO,08:45 a 16:45,Portal de Escribanos Nº 145
344,AYACUCHO,LUCANAS,CABANA,PAP CABANA ,OPERATIVO,08:45 a 16:30,Jorge Chavez N° 272 
345,AYACUCHO,LUCANAS,PUQUIO,ORA FELIPE HUAMAN POMA DE AYALA,OPERATIVO,08:45 a 16:30,Arnaldo Alvarado S/N 
346,AYACUCHO,PARINACOCHAS,CORACORA,ORA HOSPITAL DE APOYO DE CORACORA,OPERATIVO,08:45 a 16:30,La Cultura S/N
347,ICA,ICA,ICA,ORA SANTA MARIA DEL SOCORRO,OPERATIVO,08:45 a 16:30,Castrovirreyna N° 759
348,ICA,PISCO,PISCO,ORA SAN JUAN DE DIOS,OPERATIVO,08:45 a 16:30,Fermín Tanguis S/N (Altura del Fundo Alto de la Luna)
349,ICA,CHINCHA,CHINCHA ALTA,ORA SAN JOSE DE CHINCHA,OPERATIVO,08:45 a 16:30,Abelardo Alva Maurtua Nº 600
350,AYACUCHO,LUCANAS,LARAMATE,PANP LARAMATE,OPERATIVO,08:45 a 16:30,Ica S/N
351,ICA,NASCA,NASCA,ORA DE APOYO DE NASCA,OPERATIVO,08:45 a 16:30,Callao S/N - 5ta Cuadra
352,UCAYALI,CORONEL PORTILLO,CALLERIA,ORA HOSPITAL REGIONAL DE PUCALLPA,OPERATIVO,08:45 a 16:30,Agustin Cauper N° 285
353,HUANUCO,PUERTO INCA,PUERTO INCA,PAP PUERTO INCA,OPERATIVO,08:45 a 16:30,Vulcano S/N
354,UCAYALI,CORONEL PORTILLO,YARINACOCHA,ORA HOSPITAL AMAZÓNICO - YARINACOCHA,OPERATIVO,08:45 a 16:30,Aguaytia N° 605
355,LORETO,UCAYALI,CONTAMANA,PAP CONTAMANA,OPERATIVO,08:45 a 16:30,Nuevo Loreto Mz.38C  Lt.5B
356,UCAYALI,PADRE ABAD,IRAZOLA ,AG IRAZOLA ,OPERATIVO,08:45 a 16:45,Jr. Progreso S/N 
357,UCAYALI,PADRE ABAD,PADRE ABAD,ORA AGUAYTIA,OPERATIVO,08:45 a 16:30,Victor Pinedo / Palmeras Mz. 152A Junta Vecinal Pampayurac
358,UCAYALI,CORONEL PORTILLO,CALLERIA,OR PUCALLPA,OPERATIVO,08:45 a 16:45,"09 de Diciembre N° 378 y Tacna Nº 891 Mz. 07 Lt. Acumulado 1-B, independiente."
359,UCAYALI,PADRE ABAD,PADRE ABAD,PAP PADRE ABAD,OPERATIVO,08:45 a 16:30,Jr. Grau Nº 214
360,UCAYALI,ATALAYA,RAIMONDI,PAP ATALAYA,OPERATIVO,08:45 a 16:30,Rioja Nº 659
361,UCAYALI,PURUS,PURUS,PAP PURUS,OPERATIVO,08:45 a 16:30,Purus S/N
362,UCAYALI,ATALAYA,TAHUANIA,PAP TAHUANIA,OPERATIVO,08:45 a 16:30,7 de Junio  S/N
363,HUANCAVELICA,HUANCAVELICA,IZCUCHACA,PAP IZCUCHACA,OPERATIVO,08:45 a 16:30,Ferrocarril  S/N 
364,HUANCAVELICA,ACOBAMBA,PAUCARA,PAP PAUCARA,OPERATIVO,08:45 a 16:30,Plaza Mayor S/N
365,HUANCAVELICA,HUANCAVELICA,HUANCAVELICA,ORA HOSPITAL REGIONAL ZACARIAS CORREA VALDIVIA,OPERATIVO,08:45 a 16:30,Andrés Avelino Cáceres S/N - Barrio Yananaco
366,HUANCAVELICA,HUANCAVELICA,ASCENSIÓN,ORA HOSPITAL II HUANCAVELICA,OPERATIVO,08:45 a 16:30,Teresa de Jurnet S/N
367,HUANCAVELICA,HUANCAVELICA,HUANCAVELICA,OR HUANCAVELICA,OPERATIVO,08:45 a 16:45,"Av. San Cristóbal Nº 384, 386 y 388"
368,HUANCAVELICA,ACOBAMBA,ACOBAMBA,OR ACOBAMBA,OPERATIVO,08:45 a 16:45,Dos De Mayo N° 459
369,HUANCAVELICA,ANGARAES,LIRCAY,OR ANGARAES,OPERATIVO,08:45 a 16:45,Centenario S/N - Barrio de Pueblo Nuevo - Dentro del Centro Civico
370,HUANCAVELICA,CASTROVIRREYNA,CASTROVIRREYNA,OR CASTROVIRREYNA,OPERATIVO,08:45 a 16:45,Los Libertadores S/N
371,HUANCAVELICA,TAYACAJA,PAMPAS,OR TAYACAJA,OPERATIVO,08:45 a 16:45,Manco Capac S/N con Jirón Alfonso Ugarte Cordova y Necochea - Coliseo Multiuso
372,HUANCAVELICA,HUAYTARA,HUAYTARA,OR HUAYTARA,OPERATIVO,08:45 a 16:45,24 de Junio S/N - 2do piso Centro Cívico 
373,HUANCAVELICA,CHURCAMPA,CHURCAMPA,OR CHURCAMPA,OPERATIVO,08:45 a 16:45,Real N° 255
374,HUANCAVELICA,TAYACAJA,PAMPAS,ORA HOSPITAL DE PAMPAS,OPERATIVO,08:45 a 16:30,Bolívar S/N 
375,HUANCAVELICA,ANGARAES,LIRCAY,ORA LIRCAY,OPERATIVO,08:45 a 16:30,Esmeralda S/N
376,HUANCAVELICA,TAYACAJA,SURCUBAMBA,AG SURCUBAMBA,OPERATIVO,08:45 a 16:45,Alfonso Ugarte S/N
377,HUANCAVELICA,TAYACAJA,COLCABAMBA,AG COLCABAMBA,OPERATIVO,08:45 a 16:45,Av. Centenario S/N
378,HUANCAVELICA,HUANCAVELICA,YAULI,ORA YAULI,OPERATIVO,08:45 a 16:30,Jorge Chávez S/N
379,PASCO,PASCO,YANACANCHA,ORA DR. DANIEL ALCIDES CARRION GARCIA,OPERATIVO,08:45 a 16:30,Los Incas S/N Urb. San Juan
380,PASCO,OXAPAMPA,PUERTO BERMUDEZ,PAP PUERTO BERMÚDEZ,CERRADO,08:45 a 16:30,Remigio Morales Bermúdez S/N
381,PASCO,PASCO,HUARIACA,PAP HUARIACA,OPERATIVO,08:45 a 16:30,28 de Julio Nº 129
382,HUANUCO,HUANUCO,HUÁNUCO,ORA HOSPITAL REGIONAL HERMILIO VALDIZAN,OPERATIVO,08:45 a 16:30,Hermilio Valdizan Nº 950
383,PASCO,PASCO,PAUCARTAMBO,PAP PAUCARTAMBO - JR15,CERRADO,08:45 a 16:30,Plaza 28 de Julio S/N
384,HUANUCO,HUANUCO,HUÁNUCO,OR HUANUCO,OPERATIVO,08:45 a 16:45,28 de Julio N° 825
385,HUANUCO,AMBO,AMBO,PAP AMBO,OPERATIVO,08:45 a 16:30,"28 de Julio 697, Centro Cívico"
386,HUANUCO,DOS DE MAYO,LA UNION,PAP DOS DE MAYO,OPERATIVO,08:45 a 16:30,Lourdes N° 221
387,HUANUCO,HUAMALIES,LLATA,PAP HUAMALIES,OPERATIVO,08:45 a 16:30,Huánuco N° 242
388,HUANUCO,MARAÑON,HUACRACHUCO,PAP MARAÑON,OPERATIVO,08:45 a 16:30,28 De Julio N° 602 
389,HUANUCO,LEONCIO PRADO,RUPA-RUPA,PAP LEONCIO PRADO,OPERATIVO,08:45 a 16:30,Chiclayo N° 585
390,HUANUCO,PACHITEA,PANAO,PAP PACHITEA,OPERATIVO,08:45 a 16:30,Bolognesi N° 211
391,HUANUCO,LAURICOCHA,JESÚS,PAP LAURICOCHA,DESPLAZAMIENTO,08:45 a 16:30,Cristobal Colon S/N
392,HUANUCO,YAROWILCA,CHAVINILLO,PAP YAROWILCA,OPERATIVO,08:45 a 16:30,Virgen de Fátima S/N
393,PASCO,PASCO,CHAUPIMARCA,ORA HOSPITAL II PASCO,OPERATIVO,08:45 a 16:30,Barrio Buenos Aires S/N
394,HUANUCO,PACHITEA,PANAO,ORA PANAO,OPERATIVO,08:45 a 16:30,Grau Nº 193
395,HUANUCO,LEONCIO PRADO,RUPA-RUPA,ORA HOSPITAL TINGO MARIA,OPERATIVO,08:45 a 16:30,Mapresa S/N Luyando
396,HUANUCO,LEONCIO PRADO,JOSÉ CRESPO Y CASTILLO,ORA AUCAYACU,CERRADO,08:45 a 16:30,Grau N° 401
397,HUANUCO,HUAMALIES,LLATA,ORA LLATA,OPERATIVO,08:45 a 16:30,28 de Julio N° 216
398,HUANUCO,DOS DE MAYO,LA UNION,ORA LA UNION,OPERATIVO,08:45 a 16:30,Dos de Mayo N° 185
399,HUANUCO,LEONCIO PRADO,JOSÉ CRESPO Y CASTILLO,PAP JOSE CRESPO Y CASTILLO,OPERATIVO,08:45 a 16:30,Maria Parado de Bellido S/N Cuadra 4
400,HUANUCO,LAURICOCHA,BAÑOS,AG BAÑOS,DESPLAZAMIENTO,08:45 a 16:45,Libertad S/N
401,PASCO,PASCO,YANACANCHA,AG PASCO,OPERATIVO,08:45 a 16:45,"Centro Comercial ""Sector Dos de San Juan Pampa Edif. 4 Tienda 3 San Juan"
402,PASCO,DANIEL ALCIDES CARRION,YANAHUANCA,PAP DANIEL ALCIDES CARRIÓN,OPERATIVO,08:45 a 16:30,Jorge Chavez S/N Plaza Principal
403,PASCO,OXAPAMPA,OXAPAMPA,PAP OXAPAMPA,OPERATIVO,08:45 a 16:30,Huancabamba S/N Mz. 162 Estadio Municipal Oxapampa
404,SAN MARTIN,TOCACHE,UCHIZA,AG UCHIZA,OPERATIVO,08:45 a 16:45,Atahualpa N° 920
405,PASCO,OXAPAMPA,PALCAZÚ,AG PALCAZU,CERRADO,08:45 a 16:45,Juan Santos Atahualpa Mz. U Lt. 01
406,SAN MARTIN,TOCACHE,TOCACHE,PAP TOCACHE,OPERATIVO,08:45 a 16:30,San Juan Cdra 7 S/N Centro Cívico
407,HUANUCO,HUANUCO,CHINCHAO,ORA ACOMAYO,OPERATIVO,08:45 a 16:30,Iguarizo S/N Mz. 6 Lt. 02
408,SAN MARTIN,TOCACHE,TOCACHE,ORA HOSPITAL DE TOCACHE,OPERATIVO,08:45 a 16:30,Ricardo Palma N° 550
409,HUANUCO,HUANUCO,SANTA MARIA DEL VALLE,ORA SANTA MARIA DEL VALLE,OPERATIVO,08:45 a 16:30,Libertad  S/N Intersección Carretera Central 
410,HUANUCO,HUANUCO ,AMARILIS ,ORA CARLOS SHOWING FERRARI,OPERATIVO,08:45 a 16:30,Micaela Bastidas S/N Paucarbamba 
411,PASCO,OXAPAMPA,OXAPAMPA,ORA HOSPITAL ERNESTO GERMAN GUZMAN GONZALES,OPERATIVO,08:45 a 16:30,Eduardo Loechle S/N - Chontabamba
412,HUANUCO,HUANUCO,HUANUCO,MAC - HUANUCO,OPERATIVO,08:30 a 16:30,"Independencia N° 1601, Centro Comercial Real Plaza, Primer Piso"
413,PASCO,OXAPAMPA,CONSTITUCION,AG CONSTITUCION,DESPLAZAMIENTO,08:45 a 16:45,Fernando Belaunde S/N 4ta Etapa.
414,AMAZONAS,CHACHAPOYAS,CHACHAPOYAS,OR CHACHAPOYAS,OPERATIVO,08:45 a 16:45,Triunfo Nº 903 1° Piso
415,AMAZONAS,BAGUA,BAGUA,PAP BAGUA,OPERATIVO,08:45 a 16:30,Los Cedros Nº 263
416,AMAZONAS,BONGARA,JAZAN,AG BONGARA,OPERATIVO,08:45 a 16:45,Marginal  Nº 100 -Pedro Ruíz
417,AMAZONAS,LUYA ,LAMUD,AG LUYA,OPERATIVO,08:45 a 16:45,Garcilazo de la Vega N° 328
418,AMAZONAS,RODRIGUEZ DE MENDOZA,SAN NICOLÁS,AG RODRIGUEZ DE MENDOZA,OPERATIVO,08:45 a 16:45,Victor Mori N° 204
419,AMAZONAS,CONDORCANQUI,NIEVA,PAP CONDORCANQUI,OPERATIVO,08:45 a 16:30,Gonzalo puerta S/N
420,AMAZONAS,UTCUBAMBA,BAGUA GRANDE,PAP UTCUBAMBA,OPERATIVO,08:45 a 16:30,Simón Bolivar N° 545
421,CAJAMARCA,JAEN,JAEN,OR JAEN,OPERATIVO,08:45 a 16:45,Mariscal Ureta Nº 915
422,CAJAMARCA,SAN IGNACIO,SAN IGNACIO,PAP SAN IGNACIO,OPERATIVO,08:45 a 16:30,Santo Domingo Nº 169
423,AMAZONAS,BAGUA,IMAZA,OR IMAZA,OPERATIVO,08:45 a 16:45,Awajun S/N Plaza de Armas
424,AMAZONAS,CHACHAPOYAS,CHACHAPOYAS,ORA HOSPITAL REGIONAL VIRGEN DE FATIMA,OPERATIVO,08:45 a 16:30,Daniel Alcides Carrión N° 035
425,AMAZONAS,BAGUA,BAGUA,ORA HOSPITAL DE APOYO GUSTAVO LANATTA LUJAN,OPERATIVO,08:45 a 16:30,Héroes de Cenepa N°980
426,CAJAMARCA,JAEN,JAEN,ORA HOSPITAL GENERAL DE JAEN,OPERATIVO,08:45 a 16:30,Huamantanga s/n
427,AMAZONAS,BAGUA,IMAZA,ORA CHIRIACO,OPERATIVO,08:45 a 16:30,Junin S/N
428,AMAZONAS,UTCUBAMBA,BAGUA GRANDE,ORA HOSPITAL DE APOYO SANTIAGO APOSTOL DE UTCUBAMBA,OPERATIVO,08:45 a 16:30,San Felipe Santiago N°111
429,CAJAMARCA,SAN IGNACIO,SAN IGNACIO,ORA SAN IGNACIO,OPERATIVO,08:45 a 16:30,"Abelardo Quiñones S/N, Sector Santiago"
430,AMAZONAS,BONGARA,FLORIDA,ORA POMACOCHAS,OPERATIVO,08:45 a 16:30,Pomacochas S/N 
431,CAJAMARCA,JAEN,PUCARA,PAP PUCARA,OPERATIVO,08:45 a 16:30,Lindo 548
432,AMAZONAS,CONDORCANQUI,NIEVA,ORA SANTA MARIA DE NIEVA,OPERATIVO,08:45 a 16:30,"Javier Pérez de Cuellar S/N 
Mz. N Lt. 03 Asent.Humano Héctor Peas Tsegkuan"
433,LA LIBERTAD,GRAN CHIMÚ,CASCAS,PAP GRAN CHIMÚ,OPERATIVO,08:45 a 16:30,Progreso S/N CDRA. 3
