,,,,,,,,,,,,,,,,,,
N°,CODIGO SIO DNI NUM,DEPARTAMENTO,PROVINCIA,DISTRITO,OFICINAS REGIONALES/U.O.,CENTRO DE ATENCIÓN,SIGLA TIPO DE LOCAL,"ESTADO
Operativo: Atiente de lunes a viernes
Deplazamiento: Atiende de acuerdo a la programación de RENIEC",HORARIO DE ATENCIÓN AL PUBLICO, ¿Este Centro de Atención toma fotografía? , ¿Este Centro de Atención entrega DNI Electrónico? , TRAMITE DE DNI MAYOR , TRAMITE DE DNI MENOR , ENTREGAS DE DNI , INSCRIPCION DE REGISTROS CIVILES , CERTIFICACION DE REGISTROS CIVILES , CERTIFICACION DEL RUIPN ,NOMBRE DE LA VIA
1,53,LAMBAYEQUE,CHICLAYO,CHICLAYO,01.- PIURA,ORA HOSPITAL REGIONAL DOCENTE LAS MERCEDES (MINSA),ORA,OPERATIVO,08:45 a 16:30,SI,SI,NO,SI,SI,SI,NO,NO,Luis Gonzáles  Nº 635
2,88,LAMBAYEQUE,CHICLAYO,CHICLAYO,01.- PIURA,ORA HOSPITAL ALMANZOR AGUINAGA ASENJO (ESSALUD),ORA,OPERATIVO,08:45 a 16:30,SI,SI,NO,SI,SI,SI,NO,NO,Plaza de la Seguridad Social S/N
3,155,CAJAMARCA,CUTERVO,CUTERVO,01.- PIURA,PAP CUTERVO,PAP,OPERATIVO,08:45 a 16:45,SI,SI,SI,SI,SI,NO,SI,SI,Jr. Comercio N° 1103 Mz. 203 Lt. 14-Urb. Los Jardines 
4,156,CAJAMARCA,CHOTA,CHOTA,01.- PIURA,AG CHOTA,AG,OPERATIVO,08:45 a 16:45,SI,SI,SI,SI,SI,NO,SI,SI,Jr. 30 de Agosto N° 848
5,159,CAJAMARCA,SANTA CRUZ,SANTA CRUZ,01.- PIURA,PAP SANTA CRUZ,PAP,OPERATIVO,08:45 a 16:30,NO,NO,SI,SI,SI,NO,SI,SI,Domingo Negrón Nº 399
6,179,LAMBAYEQUE,CHICLAYO,JOSE LEONARDO ORTIZ,01.- PIURA,OR JOSÉ LEONARDO ORTIZ,OR,OPERATIVO,08:45 a 16:45,SI,SI,SI,SI,SI,SI,SI,SI,Cacique Cinto Nº 317 Urb. Latina
7,214,PIURA,AYABACA,FRÍAS,01.- PIURA,OR FRIAS,OR,OPERATIVO,08:45 a 16:45,SI,NO,SI,SI,SI,SI,SI,SI,Lima Nº 235 - 2do piso
8,351,LAMBAYEQUE,CHICLAYO,CHICLAYO,01.- PIURA,OR CHICLAYO,OR,OPERATIVO,08:45 a 16:45,SI,SI,SI,SI,SI,SI,SI,SI,Balta N° 680 y esquina con Av. Elias Aguirre
9,352,LAMBAYEQUE,FERREÑAFE,FERREÑAFE,01.- PIURA,PAP FERREÑAFE,PAP,OPERATIVO,08:45 a 16:45,NO,NO,SI,SI,SI,NO,SI,SI,Tres Marías Nº 717 – B
10,353,LAMBAYEQUE,LAMBAYEQUE,LAMBAYEQUE,01.- PIURA,PAP LAMBAYEQUE,PAP,OPERATIVO,08:45 a 16:45,SI,SI,SI,SI,SI,NO,SI,SI,Huamachuco N° 342
11,473,CAJAMARCA,CUTERVO,CUTERVO,01.- PIURA,ORA SANTA MARIA DE CUTERVO (MINSA),ORA,OPERATIVO,08:45 a 16:30,SI,SI,NO,SI,SI,SI,NO,NO,Ica S/N
12,474,CAJAMARCA,CHOTA,CHOTA,01.- PIURA,ORA HOSPITAL DE APOYO CHOTA - JOSE SOTO CADENILLAS (MINSA),ORA,OPERATIVO,08:45 a 16:30,SI,SI,NO,SI,SI,SI,NO,NO,Ezequiel Montoya Nª 718
13,521,PIURA,PIURA,PIURA,01.- PIURA,OR PIURA,OR,OPERATIVO,08:45 a 16:45,SI,SI,SI,SI,SI,SI,SI,SI,Libertad Nº 568
14,522,PIURA,AYABACA,AYABACA,01.- PIURA,PAP AYABACA,PAP,OPERATIVO,08:45 a 16:30,NO,NO,SI,SI,SI,NO,NO,NO,Bolognesi N° 181
15,523,PIURA,HUANCABAMBA,HUANCABAMBA,01.- PIURA,PAP HUANCABAMBA,PAP,OPERATIVO,08:45 a 16:30,NO,NO,SI,SI,SI,NO,NO,NO,Complejo Terminal Terrestre S/N - Stand 14
16,524,PIURA,MORROPON,CHULUCANAS,01.- PIURA,AG CHULUCANAS,AG,OPERATIVO,08:45 a 16:45,SI,SI,SI,SI,SI,NO,SI,SI,Cuzco N° 202
17,525,PIURA,PAITA,PAITA,01.- PIURA,PAP PAITA,PAP,OPERATIVO,08:45 a 16:30,SI,NO,SI,SI,SI,NO,SI,SI,San Martin S/N Plaza de Armas - Municipalidad de Paita
18,526,PIURA,SULLANA,SULLANA,01.- PIURA,OR SULLANA,OR,OPERATIVO,08:45 a 16:45,SI,SI,SI,SI,SI,SI,SI,SI,Leoncio Prado Nº 517 
19,527,PIURA,TALARA,PARIÑAS,01.- PIURA,AG TALARA,AG,OPERATIVO,08:45 a 16:45,SI,SI,SI,SI,SI,NO,SI,SI,Mártires Petroleros B-3 Conjunto Habitacional - Talara
20,528,PIURA,SECHURA,SECHURA,01.- PIURA,PAP SECHURA,PAP,OPERATIVO,08:45 a 16:30,SI,NO,SI,SI,SI,NO,SI,SI,Dos de Mayo Nº 618 - Plaza de Armas - Municipalidad de Sechura
21,531,PIURA,PIURA,TAMBO GRANDE,01.- PIURA,PAP TAMBOGRANDE,PAP,OPERATIVO,08:45 a 16:30,SI,NO,SI,SI,SI,NO,SI,SI,Salitral Nº 241
22,576,PIURA,PIURA,PIURA,01.- PIURA,MAC - PIURA,MAC,OPERATIVO,08:30 a 16:30,SI,SI,SI,SI,SI,NO,SI,SI,Sanchez Cerro con Wiesse Centro Comercial Real Plaza
23,611,PIURA,PAITA,PAITA,01.- PIURA,ORA HOSPITAL LAS MERCEDES-PAITA (MINSA),ORA,OPERATIVO,08:45 a 16:30,SI,SI,NO,SI,SI,SI,NO,NO,Zona Industrial Sector II Mz. H Lt. 1 Jr. Los Pescadores S/N 
24,641,TUMBES,TUMBES,TUMBES,01.- PIURA,OR TUMBES,OR,OPERATIVO,08:45 a 16:45,SI,SI,SI,SI,SI,SI,SI,SI,Tumbes Norte  Nº 550
25,643,TUMBES,ZARUMILLA,ZARUMILLA,01.- PIURA,PAP ZARUMILLA,PAP,OPERATIVO,08:45 a 16:30,NO,NO,SI,SI,SI,NO,SI,SI,El Ejérrcito Nº 105 - Interior Biblioteca Municipal
26,719,LAMBAYEQUE,LAMBAYEQUE,OLMOS,01.- PIURA,PANP OLMOS,PANP,DESPLAZAMIENTO,08:45 a 16:45,NO,NO,SI,SI,SI,NO,NO,NO,A. B. Leguía/Calle Alfonso Ugarte
27,721,PIURA,PIURA,TAMBO GRANDE,01.- PIURA,ORA TAMBO GRANDE (MINSA),ORA,OPERATIVO,08:45 a 16:30,SI,SI,NO,SI,SI,SI,NO,NO,"Froilan Alama,, AA.HH.Froilan Alama"
28,731,LAMBAYEQUE,LAMBAYEQUE,LAMBAYEQUE,01.- PIURA,ORA HOSPITAL PROVINCIAL DOCENTE BELEN-LAMBAYEQUE (MINSA),ORA,OPERATIVO,08:45 a 16:30,SI,SI,NO,SI,SI,SI,NO,NO,Ramón Castilla Nº 597
29,732,TUMBES,TUMBES,TUMBES,01.- PIURA,ORA HOSPITAL REGIONAL JOSE ALFREDO MENDOZA OLAVARRIA JAMO II-2 (MINSA),ORA,OPERATIVO,08:45 a 16:30,SI,SI,NO,SI,SI,SI,NO,NO,24 de Julio Nº 565 
30,609,PIURA,PIURA,CATACAOS,01.- PIURA,ORA CENTRO DE SALUD MATERNO INFANTIL-CATACAOS (MINSA),ORA,OPERATIVO,08:45 a 16:30,SI,SI,NO,SI,SI,SI,NO,NO,Cayetano Heredia 1108 - Catacos
31,87,PIURA,PIURA,Veintises de Octubre,01.- PIURA,ORA HOSPITAL DE LA AMISTAD PERU - COREA SANTA ROSA II-2 (MINSA),ORA,OPERATIVO,08:45 a 16:30,SI,SI,NO,SI,SI,SI,NO,NO,Prolongación Av. Grau/Av. Chulucanas 
32,760,LAMBAYEQUE,CHICLAYO,CHICLAYO,01.- PIURA,ORA HOSPITAL REGIONAL LAMBAYEQUE (MINSA),ORA,OPERATIVO,08:45 a 16:30,SI,SI,NO,SI,SI,SI,NO,NO,Intersección de Carretera Panamerica Norte y Vía de Evitamiento S/N
33,610,PIURA,MORROPON,CHULUCANAS,01.- PIURA,ORA HOSPITAL DE APOYO CHULUCANAS (MINSA),ORA,OPERATIVO,08:45 a 16:30,SI,SI,NO,SI,SI,SI,NO,NO,Daniel alcides carrion S/N Asent .H. vate manrique
34,45,LA LIBERTAD,TRUJILLO,TRUJILLO,02.- TRUJILLO,ORA REGIONAL DOCENTE DE TRUJILLO (MINSA),ORA,OPERATIVO,08:45 a 16:30,SI,NO,NO,SI,SI,SI,NO,NO,Mansiche Nº 795
35,86,CAJAMARCA,CAJAMARCA,CAJAMARCA,02.- TRUJILLO,ORA REGIONAL CAJAMARCA (MINSA),ORA,OPERATIVO,08:45 a 16:30,SI,NO,NO,SI,NO,SI,NO,NO,Larry Jhonson S/N Cdra. 8
36,139,LA LIBERTAD,TRUJILLO,TRUJILLO,02.- TRUJILLO,ORA HOSPITAL BELEN DE TRUJILLO (MINSA),ORA,OPERATIVO,08:45 a 16:30,SI,NO,NO,SI,SI,SI,NO,NO,Bolívar Nº 350
37,151,CAJAMARCA,CAJAMARCA,CAJAMARCA,02.- TRUJILLO,OR CAJAMARCA,OR,OPERATIVO,08:45 a 16:45,SI,SI,SI,SI,SI,SI,SI,SI,Del Comercio Nº 633
38,152,CAJAMARCA,CAJABAMBA,CAJABAMBA,02.- TRUJILLO,PAP CAJABAMBA,PAP,OPERATIVO,08:45 a 16:45,NO,NO,SI,SI,SI,NO,SI,SI,Miguel Grau Nº 224-226-228 Mz. 31 Lt. 2 
39,153,CAJAMARCA,CELENDIN,CELENDÍN,02.- TRUJILLO,PAP CELENDIN,PAP,OPERATIVO,08:45 a 16:45,NO,NO,SI,SI,SI,NO,SI,SI,Pardo N° 610
40,154,CAJAMARCA,CONTUMAZA,CONTUMAZÁ,02.- TRUJILLO,PAP CONTUMAZA,PAP,OPERATIVO,08:45 a 13.00          14:00 a 16:30,NO,NO,SI,SI,SI,NO,SI,SI,Miguel Grau Nº 212
41,157,CAJAMARCA,HUALGAYOC,BAMBAMARCA,02.- TRUJILLO,PAP HUALGAYOC,PAP,OPERATIVO,08:45 a 16:45,NO,NO,SI,SI,SI,NO,SI,SI,07 de Junio Nº 470
42,160,CAJAMARCA,SAN MIGUEL,SAN MIGUEL,02.- TRUJILLO,PAP SAN MIGUEL,PAP,OPERATIVO,08:45 a 13.00          14:00 a 16:30,NO,NO,SI,SI,SI,NO,NO,NO,Bolognesi N° 364
43,162,CAJAMARCA,SAN MARCOS,PEDRO GÁLVEZ,02.- TRUJILLO,PAP SAN MARCOS,PAP,OPERATIVO,08:45 a 16:45,NO,NO,SI,SI,SI,NO,SI,SI,Jr. Alfonso Ugarte N° 325 (Mz. 46 Lt. 17 Centro Poblado San Marcos).
44,163,CAJAMARCA,SAN PABLO,SAN PABLO,02.- TRUJILLO,PAP SAN PABLO,PAP,OPERATIVO,08:45 a 13.00          14:00 a 16:30,NO,NO,SI,SI,SI,NO,SI,SI,Plaza de Armas S/N
45,173,LA LIBERTAD,TRUJILLO,VICTOR LARCO HERRERA,02.- TRUJILLO,OR TRUJILLO II,OR,OPERATIVO,08:45 a 16:45,SI,SI,SI,SI,SI,SI,SI,SI,Víctor Larco N° 1096. Urb. Vista Alegre
46,293,LA LIBERTAD,PATAZ,PARCOY,02.- TRUJILLO,OR PARCOY,OR,OPERATIVO,08:45 a 13.00          14:00 a 16:30,SI,NO,SI,SI,SI,SI,SI,SI,San Martín N° 859
47,310,LA LIBERTAD,TRUJILLO,TRUJILLO,02.- TRUJILLO,OR TRUJILLO I,OR,OPERATIVO,08:45 a 16:45,SI,SI,SI,SI,SI,SI,SI,SI,Pablo Casals Mz. A Lt. 6 Urb. Los Cedros
48,311,LA LIBERTAD,BOLIVAR,BOLÍVAR,02.- TRUJILLO,PAP BOLIVAR,PAP,OPERATIVO,08:45 a 13.00          14:00 a 16:30,NO,NO,SI,SI,SI,NO,SI,SI,Bolivar S/N - Mz. 20 Lt. 8
49,312,LA LIBERTAD,SANCHEZ CARRION,HUAMACHUCO,02.- TRUJILLO,AG SANCHEZ CARRION,AG,OPERATIVO,08:45 a 16:45,SI,SI,SI,SI,SI,NO,SI,SI,Alfonso Ugarte N° 567
50,313,LA LIBERTAD,OTUZCO,OTUZCO,02.- TRUJILLO,AG OTUZCO,AG,OPERATIVO,08:45 a 16:45,SI,SI,SI,SI,SI,NO,SI,SI,Pasaje Elías Armas Castillo Lt. 5-E1 Mz. 28
51,314,LA LIBERTAD,PACASMAYO,SAN PEDRO DE LLOC,02.- TRUJILLO,AG PACASMAYO,AG,OPERATIVO,08:45 a 16:45,SI,SI,SI,SI,SI,NO,SI,SI,Alianza Nº 524
52,316,LA LIBERTAD,SANTIAGO DE CHUCO,SANTIAGO DE CHUCO,02.- TRUJILLO,PAP SANTIAGO DE CHUCO,PAP,OPERATIVO,08:45 a 13.00          14:00 a 16:30,NO,NO,SI,SI,SI,NO,SI,SI,Luis de La Puente Uceda  Nº 1120
53,317,LA LIBERTAD,ASCOPE,ASCOPE,02.- TRUJILLO,PAP ASCOPE,PAP,OPERATIVO,08:45 a 16:45,NO,NO,SI,SI,SI,NO,SI,SI,"Miguel Grau N° 879, Ascope - 1er Piso"
54,318,LA LIBERTAD,CHEPEN,CHEPÉN,02.- TRUJILLO,PAP CHEPEN,PAP,OPERATIVO,08:45 a 16:45,NO,NO,SI,SI,SI,NO,SI,SI,Calle Manuel Seoane  N° 136. Chepen
55,320,LA LIBERTAD,GRAN CHIMU,CASCAS,02.- TRUJILLO,PAP GRAN CHIMU,PAP,OPERATIVO,08:45 a 13.00          14:00 a 16:30,NO,NO,SI,SI,SI,NO,SI,SI,Progreso S/N Cdra. 3
56,321,LA LIBERTAD,VIRU,VIRU,02.- TRUJILLO,PAP VIRU,PAP,OPERATIVO,08:45 a 16:45,SI,NO,SI,SI,SI,NO,SI,SI, Mz. A Lt. N° 08 Urb. Las Palmeras
57,358,CAJAMARCA,HUALGAYOC,BAMBAMARCA,02.- TRUJILLO,ORA BAMBAMARCA - TITO VILLAR CABEZAS (MINSA),ORA,OPERATIVO,08:45 a 16:30,SI,NO,NO,SI,SI,SI,NO,NO,Av. Ricardo Palma Nº 689
58,359,CAJAMARCA,CELENDIN,CELENDÍN,02.- TRUJILLO,ORA DE APOYO CELENDIN (MINSA),ORA,OPERATIVO,08:45 a 16:30,SI,NO,NO,SI,SI,SI,NO,NO,Túpac Amaru Cdra. 4
59,360,CAJAMARCA,CAJABAMBA,CAJABAMBA,02.- TRUJILLO,ORA HOSPITAL NUESTRA SEÑORA DEL ROSARIO (MINSA),ORA,OPERATIVO,08:45 a 16:30,SI,NO,NO,SI,SI,SI,NO,NO,La Torre N° 277
60,361,CAJAMARCA,SAN MARCOS,PEDRO GÁLVEZ,02.- TRUJILLO,ORA SAN MARCOS (MINSA),ORA,OPERATIVO,08:45 a 16:30,SI,NO,NO,SI,SI,SI,NO,NO,Av. 28 de Julio S/N Cdra.2
61,508,LA LIBERTAD,TRUJILLO,EL PORVENIR,02.- TRUJILLO,OR EL PORVENIR,OR,OPERATIVO,08:45 a 16:45,SI,SI,SI,SI,SI,SI,SI,SI,Gabriel Aguilar Nº 1657. 2do piso.
62,569,LA LIBERTAD,TRUJILLO,ALTO TRUJILLO,02.- TRUJILLO,OR ALTO TRUJILLO,OR,OPERATIVO,08:45 a 16:45,SI,SI,SI,SI,SI,SI,SI,SI,Barrio 3 Mz T Lt. 2
63,592,CAJAMARCA,CAJAMARCA,CAJAMARCA,02.- TRUJILLO,ORA SIMON BOLIVAR (MINSA),ORA,OPERATIVO,08:45 a 16:30,SI,NO,NO,SI,SI,SI,NO,NO,Mario Urteaga N° 500
64,593,LA LIBERTAD,PACASMAYO,GUADALUPE,02.- TRUJILLO,ORA DE APOYO TOMÁS LAFORA (MINSA),ORA,OPERATIVO,08:45 a 16:30,SI,NO,NO,SI,SI,SI,NO,NO,La Victoria S/N
65,602,CAJAMARCA,CAJAMARCA,LOS BAÑOS DEL INCA,02.- TRUJILLO,ORA BAÑOS DEL INCA (MINSA),ORA,OPERATIVO,08:45 a 16:30,SI,NO,NO,SI,SI,SI,NO,NO,Pachacútec N° 489
66,604,LA LIBERTAD,TRUJILLO,LA ESPERANZA,02.- TRUJILLO,ORA DISTRITAL JERUSALEN (MINSA),ORA,OPERATIVO,08:45 a 13.00          14:00 a 16:30,SI,NO,NO,SI,SI,SI,NO,NO,1 Barrio 3 Mz. 20 Lt. 02 Sector Jerusalén
67,605,LA LIBERTAD,PATAZ,CHILLIA,02.- TRUJILLO,AG CHILLIA,AG,OPERATIVO,08:45 a 13.00          14:00 a 16:30,NO,NO,SI,SI,SI,NO,NO,SI,Miraflores S/N
68,613,LA LIBERTAD,SANTIAGO DE CHUCO,SANTIAGO DE CHUCO,02.- TRUJILLO,ORA DE APOYO CESAR ABRAHAM VALLEJO MENDOZA (MINSA),ORA,OPERATIVO,08:45 a 16:30,SI,NO,NO,SI,SI,SI,NO,NO,Gustavo Pinillo S/N - Barrio San Cristobal
69,614,LA LIBERTAD,CHEPEN,CHEPEN,02.- TRUJILLO,ORA DE APOYO CHEPEN (MINSA),ORA,OPERATIVO,"08:30 a 13:00
14:00 a 16:30",SI,NO,NO,SI,SI,SI,NO,NO,28 de Julio S/N
70,615,LA LIBERTAD,SANCHEZ CARRION,HUAMACHUCO,02.- TRUJILLO,ORA DE APOYO LEONCIO PRADO (MINSA),ORA,OPERATIVO,08:45 a 16:30,SI,NO,NO,SI,SI,SI,NO,NO,10 de Julio N° 209
71,616,LA LIBERTAD,OTUZCO,OTUZCO,02.- TRUJILLO,ORA DE APOYO OTUZCO ELPIDIO BEROVIDES PEREZ (MINSA),ORA,OPERATIVO,08:45 a 16:30,SI,NO,NO,SI,SI,SI,NO,NO,Progreso N° 385
72,617,LA LIBERTAD,ASCOPE,PAIJAN,02.- TRUJILLO,ORA PAIJAN (MINSA),ORA,OPERATIVO,"08:30 a 13:00
14:00 a 16:30",SI,NO,NO,SI,SI,SI,NO,NO,Vía Panamericana S/N Sector Manco Capac
73,795,CAJAMARCA,CAJAMARCA,CAJAMARCA,02.- TRUJILLO,MAC - CAJAMARCA,MAC,OPERATIVO,"08:30 a 13:00
14:00 a 16:30",SI,SI,SI,SI,SI,NO,SI,SI,Via De Evitamiento. Jr. El Mutuy y Av. La Cantuta - Cajamarca - Centro Comercial Real Plaza 2do. Piso
74,822,LA LIBERTAD,TRUJILLO,TRUJILLO,02.- TRUJILLO,MAC - LA LIBERTAD,MAC,OPERATIVO,"08:30 a 13:00
14:00 a 16:30",NO,NO,SI,SI,SI,NO,SI,SI,"Centro Comercial Real Plaza de Trujillo -Fundo Las Casuarinas, Sub Lote predio A; Intersección , Av. Fátima 1345, Trujillo, La Libertad"
75,594,LA LIBERTAD,VIRU,VIRU,02.- TRUJILLO,ORA PROVINCIAL DE VIRÚ (MINSA),ORA,OPERATIVO,"08:30 a 13:00
14:00 a 16:30",SI,NO,NO,SI,SI,SI,NO,NO,Sucre Nº 799
76,46,LA LIBERTAD,TRUJILLO,TRUJILLO,02.- TRUJILLO,ORA HOSPITAL VÍCTOR LAZARTE ECHEGARAY (ESSALUD),ORA,OPERATIVO,08:45 a 13.00          14:00 a 16:30,SI,NO,NO,SI,SI,SI,NO,NO,Prolong.Union 1375
77,109,SAN MARTIN,SAN MARTIN,TARAPOTO,03.- TARAPOTO,ORA HOSPITAL TARAPOTO (MINSA),ORA,OPERATIVO,08:45 a 16:30,NO,NO,NO,SI,SI,SI,NO,NO,Angel Delgado Morey Nº 503
78,120,LORETO,DATEM DEL MARAÑON,BARRANCA,03.- TARAPOTO,PAP DATEM DEL MARAÑON,PAP,OPERATIVO,08:45 a 16:45,NO,NO,SI,SI,SI,NO,SI,SI,Tigre Mz. 31 Lt. 08 - San Lorenzo
79,331,SAN MARTIN,RIOJA,NUEVA CAJAMARCA,03.- TARAPOTO,AG NUEVA CAJAMARCA,AG,OPERATIVO,08:45 a 16:45,NO,NO,SI,SI,SI,NO,SI,SI, Fernando Belaunde Terry Altura del Km. 447.50 
80,432,LORETO,ALTO AMAZONAS,YURIMAGUAS,03.- TARAPOTO,AG ALTO AMAZONAS,AG,OPERATIVO,08:45 a 16:45,SI,SI,SI,SI,SI,NO,SI,SI,Mariscal Castilla N° 411
81,543,SAN MARTIN,MOYOBAMBA ,MOYOBAMBA,03.- TARAPOTO,ORA HOSPITAL MOYOBAMBA (MINSA),ORA,OPERATIVO,08:45 a 16:30,NO,NO,NO,SI,SI,SI,NO,NO,Grau cuadra 4
82,581,SAN MARTIN,MOYOBAMBA ,MOYOBAMBA,03.- TARAPOTO,AG MOYOBAMBA,AG,OPERATIVO,08:45 a 16:45,SI,SI,SI,SI,SI,NO,SI,SI,Dos de Mayo Mz. 1530 Lt. 14 (837)
83,582,SAN MARTIN,HUALLAGA,SAPOSOA,03.- TARAPOTO,AG HUALLAGA,AG,OPERATIVO,08:45 a 16:45,NO,NO,SI,SI,SI,NO,SI,SI,Lima N° 591
84,583,SAN MARTIN,LAMAS,LAMAS,03.- TARAPOTO,AG LAMAS,AG,OPERATIVO,08:45 a 16:45,NO,NO,SI,SI,SI,NO,SI,SI,San Martín N° 984
85,584,SAN MARTIN,MARISCAL CACERES,JUANJUI,03.- TARAPOTO,AG MARISCAL CACERES,AG,OPERATIVO,08:45 a 16:45,SI,SI,SI,SI,SI,NO,SI,SI,Eduardo Peña Meza N° 772 
86,585,SAN MARTIN,RIOJA,RIOJA,03.- TARAPOTO,OR RIOJA,OR,OPERATIVO,08:45 a 16:45,SI,SI,SI,SI,SI,SI,SI,SI,Angaiza N° 530
87,586,SAN MARTIN,SAN MARTIN ,TARAPOTO,03.- TARAPOTO,OR TARAPOTO,OR,OPERATIVO,08:45 a 16:45,SI,SI,SI,SI,SI,SI,SI,SI,Jiménez Pimentel N° 280 
88,587,SAN MARTIN,BELLAVISTA,BELLAVISTA,03.- TARAPOTO,AG BELLAVISTA,AG,OPERATIVO,08:45 a 16:45,SI,SI,SI,SI,SI,NO,SI,SI,Huallaga - Iquitos Mz. 7 Lt. 27 - A.  1er. Piso
89,589,SAN MARTIN,PICOTA,PICOTA,03.- TARAPOTO,AG PICOTA,AG,OPERATIVO,08:45 a 16:45,NO,NO,SI,SI,SI,NO,SI,SI,"Simón Bolívar, cuadra 4"
90,601,LORETO,DATEM DEL MARAÑON,BARRANCA,03.- TARAPOTO,ORA SAN LORENZO - NUCLEO BASE (MINSA),ORA,OPERATIVO,08:45 a 16:30,NO,NO,NO,SI,SI,SI,NO,NO,Daniel Alcides Carrión S/N - Barrio Huacachina
91,612,SAN MARTIN,SAN MARTIN ,LA BANDA DE SHILCAYO,03.- TARAPOTO,AG LA BANDA DE SHILCAYO,AG,OPERATIVO,08:45 a 16:45,NO,NO,SI,SI,SI,NO,SI,SI,Yurimaguas N° 340
92,632,SAN MARTIN,MARISCAL CACERES,JUANJUI,03.- TARAPOTO,ORA HOSPITAL JUANJUI (MINSA),ORA,OPERATIVO,08:45 a 16:30,NO,NO,NO,SI,SI,SI,NO,NO,Arica N° 205
93,658,SAN MARTIN,RIOJA,RIOJA,03.- TARAPOTO,ORA HOSPITAL DE RIOJA (MINSA),ORA,OPERATIVO,08:45 a 16:30,NO,NO,NO,SI,SI,SI,NO,NO,Túpac Amaru S/N
94,983,SAN MARTIN,SAN MARTIN,MORALES,03.- TARAPOTO,PANP MORALES,PANP,OPERATIVO,08:45 a 16:45,NO,NO,SI,SI,SI,NO,SI,SI,Tarapoto N° 116 Plaza de Armas
95,55,LORETO,MAYNAS,PUNCHANA,04.- IQUITOS,"ORA HOSPITAL REGIONAL DE LORETO ""FELIPE ARRIOLA IGLESIAS""",ORA,OPERATIVO,08:45 a 16:45,SI,SI,NO,SI,SI,SI,NO,NO,28 de Julio S/N
96,85,LORETO,MAYNAS,IQUITOS,04.- IQUITOS,"ORA HOSPITAL IQUITOS ""CESAR GARAYAR GARCIA""",ORA,OPERATIVO,08:45 a 16:45,SI,SI,NO,SI,SI,SI,NO,NO,Cornejo Portugal 1710
97,332,LORETO,MAYNAS,BELÉN,04.- IQUITOS,OR BELEN,OR,OPERATIVO,08:45 a 16:45,NO,NO,SI,SI,SI,SI,SI,SI,Miraflores S/N P. J. 09 de Octubre
98,431,LORETO,MAYNAS,IQUITOS,04.- IQUITOS,OR IQUITOS,OR,OPERATIVO,08:45 a 16:45,SI,SI,SI,SI,SI,SI,SI,SI,Próspero Nº 201
99,433,LORETO,LORETO,NAUTA,04.- IQUITOS,PAP NAUTA,PAP,OPERATIVO,08:45 a 16:45,NO,NO,SI,SI,SI,NO,SI,SI,Grau Nº 305 Centro
100,434,LORETO,REQUENA,REQUENA,04.- IQUITOS,PAP REQUENA,PAP,OPERATIVO,08:45 a 16:45,NO,NO,SI,SI,SI,NO,SI,SI,San Antonio S/N Anexo Hotel Municipal
101,436,LORETO,MARISCAL RAMON CASTILLA,RAMON CASTILLA,04.- IQUITOS,PAP MARISCAL RAMON CASTILLA - CABALLOCOCHA,PAP,OPERATIVO,08:45 a 16:45,NO,NO,SI,SI,SI,NO,SI,SI,Ayacucho Mz. 22 Lt. 4 C con Amazonas S/N - Local Municipal
102,438,LORETO,MAYNAS,SAN JUAN BAUTISTA,04.- IQUITOS,OR SAN JUAN BAUTISTA,OR,OPERATIVO,08:45 a 16:45,NO,NO,SI,SI,SI,SI,SI,SI,Abelardo Quiñones Nº 2371 Km. 2.5 
103,440,LORETO,PUTUMAYO,PUTUMAYO,04.- IQUITOS,PAP PUTUMAYO,PAP,OPERATIVO,08:45 a 16:45,NO,NO,SI,SI,SI,NO,NO,NO,LOCAL MUNICIPAL
104,449,LORETO,MAYNAS,PUNCHANA,04.- IQUITOS,PAP PUNCHANA,PAP,OPERATIVO,08:45 a 16:45,NO,NO,SI,SI,SI,NO,SI,SI,"Calle Cusco S/N, cuadra 5, equina con Trujillo."
105,645,LORETO,REQUENA,REQUENA,04.- IQUITOS,ORA REQUENA,ORA,OPERATIVO,08:45 a 16:45,SI,SI,NO,SI,SI,SI,NO,NO,Mártires del Petroléo S/N - Malecon Grau
106,711,LORETO,MARISCAL RAMON CASTILLA,RAMON CASTILLA,04.- IQUITOS,ORA CABALLOCOCHA,ORA,OPERATIVO,08:45 a 16:45,SI,NO,NO,SI,SI,SI,NO,NO,Progreso N° 425
107,806,LORETO,MAYNAS,PUNCHANA,04.- IQUITOS,MAC - LORETO,MAC,OPERATIVO,08:45 a 16:45,NO,NO,SI,SI,SI,NO,SI,SI,La Marina Nº  1338
108,33,ANCASH,SANTA,CHIMBOTE,05.- CHIMBOTE,OR SANTA,OR,OPERATIVO,08:45 a 16:45,SI,SI,SI,SI,SI,SI,SI,SI,Jr. Enrique Palacios Nº 504-506 esquina con Jr. Ladislao Espinar Nº 401
109,137,ANCASH,SANTA,NUEVO CHIMBOTE,05.- CHIMBOTE,AG NUEVO CHIMBOTE,AG,OPERATIVO,08:45 a 16:45,SI,SI,SI,SI,SI,NO,SI,SI,Mz. 74-75 Lt. 1 del Centro Cívico de la Municipalidad Distrital de Nuevo Chimbote
110,21,ANCASH,HUARAZ,HUARAZ,05.- CHIMBOTE,AG HUARAZ,AG,OPERATIVO,08:45 a 16:45,SI,SI,SI,SI,SI,NO,SI,SI,"Jr. Agustin Loly N° 756, Mz. 29A Lt. 27, Barrio La Soledad Alta, intersección con Jr. Agustin Mejía"
111,27,ANCASH,HUAYLAS,CARAZ,05.- CHIMBOTE,AG HUAYLAS,AG,OPERATIVO,08:45 a 16:45,SI,SI,SI,SI,SI,NO,SI,SI,Jr. Raimondi N° 215
112,28,ANCASH,HUARI,HUARI,05.- CHIMBOTE,AG HUARI,AG,OPERATIVO,08:45 a 16:45,SI,SI,SI,SI,SI,NO,SI,SI,Jr. Libertad Mz. P2 Lt. 003
113,31,ANCASH,POMABAMBA,POMABAMBA,05.- CHIMBOTE,AG POMABAMBA,AG,OPERATIVO,08:45 a 16:45,NO,NO,SI,SI,SI,NO,SI,SI,Jr. Huaraz Nº 369
114,34,ANCASH,SIHUAS,SIHUAS,05.- CHIMBOTE,AG SIHUAS,AG,OPERATIVO,08:45 a 16:45,NO,NO,SI,SI,SI,NO,SI,SI,"Jr. Gomes Arias 106, Barrio Pingullo Alto"
115,518,ANCASH,PALLASCA,PAMPAS,05.- CHIMBOTE,AG PAMPAS,AG,OPERATIVO,08:45 a 16:45,NO,NO,SI,SI,SI,NO,SI,SI,Calle Plaza de Armas S/N - Municipalidad Distrital de Pampas - 1er piso
116,25,ANCASH,CASMA,CASMA,05.- CHIMBOTE,PAP CASMA,PAP,OPERATIVO,08:45 a 16:45,NO,NO,SI,SI,SI,NO,SI,SI,Sector Hijuela Mz. C Lt. 13 del Centro Cívico de la Municipalidad Provincial de Casma
117,39,ANCASH,HUARMEY,HUARMEY,05.- CHIMBOTE,PAP HUARMEY,PAP,OPERATIVO,08:45 a 16:45,NO,NO,SI,SI,SI,NO,SI,SI,1er. Pabellón S/N del Centro Cívico de la Municipalidad Provincial de Huarmey
118,32,ANCASH,RECUAY,RECUAY,05.- CHIMBOTE,PAP RECUAY,PAP,OPERATIVO,08:45 a 16:45,NO,NO,SI,SI,SI,NO,SI,SI,Jr. Plaza de Armas Nº 180 Municipalidad Distrital de Recuay
119,24,ANCASH,CARHUAZ,CARHUAZ,05.- CHIMBOTE,PAP CARHUAZ,PAP,OPERATIVO,08:45 a 16:45,NO,NO,SI,SI,SI,NO,SI,SI,Av. La Merced Nº 1006
120,35,ANCASH,YUNGAY,YUNGAY,05.- CHIMBOTE,PAP YUNGAY,PAP,OPERATIVO,08:45 a 16:45,NO,NO,SI,SI,SI,NO,SI,SI,Av.  Arias Grazziani Lt. 1-2 Centro Cívico de la Municipalidad Provincial de Yungay
121,37,ANCASH,CARLOS FERMIN FITZCARRALD,SAN LUÍS,05.- CHIMBOTE,PAP CARLOS FERMÍN FITZCARRALD,PAP,OPERATIVO,08:45 a 16:45,NO,NO,SI,SI,SI,NO,SI,SI,Av. Ramón Castilla N° 320 - 1er. piso Centro Cívico de la Municipalidad Provincial de C. F. Fitzcarrald
122,29,ANCASH,MARISCAL LUZURIAGA,PISCOBAMBA,05.- CHIMBOTE,PAP MARISCAL LUZURIAGA,PAP,OPERATIVO,08:45 a 16:45,NO,NO,SI,SI,SI,NO,SI,SI,"Jr. San Pablo S/N, Centro Cívico de la Municipalidad Provincial de Mariscal Luzuriaga"
123,140,ANCASH,SANTA,CHIMBOTE,05.- CHIMBOTE,ORA HOSPITAL LA CALETA (Chimbote),ORA,OPERATIVO,08:45 a 16:30,NO,NO,NO,SI,SI,SI,NO,NO,Av. Malecon Grau S/N
124,57,ANCASH,SANTA,CHIMBOTE,05.- CHIMBOTE,ORA HOSPITAL ESSALUD III CHIMBOTE,ORA,OPERATIVO,08:45 a 16:30,NO,NO,NO,SI,SI,SI,NO,NO,Av. Circunvalación Nº 119 Urb. Laderas del Norte
125,294,ANCASH,SANTA,CHIMBOTE,05.- CHIMBOTE,ORA MATERNIDAD DE MARÍA (Chimbote),ORA,OPERATIVO,08:45 a 16:30,NO,NO,NO,NO,NO,SI,NO,NO,"Av. Enrique Meiggs S/N, PPJJ Miraflores Alto"
126,56,ANCASH,SANTA,NUEVO CHIMBOTE,05.- CHIMBOTE,ORA HOSPITAL ELEAZAR GUZMÁN BARRÓN (Nuevo Chimbote),ORA,OPERATIVO,08:45 a 16:30,NO,NO,NO,SI,SI,SI,NO,NO,"Av. Brasil S/N, Urb. Santa Cristina (Hospital Regional Eleazar Guzmán Barrón puerta de Emergencia)"
127,295,ANCASH,HUARAZ,HUARAZ,05.- CHIMBOTE,ORA HOSPITAL VÍCTOR RAMOS GUARDIA (Huaraz),ORA,OPERATIVO,08:45 a 16:30,NO,NO,NO,SI,SI,SI,NO,NO,"Av. Mariscal Luzuriaga cdra. 01, cruce con Jr. Pedro Villón cdra. 10"
128,595,ANCASH,HUAYLAS,CARAZ,05.- CHIMBOTE,ORA HOSPITAL DE APOYO CARAZ,ORA,OPERATIVO,08:45 a 16:30,NO,NO,NO,SI,SI,SI,NO,NO,Av. 9 de Octubre S/N
129,748,ANCASH,HUARI,HUARI,05.- CHIMBOTE,ORA HOSPITAL DE APOYO HUARI,ORA,OPERATIVO,08:45 a 16:30,NO,NO,NO,SI,SI,SI,NO,NO,Av. Circunvalación Baja S/N
130,26,ANCASH,CORONGO,CORONGO,05.- CHIMBOTE,PANP CORONGO,PANP,DESPLAZAMIENTO,08:45 a 16:45,NO,NO,SI,SI,SI,NO,NO,NO,"Jr. Grau N° 206, primer piso de la Municipalidad Provincial de Corongo"
131,30,ANCASH,PALLASCA,CABANA,05.- CHIMBOTE,PANP PALLASCA,PANP,DESPLAZAMIENTO,08:45 a 16:45,NO,NO,SI,SI,SI,NO,NO,NO,"Av. Plaza de Armas N° 103, primer piso de la Municipalidad Provincial de Pallasca"
132,22,ANCASH,AIJA,AIJA,05.- CHIMBOTE,PANP AIJA,PANP,DESPLAZAMIENTO,08:45 a 16:45,NO,NO,SI,SI,SI,NO,NO,NO,"Jr. Gavino Uribe S/N Plaza de Armas, 1er piso de la Municipalidad Provincial de Aija"
133,23,ANCASH,BOLOGNESI,CHIQUIAN,05.- CHIMBOTE,PANP BOLOGNESI,PANP,DESPLAZAMIENTO,08:45 a 16:45,NO,NO,SI,SI,SI,NO,NO,NO,"Jr. Tacna 320, primer piso del Centro Cívico de la Municipalidad Distrital de Chiquian"
134,741,ANCASH,YUNGAY,YANAMA,05.- CHIMBOTE,AG YANAMA,AG,DESPLAZAMIENTO,08:45 a 16:45,NO,NO,SI,SI,SI,NO,NO,NO,Jr. Gran Chavín 2da cuadra S/N
135,470,ANCASH,MARISCAL LUZURIAGA,LLUMPA,05.- CHIMBOTE,PANP LLUMPA,PANP,DESPLAZAMIENTO,08:45 a 16:45,NO,NO,SI,SI,SI,NO,NO,NO,Plaza de Armas S/N
136,38,ANCASH,ASUNCION,CHACAS,05.- CHIMBOTE,PANP ASUNCIÓN,PANP,DESPLAZAMIENTO,08:45 a 16:45,NO,NO,SI,SI,SI,NO,NO,NO,"Jr. Atusparia S/N, esquina con Jr. Lima"
137,714,ANCASH,HUARI,CHAVIN DE HUANTAR,05.- CHIMBOTE,PANP CHAVÍN DE HUANTAR,PANP,DESPLAZAMIENTO,08:45 a 16:45,NO,NO,SI,SI,SI,NO,NO,NO,"Jr. San Martin S/N, 1er piso del Centro Cívico de la Municipalidad Distrital de Chavin de Huantar"
138,715,ANCASH,HUARI,SAN MARCOS,05.- CHIMBOTE,PANP SAN MARCOS ,PANP,DESPLAZAMIENTO,08:45 a 16:45,NO,NO,SI,SI,SI,NO,NO,NO,"Jr. Progreso 332, Plaza de Armas de San Marcos"
139,249,ANCASH,HUACAYBAMBA,HUACAYBAMBA,05.- CHIMBOTE,PANP HUACAYBAMBA,PANP,DESPLAZAMIENTO,08:45 a 16:45,NO,NO,SI,SI,SI,NO,NO,NO,"Av. El Ejercito S/N Barrio San Pedro, 1er piso Municipalidad Provincial de Huacaybamba"
140,36,ANCASH,ANTONIO RAIMONDI,LLAMELLIN,05.- CHIMBOTE,PANP ANTONIO RAIMONDI,PANP,DESPLAZAMIENTO,08:45 a 16:45,NO,NO,SI,SI,SI,NO,NO,NO,Jr. Simón Bolívar N° 229
141,766,ANCASH,HUARI,UCO,05.- CHIMBOTE,PANP UCO,PANP,DESPLAZAMIENTO,08:45 a 16:45,NO,NO,SI,SI,SI,NO,NO,NO,"Jr. Nicolas de Piérola S/N Plaza de Armas, Municipalidad Distrital de Uco"
142,285,JUNIN,TARMA,TARMA,06.- HUANCAYO,AG TARMA,AG,OPERATIVO,08:45 a 16:45,SI,SI,SI,SI,SI,NO,SI,SI,AREQUIPA Nº 939
143,288,JUNIN,CHANCHAMAYO,LA MERCED,06.- HUANCAYO,AG CHANCHAMAYO,AG,OPERATIVO,08:45 a 16:45,SI,SI,SI,SI,SI,NO,SI,SI,TARMA Nº 236
144,281,JUNIN,HUANCAYO,EL TAMBO,06.- HUANCAYO,OR HUANCAYO,OR,OPERATIVO,08:45 a 16:45,SI,SI,SI,SI,SI,NO,SI,SI,MARISCAL CASTILLA Nº 1801
145,215,JUNIN,HUANCAYO,HUANCAYO,06.- HUANCAYO,"ORA REGIONAL DOCENTE MATERNO INFANTIL ""EL CARMEN""",ORA,OPERATIVO,08:45 a 16:30,SI,NO,NO,SI,SI,SI,NO,NO,PUNO Nº 911
146,733,JUNIN,TARMA,TARMA,06.- HUANCAYO,ORA DE APOYO FELIX MAYORCA SOTO,ORA,OPERATIVO,08:45 a 16:30,SI,NO,NO,SI,SI,SI,NO,NO,PACHECO Nº 362
147,734,JUNIN,JAUJA ,JAUJA ,06.- HUANCAYO,ORA HOSPITAL DOMINGO OLAVEGOYA,ORA,OPERATIVO,08:45 a 16:30,SI,NO,NO,SI,SI,SI,NO,NO,SAN MARTÍN Nº 1153 URB. OLAVEGOYA 
148,735,JUNIN,SATIPO,SATIPO,06.- HUANCAYO,ORA DE APOYO MANUEL HIGA ARAKAKI,ORA,DESPLAZAMIENTO,08:45 a 16:30,SI,NO,NO,SI,SI,SI,NO,NO,DANIEL ALCIDES CARRIÓN Nº 398
149,736,JUNIN,CHANCHAMAYO ,PICHANAQUI,06.- HUANCAYO,ORA HOSPITAL DE APOYO PICHANAQUI,ORA,OPERATIVO,08:45 a 16:30,SI,NO,NO,SI,SI,SI,NO,NO,SAN MARTÍN S/N PICHANAKI
150,763,JUNIN,HUANCAYO,HUANCAYO,06.- HUANCAYO,ORA LA LIBERTAD,ORA,DESPLAZAMIENTO,08:45 a 16:30,SI,NO,NO,SI,SI,SI,NO,NO,LA VITORIA 1001
151,764,JUNIN,CHANCHAMAYO,LA MERCED,06.- HUANCAYO,ORA HOSPITAL REGIONAL DOCENTE DE MEDICINA TROPICAL DR. JULIO DEMARINI CARO,ORA,OPERATIVO,08:45 a 16:30,SI,NO,NO,SI,SI,SI,NO,NO,DANIEL A. CARRION S/N AV. PAMPA DEL CARMEN S/N
152,142,JUNIN,HUANCAYO,EL TAMBO,06.- HUANCAYO,ORA HOSPITAL NACIONAL RAMIRO PRIALE,ORA,DESPLAZAMIENTO,08:45 a 16:30,SI,NO,NO,SI,SI,SI,NO,NO,INDEPENDENCIA Nº 266
153,765,JUNIN,HUANCAYO,CHILCA,06.- HUANCAYO,ORA CHILCA,ORA,DESPLAZAMIENTO,08:45 a 16:30,SI,NO,NO,SI,SI,SI,NO,NO,HUMBOLT Nº 900
154,146,JUNIN,SATIPO,PANGOA,06.- HUANCAYO,PAP PANGOA,PAP,OPERATIVO,08:45 a 16:30,NO,NO,SI,SI,SI,NO,SI,SI,07 DE JUNIO Nº 641 PLAZA PRINCIPAL CENTRO CIVICO
155,279,JUNIN,SATIPO,MAZAMARI,06.- HUANCAYO,PAP MAZAMARI,PAP,OPERATIVO,08:45 a 16:30,NO,NO,SI,SI,SI,NO,SI,SI,SAN JUAN N° 377
156,282,JUNIN,CONCEPCION,CONCEPCIÓN,06.- HUANCAYO,PAP CONCEPCIÓN,PAP,OPERATIVO,08:45 a 16:30,NO,NO,SI,SI,SI,NO,SI,SI,RICARDO PALMA S/N MERCADO MODELO INTERIOR 1 
157,283,JUNIN,JAUJA,JAUJA,06.- HUANCAYO,PAP JAUJA,PAP,OPERATIVO,08:45 a 16:30,NO,NO,SI,SI,SI,NO,SI,SI,SUCRE N° 889
158,284,JUNIN,JUNIN,JUNIN,06.- HUANCAYO,PAP JUNIN,PAP,OPERATIVO,08:45 a 16:30,NO,NO,SI,SI,SI,NO,SI,SI,SIMÓN BOLIVAR N° 820
159,286,JUNIN,YAULI,SANTA ROSA DE SACCO,06.- HUANCAYO,PAP YAULI,PAP,OPERATIVO,08:45 a 16:30,NO,NO,SI,SI,SI,NO,SI,SI,MIGUEL GRAU N° 309
160,287,JUNIN,SATIPO,SATIPO,06.- HUANCAYO,PAP SATIPO,PAP,OPERATIVO,08:45 a 16:45,NO,NO,SI,SI,SI,NO,SI,SI,MICAELA BASTIDAS Y JR. AUGUSTO B. LEGUIA CENTRO CIVICO 
161,289,JUNIN,CHUPACA,CHUPACA,06.- HUANCAYO,PAP CHUPACA,PAP,OPERATIVO,08:45 a 16:30,NO,NO,SI,SI,SI,NO,SI,SI,GRAU N° 195 - CENTRO CÍVICO
162,292,JUNIN,CHANCHAMAYO,PICHANAQUI,06.- HUANCAYO,PAP PICHANAQUI,PAP,OPERATIVO,08:45 a 16:45,NO,NO,SI,SI,SI,NO,SI,SI,INDEPENDENCIA S/N COLISEO MUNICIPAL
163,1129,JUNIN,HUANCAYO,HUANCAYO,06.- HUANCAYO,MAC JUNIN,MAC,OPERATIVO,08:45 a 16:30,SI,NO,SI,SI,SI,NO,SI,SI,FERROCARRIL N° 146 - 150 - CENTRO COMERCIAL OPEN PLAZA
164,47,AYACUCHO,HUAMANGA,AYACUCHO,07.- AYACUCHO,"ORA HOSPITAL REGIONAL DE AYACUCHO ""MIGUEL ANGEL MARISCAL LLERENA"" (MINSA)",ORA,OPERATIVO,08:45 a 16:30,SI,NO,NO,SI,NO,SI,NO,NO,Av.Daniel Alcides Carrión S/N - 2da cuadra.
165,119,AYACUCHO,LA MAR,AYNA,07.- AYACUCHO,PAP AYNA -SAN FRANCISCO,PAP,OPERATIVO,08:45 a 16:45,NO,NO,SI,SI,SI,NO,SI,SI,28 de Julio S/N San Francisco
166,121,AYACUCHO,HUAMANGA,AYACUCHO,07.- AYACUCHO,OR HUAMANGA,OR,OPERATIVO,08:45 a 16:45,si,si,si,si,si,si,si,si,"San Martin Nº 473, 475, 477 y 477A"
167,122,AYACUCHO,CANGALLO,CANGALLO,07.- AYACUCHO,PAP CANGALLO,PAP,OPERATIVO,08:45 a 16:45,NO,NO,SI,SI,SI,NO,SI,SI,Maria Parado de Bellido Nº 205
168,123,AYACUCHO,HUANTA,HUANTA,07.- AYACUCHO,AG HUANTA,AG,OPERATIVO,08:45 a 16:45,si,si,si,si,si,si,si,si,Ayacucho N° 305
169,124,AYACUCHO,LA MAR,SAN MIGUEL,07.- AYACUCHO,PAP LA MAR,PAP,OPERATIVO,08:45 a 16:45,NO,NO,SI,SI,SI,NO,SI,SI,Maria Parado de Bellido S/N 
170,127,AYACUCHO,VICTOR FAJARDO,HUANCAPI,07.- AYACUCHO,PAP VICTOR FAJARDO,PAP,OPERATIVO,08:45 a 16:45,NO,NO,SI,SI,SI,NO,SI,SI,Plaza Principal Nº 127
171,128,AYACUCHO,HUANCA SANCOS,SANCOS,07.- AYACUCHO,PAP HUANCASANCOS,PAP,OPERATIVO,08:45 a 16:45,NO,NO,SI,SI,SI,NO,SI,SI,Progreso S/N Consejo Provincial de Huanca Sancos
172,129,AYACUCHO,VILCAS HUAMAN,VILCAS HUAMAN,07.- AYACUCHO,PAP VILCASHUAMAN,PAP,OPERATIVO,08:45 a 16:45,NO,NO,SI,SI,SI,NO,SI,SI,Los Incas Nº 222
173,131,AYACUCHO,SUCRE,QUEROBAMBA,07.- AYACUCHO,PAP SUCRE,PAP,OPERATIVO,08:45 a 16:45,NO,NO,SI,SI,SI,NO,SI,SI,San Martin S/N  Plaza de Armas Consejo Provincial de Sucre
174,213,AYACUCHO,HUANTA,HUANTA,07.- AYACUCHO,"ORA HOSPITAL DE APOYO HUANTA ""DANIEL ALCIDES CARRION"" (MINSA)",ORA,OPERATIVO,08:45 a 16:30,SI,NO,NO,SI,NO,SI,NO,NO,Mariscal Castilla Nº 628
175,454,AYACUCHO,LA MAR,SAN MIGUEL,07.- AYACUCHO,ORA SAN MIGUEL (MINSA),ORA,DESPLAZAMIENTO,08:45 a 16:30,SI,NO,NO,SI,NO,SI,NO,NO,Ramon Castilla s/n
176,455,AYACUCHO,CANGALLO,CANGALLO,07.- AYACUCHO,ORA HOSPITAL DE APOYO CANGALLO (MINSA),ORA,OPERATIVO,08:45 a 16:30,SI,NO,NO,SI,NO,SI,NO,NO,Santa Rosa N° 110
177,172,CUSCO,LA CONVENCION,PICHARI,07.- AYACUCHO,PAP PICHARI,PAP,OPERATIVO,08:45 a 16:45,NO,NO,SI,SI,SI,NO,SI,SI,BRASIL S/N
178,77,APURIMAC,CHINCHEROS,CHINCHEROS,07.- AYACUCHO,PAP CHINCHEROS,PAP,OPERATIVO,08:45 a 16:45,NO,NO,SI,SI,SI,NO,SI,SI,COTABAMBAS N° 121
179,500,AYACUCHO,LA MAR,SAMUGARI,07.- AYACUCHO,PAP SAMUGARI -PALMAPAMPA,PAP,OPERATIVO,08:45 a 16:45,NO,NO,SI,SI,SI,NO,SI,SI,Los Laureles S/N – Palmapampa Distrital de Samugari
180,620,AYACUCHO,LA MAR,TAMBO,07.- AYACUCHO,ORA TAMBO (MINSA),ORA,OPERATIVO,08:45 a 16:30,SI,NO,NO,SI,NO,SI,NO,NO,Lima s/n
181,628,AYACUCHO,HUAMANGA,JESUS NAZARENO,07.- AYACUCHO,ORA HOSPITAL DE APOYO JESUS NAZARENO (MINSA),ORA,OPERATIVO,08:45 a 16:30,SI,NO,NO,SI,NO,SI,NO,NO,Ciro Alegría Nº 547
182,73,APURIMAC,ANDAHUAYLAS,TALAVERA,07.- AYACUCHO,OR ANDAHUAYLAS,OR,OPERATIVO,08:45 a 16:45,si,si,si,si,si,si,si,si,Amauta N° 311
183,458,APURIMAC,CHINCHEROS,ANCCO HUALLO,07.- AYACUCHO,ORA  CENTRO DE SALUD URIPA  (MINSA),ORA,OPERATIVO,08:45 a 16:30,SI,NO,NO,SI,NO,SI,NO,NO, Túpac Amaru S/N – URIPA
184,459,APURIMAC,ANDAHUAYLAS,ANDAHUAYLAS,07.- AYACUCHO,ORA HOSPITAL REGIONAL DOCENTE  HUGO PESCE PESCETTO ANDAHUAYLAS (MINSA),ORA,OPERATIVO,08:45 a 16:30,SI,NO,NO,SI,NO,SI,NO,NO,Hugo Pesce Pesceto S/N
185,357,AYACUCHO,HUANTA,SIVIA,07.- AYACUCHO,ORA HOSPITAL DE APOYO DE SIVIA (MINSA),ORA,DESPLAZAMIENTO,08:45 a 16:30,SI,NO,NO,SI,NO,SI,NO,NO,Gervacio Santillana S/N
186,699,CUSCO,LA CONVENCION,KIMBIRI,07.- AYACUCHO,ORA CENTRO DE SALUD SAN JUAN DE KIMBIRI (MINSA),ORA,OPERATIVO,08:45 a 16:30,SI,NO,NO,SI,NO,SI,NO,NO,Aeropuerto S/N
187,629,CUSCO,LA CONVENCION,PICHARI,07.- AYACUCHO,ORA HOSPITAL DE APOYO PICHARI (MINSA),ORA,OPERATIVO,08:45 a 16:30,SI,NO,NO,SI,NO,SI,NO,NO,Amazonas s/n
188,457,APURIMAC,CHINCHEROS,CHINCHEROS,07.- AYACUCHO,ORA HOSPITAL DE APOYO CHINCHEROS (MINSA),ORA,OPERATIVO,08:45 a 16:30,SI,NO,NO,SI,NO,SI,NO,NO,Fernando Belaunde Terry S/N
189,631,AYACUCHO,CANGALLO,LOS MOROCHUCOS,07.- AYACUCHO,ORA PAMPA CANGALLO (MINSA),ORA,OPERATIVO,08:45 a 16:30,SI,NO,NO,SI,NO,SI,NO,NO,María Arguedas S/N
190,52,AREQUIPA,AREQUIPA,AREQUIPA,08.- AREQUIPA,ORA HOSPITAL REGIONAL HONORIO DELGADO ESPINOZA (MINSA),ORA,OPERATIVO,08:45 a 16:45,SI,NO,NO,SI,SI,SI,NO,NO,Daniel Alcides Carrión N° 505
191,54,TACNA,TACNA,TACNA,08.- AREQUIPA,ORA TACNA (MINSA),ORA,OPERATIVO,08:45 a 16:45,SI,NO,NO,SI,SI,SI,NO,NO,Blondel S/N
192,91,AREQUIPA,AREQUIPA,AREQUIPA,08.- AREQUIPA,OR AREQUIPA,OR,OPERATIVO,08:45 a 16:45,SI,SI,SI,SI,SI,NO,SI,SI,San Juan de Dios N° 122 y Santo Domingo N° 101
193,92,AREQUIPA,CAYLLOMA,CHIVAY,08.- AREQUIPA,PAP CAYLLOMA,PAP,OPERATIVO,08:45 a 16:45,NO,NO,SI,SI,SI,NO,SI,SI,Siglo XX S/N
194,93,AREQUIPA,CAMANA,CAMANA,08.- AREQUIPA,AG CAMANA,AG,OPERATIVO,08:45 a 16:45,SI,NO,SI,SI,SI,NO,SI,SI,Mariscal Castilla N° 221
195,94,AREQUIPA,CARAVELI,CARAVELÍ,08.- AREQUIPA,PAP CARAVELI,PAP,OPERATIVO,08:45 a 16:45,NO,NO,SI,SI,SI,NO,SI,SI,Bolivar S/N
196,95,AREQUIPA,CASTILLA,APLAO,08.- AREQUIPA,PAP CASTILLA,PAP,OPERATIVO,08:45 a 16:45,NO,NO,SI,SI,SI,NO,SI,SI,Progreso S/N
197,96,AREQUIPA,CONDESUYOS,CHUQUIBAMBA,08.- AREQUIPA,PAP CONDESUYOS,PAP,OPERATIVO,08:45 a 16:45,NO,NO,SI,SI,SI,NO,SI,SI,Alameda S/N - Los Tres Errantes
198,97,AREQUIPA,ISLAY,MOLLENDO,08.- AREQUIPA,AG ISLAY,AG,OPERATIVO,08:45 a 16:45,SI,NO,SI,SI,SI,NO,SI,SI,Arequipa Nº 261 
199,98,AREQUIPA,LA UNION,COTAHUASI,08.- AREQUIPA,PAP LA UNION,PAP,OPERATIVO,08:45 a 16:45,NO,NO,SI,SI,SI,NO,SI,SI,Centenario N° 202 - Cotahuasi
200,145,MOQUEGUA,MARISCAL NIETO,MOQUEGUA,08.- AREQUIPA,ORA HOSPITAL REGIONAL MOQUEGUA (MINSA),ORA,OPERATIVO,08:45 a 16:45,SI,NO,NO,SI,SI,SI,NO,NO,Simón Bolívar N° 505
201,481,MOQUEGUA,MARISCAL NIETO,SAN ANTONIO,08.- AREQUIPA,AG MARISCAL NIETO,AG,OPERATIVO,08:45 a 16:45,SI,SI,SI,SI,SI,NO,SI,SI,Central Mz D 
202,483,MOQUEGUA,ILO,ILO,08.- AREQUIPA,AG ILO,AG,OPERATIVO,08:45 a 16:45,SI,SI,SI,SI,SI,NO,SI,SI,Ayacucho N° 529
203,511,AREQUIPA,CAYLLOMA,MAJES,08.- AREQUIPA,AG MAJES,AG,OPERATIVO,08:45 a 16:45,NO,NO,SI,SI,SI,NO,SI,SI,Arequipa S/N - Tienda 06 del Estadio Almirante Miguel Grau - Pedregal
204,579,AREQUIPA,AREQUIPA,CAYMA,08.- AREQUIPA,AG CAYMA,AG,OPERATIVO,08:45 a 16:45,SI,NO,SI,SI,SI,NO,NO,NO,Ramón Castilla S/N - Estadio La Tomilla
205,621,TACNA,TACNA,TACNA,08.- AREQUIPA,AG TACNA,AG,OPERATIVO,08:45 a 16:45,SI,SI,SI,SI,SI,NO,SI,SI,Deustua Nº 173
206,725,AREQUIPA,AREQUIPA,AREQUIPA,08.- AREQUIPA,ORA HOSPITAL III GOYENECHE (MINSA),ORA,OPERATIVO,08:45 a 16:45,SI,NO,NO,SI,SI,SI,NO,NO,Goyeche N° 100
207,726,AREQUIPA,CAMANA,CAMANA,08.- AREQUIPA,ORA HOSPITAL DE CAMANA (MINSA),ORA,OPERATIVO,08:45 a 16:45,SI,NO,NO,SI,SI,SI,NO,NO,Lima 550
208,762,AREQUIPA,AREQUIPA,PAUCARPATA,08.- AREQUIPA,MAC - AREQUIPA,MAC,OPERATIVO,08:30 a 16:30,SI,NO,SI,SI,SI,NO,SI,SI,Porongoche N° 500 Paucarpata - Centro Comercial Mall Aventura 
209,727,AREQUIPA,CAYLLOMA,MAJES,08.- AREQUIPA,ORA HOSPITAL CENTRAL DE MAJES- ANGEL GABRIEL CHURA GALLEGOS (MINSA),ORA,OPERATIVO,08:45 a 16:45,SI,NO,NO,SI,SI,SI,NO,NO,Asentamiento B1 lote 1 Irrig. Majes
210,839,MOQUEGUA,MARISCAL NIETO,MOQUEGUA,08.- AREQUIPA,MAC - MOQUEGUA,MAC,OPERATIVO,08:30 a 16:30,SI,NO,SI,SI,SI,NO,SI,SI,"Circunvalación 1B Sub lote 1-A, Moquegua"
211,1040,AREQUIPA,AREQUIPA,AREQUIPA,08.- AREQUIPA,PAP PASEO CENTRAL,PAP,OPERATIVO,08:45 a 16:45,NO,NO,SI,SI,SI,NO,NO,NO,Arturo Ibañez S/N
212,750,AREQUIPA,AREQUIPA,CERRO COLORADO,08.- AREQUIPA,C.S. MARITZA CAMPOS DIAZ (MINSA),ORA,OPERATIVO,08:45 a 16:45,SI,NO,NO,SI,SI,SI,NO,NO,Yavari S/N
213,336,AREQUIPA,AREQUIPA,PAUCARPATA,08.- AREQUIPA,HOSPITAL EDMUNDO ESCOMEL (ESSALUD),ORA,OPERATIVO,08:45 a 16:45,SI,NO,NO,SI,SI,SI,NO,NO,EL Cayro S/N
214,514,AREQUIPA,AREQUIPA,AREQUIPA,08.- AREQUIPA,HOSPITAL CARLOS ALBERTO SEGUIN ESCOBEDO (ESSALUD),ORA,OPERATIVO,08:45 a 16:45,SI,NO,NO,SI,SI,SI,NO,NO,Peral S/N
215,338,AREQUIPA,AREQUIPA,YANAHUARA,08.- AREQUIPA,ORA HOSPITAL III YANAHUARA (ESSALUD),ORA,OPERATIVO,08:45 a 16:45,SI,NO,NO,SI,SI,SI,NO,NO,Zamácola S/N
216,60,CUSCO,CUSCO,SANTIAGO,09.- CUSCO,ORA ANTONIO LORENA DEL CUSCO (MINSA),ORA,OPERATIVO,08:45 a 16:30,SI,NO,NO,SI,SI,SI,NO,NO,Carlos Ugarte S/N Urb. Primavera Cuartel Agustín Gamarra
217,61,CUSCO,CUSCO,WANCHAQ,09.- CUSCO,ORA HOSPITAL NACIONAL ADOLFO GUEVARA VELASCO (ESSALUD),ORA,OPERATIVO,08:45 a 16:30,SI,NO,NO,SI,SI,SI,NO,NO,Ancelmo Alvarez S/N
218,71,APURIMAC,ABANCAY,ABANCAY,09.- CUSCO,OR ABANCAY,OR,OPERATIVO,08:45 a 16:45,SI,SI,SI,SI,SI,SI,SI,SI,La Victoria Nº 214
219,72,APURIMAC,AYMARAES,CHALHUANCA,09.- CUSCO,PANP AYMARAES,PANP,DESPLAZAMIENTO,08:45 a 16:30,NO,NO,SI,SI,SI,NO,NO,NO,Plaza de Armas S/N (Gobernatura De Chalhuanca)
220,74,APURIMAC,ANTABAMBA,ANTABAMBA,09.- CUSCO,PANP ANTABAMBA,PANP,DESPLAZAMIENTO,08:45 a 16:30,NO,NO,SI,SI,SI,NO,NO,NO,Plaza de Armas S / N
221,75,APURIMAC,COTABAMBAS,TAMBOBAMBA,09.- CUSCO,PAP TAMBOBAMBA,PAP,OPERATIVO,08:45 a 16:30,NO,NO,SI,SI,SI,NO,SI,SI,Perú - Plaza de Armas S/N - 3er Piso
222,76,APURIMAC,GRAU,CHUQUIBAMBILLA,09.- CUSCO,PANP GRAU,PANP,DESPLAZAMIENTO,08:45 a 16:30,NO,NO,SI,SI,SI,NO,NO,NO,Plaza de Armas S / N
223,191,CUSCO,CUSCO,CUSCO,09.- CUSCO,OR CUSCO,OR,OPERATIVO,08:45 a 16:45,SI,SI,SI,SI,SI,SI,SI,SI,El Sol N° 272
224,192,CUSCO,ACOMAYO,ACOMAYO,09.- CUSCO,PANP ACOMAYO,PANP,DESPLAZAMIENTO,08:45 a 16:30,NO,NO,SI,SI,SI,NO,NO,NO,Plaza de Armas S/N
225,193,CUSCO,ANTA,ANTA ,09.- CUSCO,PAP ANTA,PAP,OPERATIVO,08:45 a 16:30,SI,SI,SI,SI,SI,NO,SI,SI,"Jaquijahuana  S / N, Izcuchaca"
226,194,CUSCO,CALCA,CALCA,09.- CUSCO,AG CALCA,AG,OPERATIVO,08:45 a 16:45,SI,SI,SI,SI,SI,NO,SI,SI,Plaza de Armas S/N
227,195,CUSCO,CANAS,YANAOCA,09.- CUSCO,PAP CANAS,PAP,OPERATIVO,08:45 a 16:30,NO,NO,SI,SI,SI,NO,NO,NO,Plaza de Armas S/N
228,196,CUSCO,CANCHIS,SICUANI,09.- CUSCO,AG CANCHIS,AG,OPERATIVO,08:45 a 16:45,SI,SI,SI,SI,SI,NO,SI,SI,Túpac Amaru N° 163
229,197,CUSCO,CHUMBIVILCAS,SANTO TOMAS,09.- CUSCO,PAP CHUMBIVILCAS,PAP,OPERATIVO,08:45 a 16:45,NO,NO,SI,SI,SI,NO,SI,SI,Perú S / N (Ruedo de Toros)
230,198,CUSCO,ESPINAR,ESPINAR,09.- CUSCO,PAP ESPINAR,PAP,OPERATIVO,08:45 a 16:45,NO,NO,SI,SI,SI,NO,SI,SI,Teatro S/N  
231,199,CUSCO,LA CONVENCION,SANTA ANA,09.- CUSCO,AG LA CONVENCION,AG,OPERATIVO,08:45 a 16:45,SI,SI,SI,SI,SI,NO,SI,SI,Grau Nº 238
232,200,CUSCO,PARURO,PARURO,09.- CUSCO,PANP PARURO,PANP,DESPLAZAMIENTO,08:45 a 16:30,NO,NO,SI,SI,SI,NO,NO,NO,Plaza de Armas S/N
233,201,CUSCO,PAUCARTAMBO,PAUCARTAMBO,09.- CUSCO,PAP PAUCARTAMBO - JR9,PAP,OPERATIVO,08:45 a 16:30,NO,NO,SI,SI,SI,NO,SI,SI,Enrique Yabar S/N
234,202,CUSCO,QUISPICANCHI,URCOS,09.- CUSCO,PAP QUISPICANCHI,PAP,OPERATIVO,08:45 a 16:45,SI,SI,SI,SI,SI,NO,SI,SI,Huáscar N° 181
235,203,CUSCO,URUBAMBA,URUBAMBA,09.- CUSCO,PAP URUBAMBA,PAP,OPERATIVO,08:45 a 16:30,SI,SI,SI,SI,SI,NO,SI,SI,Conchatupa S/N
236,341,MADRE DE DIOS,TAHUAMANU,IBERIA,09.- CUSCO,AG IBERIA,AG,OPERATIVO,08:45 a 16:45,SI,SI,SI,SI,SI,NO,SI,SI,Máximo Rodríguez N° 124 Plaza de Armas
237,348,APURIMAC,ABANCAY,ABANCAY,09.- CUSCO,ORA HOSPITAL REGIONAL GUILLERMO DIAZ DE LA VEGA (MINSA),ORA,OPERATIVO,08:45 a 16:30,SI,NO,NO,SI,SI,SI,NO,NO,Daniel Alcides Carrión S/N
238,461,MADRE DE DIOS,TAMBOPATA,TAMBOPATA,09.- CUSCO,OR TAMBOPATA,OR,OPERATIVO,08:45 a 16:45,SI,SI,SI,SI,SI,SI,SI,SI,Lambayeque N° 159
239,462,MADRE DE DIOS,MANU,MANU,09.- CUSCO,PANP MANU,PANP,DESPLAZAMIENTO,08:45 a 16:30,NO,NO,SI,SI,SI,NO,NO,NO,Esperanza S/N - Local Municipal
240,495,CUSCO,ACOMAYO,POMACANCHI,09.- CUSCO,AG POMACANCHI,AG,DESPLAZAMIENTO,08:45 a 16:45,NO,NO,SI,SI,SI,NO,NO,NO,Plaza de Armas S/N
241,599,CUSCO,CUSCO,CUSCO,09.- CUSCO,ORA HOSPITAL DE APOYO DEPARTAMENTAL CUSCO (MINSA),ORA,OPERATIVO,08:45 a 16:30,SI,NO,NO,SI,SI,SI,NO,NO,La Cultura S/N
242,600,CUSCO,CUSCO,SANTIAGO,09.- CUSCO,ORA BELEMPAMPA (MINSA),ORA,OPERATIVO,08:45 a 16:30,SI,NO,NO,SI,SI,SI,NO,NO,21 de Mayo S/N
243,606,CUSCO,CANCHIS,SICUANI,09.- CUSCO,ORA SICUANI (MINSA),ORA,OPERATIVO,08:45 a 16:30,SI,NO,NO,SI,SI,SI,NO,NO,Manuel Callo Zevallos N° 519 - Hospital MINSA Sicuani
244,633,MADRE DE DIOS,TAMBOPATA,TAMBOPATA,09.- CUSCO,ORA SANTA ROSA (MINSA),ORA,OPERATIVO,08:45 a 16:30,SI,NO,NO,SI,SI,SI,NO,NO,Cajamarca N° 171
245,648,CUSCO,LA CONVENCION,SANTA ANA,09.- CUSCO,ORA QUILLABAMBA (MINSA),ORA,OPERATIVO,08:45 a 16:30,SI,NO,NO,SI,SI,SI,NO,NO,General Gamarra S/N - Hospital Quillabamba
246,649,APURIMAC,AYMARAES,CHALHUANCA,09.- CUSCO,ORA CHALHUANCA (MINSA),ORA,OPERATIVO,08:45 a 16:30,SI,NO,NO,SI,SI,SI,NO,NO,Bolivar S/N
247,657,CUSCO,ESPINAR,ESPINAR,09.- CUSCO,ORA ESPINAR (MINSA),ORA,OPERATIVO,08:45 a 16:30,SI,NO,NO,SI,SI,SI,NO,NO,Domingo Huarca Cruz S/N Barrio Túpac Amaru  - Hospital Espinar
248,713,MADRE DE DIOS,TAHUAMANU,IBERIA,09.- CUSCO,ORA SAN MARTIN DE PORRES DE IBERIA (MINSA),ORA,OPERATIVO,08:45 a 16:30,SI,NO,NO,SI,SI,SI,NO,NO,Mocopata S/N
249,349,APURIMAC,COTABAMBAS,TAMBOBAMBA,09.- CUSCO,ORA TAMBOBAMBA (MINSA),ORA,OPERATIVO,08:45 a 16:30,SI,NO,NO,SI,SI,SI,NO,NO,Hospital Tambobamba
250,793,APURIMAC,COTABAMBAS,HAQUIRA,09.- CUSCO,PAP HAQUIRA,PAP,OPERATIVO,08:45 a 16:30,NO,NO,SI,SI,SI,NO,SI,SI,Plaza de armas S/N-Haquira
251,728,CUSCO,CHUMBIVILCAS,SANTO TOMAS,09.- CUSCO,ORA SANTO TOMAS (MINSA),ORA,OPERATIVO,08:45 a 16:30,SI,NO,NO,SI,SI,SI,NO,NO, Andres Avelino Caceres - Hospital Santo Tomas  
252,920,CUSCO,CHUMBIVILCAS,VELILLE,09.- CUSCO,PANP VELILLE,PANP,DESPLAZAMIENTO,08:45 a 16:30,NO,NO,SI,SI,SI,NO,SI,SI,Plaza de Armas - Municipalidad Distrital Velille
253,919,CUSCO,CALCA,YANATILE,09.- CUSCO,PANP YANATILE,PANP,DESPLAZAMIENTO,08:45 a 16:30,NO,NO,SI,SI,SI,NO,SI,SI,Plaza de Armas - Municipalidad Distrital Yanatile
254,921,APURIMAC,ABANCAY,CURAHUASI,09.- CUSCO,PANP CURAHUASI,PANP,DESPLAZAMIENTO,08:45 a 16:30,NO,NO,SI,SI,SI,NO,SI,SI,Coliseo Cerrado - Municipalidad de Curahuasi
255,1132,CUSCO,CUSCO,SANTIAGO,09.- CUSCO,AGENCIA SANTIAGO,AG,OPERATIVO,08:45 a 16:30,SI,SI,SI,SI,SI,NO,SI,SI,Giraldo Ruiz Caro S/N
256,1165,CUSCO,CUSCO,WANCHAQ,09.- CUSCO,MAC CUSCO,MAC,OPERATIVO,08:45 a 16:30,SI,SI,SI,SI,SI,NO,SI,SI,Collasuyo 2964 - Real Plaza Cusco
257,8,LIMA,LIMA ,JESÚS MARÍA,10.- LIMA,ORA HOSPITAL NACIONAL EDGARDO REBAGLIATI MARTINS (ESSALUD),ORA,OPERATIVO,08:45 a 16:30,SI,NO,NO,SI,NO,SI,NO,NO,AV. SALAVERRY CDRA. 13 - PUERTA 6
258,11,CALLAO,CALLAO,CALLAO,10.- LIMA,ORA NAC. DANIEL A. CARRIÓN (MINSA),ORA,OPERATIVO,08:45 a 16:45,SI,NO,NO,SI,NO,SI,NO,NO,Guardia Chalaca Nº 2176 - Bellavista
259,12,LIMA,LIMA,SAN JUAN DE LURIGANCHO,10.- LIMA,ORA HOSPITAL SAN JUAN DE LURIGANCHO (MINSA),ORA,OPERATIVO,08:45 a 16:30,SI,NO,NO,SI,NO,SI,NO,NO,Canto Grande S/N - Altura del paradero 10
260,14,LIMA,LIMA,EL AGUSTINO,10.- LIMA,ORA HOSPITAL NACIONAL HIPOLITO UNANUE (MINSA),ORA,OPERATIVO,08:45 a 16:30,SI,NO,NO,SI,NO,SI,NO,NO,Cesar Vallejo Nº 1390 
261,51,LIMA,LIMA,LIMA,10.- LIMA,ORA INSTITUTO NACIONAL MATERNO PERINATAL (MINSA),ORA,OPERATIVO,08:45 a 16:30,SI,SI,NO,SI,SI,SI,NO,NO,Miroquesada Nº 941 - Lima
262,58,CALLAO,CALLAO,VENTANILLA,10.- LIMA,OR VENTANILLA,OR,OPERATIVO,08:45 a 16:45,SI,SI,SI,SI,SI,SI,SI,SI,Pachacutec N° 225 - Sector B - Grupo Residencial B1 - Mz. F1 
263,114,LIMA,LIMA,SANTIAGO DE SURCO,10.- LIMA,OR SURCO - HIGUERETA,OR,OPERATIVO,08:45 a 16:45,SI,SI,SI,SI,SI,SI,SI,SI,Santiago de Surco Nº 2807 Urb. Residencial Higuereta
264,168,LIMA,LIMA,SAN BORJA,10.- LIMA,OR SAN BORJA,OR,OPERATIVO,08:45 a 16:45,SI,SI,SI,SI,SI,SI,SI,SI,San Luis N° 1673 Urb. Jacaranda II
265,169,LIMA,LIMA,COMAS,10.- LIMA,OR COMAS III,OR,OPERATIVO,08:45 a 16:45,SI,SI,SI,SI,SI,SI,SI,SI,San Felipe Nº 830 Urb. San Felipe
266,174,LIMA,LIMA,LIMA,10.- LIMA,OR QUILCA,OR,OPERATIVO,08:45 a 16:45,SI,SI,SI,SI,SI,SI,SI,SI,Quilca Nº 501 y 525 
267,175,LIMA,LIMA,LIMA,10.- LIMA,AG ANCASH,AG,OPERATIVO,08:45 a 16:45,SI,SI,SI,SI,SI,NO,SI,SI,Ancash Nº 336-340 y 344 (Frente a la Plazuela San Francisco) - Lima
268,187,LIMA,LIMA,VILLA MARÍA DEL TRIUNFO,10.- LIMA,ORA DANIEL ALCIDES CARRION (MINSA),ORA,OPERATIVO,08:45 a 16:30,SI,NO,NO,SI,NO,SI,NO,NO,Pachacutec N° 3470 - Pasando el Terminal Pesquero.
269,335,CALLAO,CALLAO,BELLAVISTA,10.- LIMA,MAC - CALLAO,MAC,OPERATIVO,08:30 a 16:30,SI,SI,SI,SI,SI,NO,SI,SI,Oscar R. Benavides N° 3866 - Centro Comercial Mall Aventura Plaza
270,371,LIMA,LIMA,LIMA,10.- LIMA,OR LIMA,OR,OPERATIVO,08:45 a 16:45,SI,SI,SI,SI,SI,SI,SI,SI,Av. Nicolás de Piérola N 545
271,372,LIMA,LIMA,ATE,10.- LIMA,OR ATE,OR,OPERATIVO,08:45 a 16:45,SI,SI,SI,SI,SI,SI,SI,SI,Industrial Nº 438
272,376,LIMA,LIMA,COMAS,10.- LIMA,OR COMAS I,OR,OPERATIVO,08:45 a 16:45,SI,SI,SI,SI,SI,SI,SI,SI,"Tupac Amaru N° 5527 - 5531 - 5535, Urb Huaquillay 2da Etapa"
273,379,LIMA,LIMA,LURIN,10.- LIMA,OR LURIN,OR,OPERATIVO,08:45 a 16:45,SI,SI,SI,SI,SI,SI,SI,SI,Simon Bolivar N° 267
274,380,LIMA,LIMA,MIRAFLORES,10.- LIMA,OR MIRAFLORES,OR,OPERATIVO,08:45 a 16:45,SI,SI,SI,SI,SI,SI,SI,SI,Ernesto Diez Canseco N° 230
275,382,LIMA,LIMA,PUENTE PIEDRA,10.- LIMA,OR PUENTE PIEDRA,OR,OPERATIVO,08:45 a 16:45,SI,SI,SI,SI,SI,SI,SI,SI,Ricardo Palma Nº 241
276,386,LIMA,LIMA,SAN JUAN DE LURIGANCHO,10.- LIMA,OR SAN JUAN DE LURIGANCHO,OR,OPERATIVO,08:45 a 16:45,SI,SI,SI,SI,SI,SI,SI,SI,Las Flores Lote 1 Mz. G Urb. Canto Grande Unidad 7
277,387,LIMA,LIMA,SAN JUAN DE MIRAFLORES,10.- LIMA,OR SAN JUAN DE MIRAFLORES,OR,OPERATIVO,08:45 a 16:45,SI,SI,SI,SI,SI,SI,SI,SI,Guillermo Billinghurst  N° 767 – 769 Mz. F Lote 18 Urb. SJM Parcela D
278,389,LIMA,LIMA,SAN MARTÍN DE PORRES,10.- LIMA,OR SAN MARTIN DE PORRES,OR,OPERATIVO,08:45 a 16:45,SI,SI,SI,SI,SI,SI,SI,SI,Eduardo de Habich Nº 590 - 592 con Pedro Paulet N° 589
279,391,LIMA,CAJATAMBO,CAJATAMBO,10.- LIMA,AG CAJATAMBO,AG,OPERATIVO,08:45 a 16:45,NO,NO,SI,SI,SI,NO,NO,NO,Bolognesi S/N - Comisiones de Regantes -Frente plaza de Armas
280,392,LIMA,CANTA,CANTA,10.- LIMA,AG CANTA,AG,OPERATIVO,08:45 a 16:45,NO,NO,SI,SI,SI,NO,NO,NO,Independencia Nº 308 Municipio (Plaza de Armas)
281,393,LIMA,CAÑETE,SAN VICENTE DE CAÑETE,10.- LIMA,AG CAÑETE,AG,OPERATIVO,08:45 a 16:45,SI,SI,SI,SI,SI,NO,NO,SI,Los Libertadores Mz. D-3 Lote 4 Urbanización Tercer Mundo
282,394,LIMA,HUAURA,HUACHO,10.- LIMA,AG HUACHO,AG,OPERATIVO,08:45 a 16:45,SI,SI,SI,SI,SI,NO,SI,SI,Grau Nº 295
283,396,LIMA,YAUYOS,YAUYOS,10.- LIMA,AG YAUYOS,AG,OPERATIVO,08:45 a 16:45,NO,NO,SI,SI,SI,NO,NO,NO,Plaza Constitución Nº 110
284,397,LIMA,HUARAL,HUARAL,10.- LIMA,AG HUARAL,AG,OPERATIVO,08:45 a 16:45,SI,SI,SI,SI,SI,NO,SI,SI,Los Pinos Nº 149 Mz E Lote 4 Pasaje Urb. El Rosario
285,398,LIMA,BARRANCA,BARRANCA,10.- LIMA,OR BARRANCA,OR,OPERATIVO,08:45 a 16:45,SI,SI,SI,SI,SI,SI,SI,SI,Independencia N° 674 - 676 - 678
286,399,LIMA,OYON,OYON,10.- LIMA,AG OYON,AG,OPERATIVO,08:45 a 16:45,NO,NO,SI,SI,SI,NO,NO,NO,Unión 216
287,401,LIMA,LIMA,LURIGANCHO,10.- LIMA,OR CHOSICA,OR,OPERATIVO,08:45 a 16:45,SI,SI,SI,SI,SI,SI,SI,SI,Chucuito Nº 248 
288,404,LIMA,LIMA,PACHACAMAC,10.- LIMA,OR PACHACAMAC,OR,OPERATIVO,08:45 a 16:45,SI,SI,SI,SI,SI,SI,SI,SI,Paul Poblet N° 3111 - Dentro del Mercado Jumbo
289,405,LIMA,LIMA,JESÚS MARÍA,10.- LIMA,OR JESUS MARIA,OR,OPERATIVO,08:45 a 16:45,SI,SI,SI,SI,SI,SI,SI,SI,Talara N° 130-132-134 y 136 Jesús Maria
290,421,LIMA,LIMA,CIENEGUILLA,10.- LIMA,OR CIENEGUILLA,OR,OPERATIVO,08:45 a 16:45,SI,SI,SI,SI,SI,SI,SI,SI,"San Martin Lote 15, Zona ""D"" Manzana ""D"" Centro Poblado Tambo Viejo"
291,423,LIMA,LIMA,SANTA ANITA,10.- LIMA,OR SANTA ANITA,OR,OPERATIVO,08:45 a 16:45,SI,SI,SI,SI,SI,SI,SI,SI,"Los Eucaliptos Nº 947, Urbanización Universal"
292,430,LIMA,LIMA,INDEPENDENCIA,10.- LIMA,OR INDEPENDENCIA,OR,OPERATIVO,08:45 a 16:45,SI,SI,SI,SI,SI,SI,SI,SI,Los Andes Nº 486 Urb. Industrial Panamericana Norte
293,544,CALLAO,CALLAO,VENTANILLA,10.- LIMA,MAC - VENTANILLA,MAC,OPERATIVO,08:30 a 16:30,SI,SI,SI,SI,SI,NO,SI,SI,La Playa S/N altura la Urb. Zona Comercial frente a la Plaza Cívica 
294,550,LIMA,LIMA,JESÚS MARÍA,10.- LIMA,AG 06 DE AGOSTO,AG,OPERATIVO,08:45 a 16:45,NO,NO,NO,NO,SI,NO,SI,SI,06 de Agosto N° 856
295,574,CALLAO,CALLAO,MI PERÚ,10.- LIMA,PAP MI PERU,PAP,OPERATIVO,08:45 a 16:45,SI,NO,SI,SI,SI,NO,NO,NO,Mz. G7 Lt. 06 Mi Perú  interior de la Sede Municipal.
296,577,LIMA,LIMA,SAN MARTÍN DE PORRES,10.- LIMA,ORA NACIONAL CAYETANO HEREDIA (MINSA),ORA,OPERATIVO,08:45 a 16:30,SI,NO,NO,SI,NO,SI,NO,NO,Honorio Delgado N° 262 - Urb. Ingeniería / Obstetricia
297,640,LIMA,HUAURA,HUACHO,10.- LIMA,ORA HOSPITAL GENERAL DE HUACHO (MINSA),ORA,OPERATIVO,08:45 a 16:30,SI,NO,NO,SI,SI,SI,NO,NO,Jose Arnaldo Arambulo La Rosa N° 251
298,661,CALLAO,CALLAO,CALLAO,10.- LIMA,OR CALLAO,OR,OPERATIVO,08:45 a 16:45,SI,SI,SI,SI,SI,SI,SI,SI,Dos de Mayo N° 440 - 446
299,696,LIMA,LIMA,SAN BORJA,10.- LIMA,AG ATENCIONES ESPECIALES DE SAN BORJA,AG,OPERATIVO,08:45 a 16:45,SI,SI,SI,SI,SI,NO,NO,NO,Javier Prado N° 2388 -2386 - 2392
300,706,LIMA,LIMA,VILLA EL SALVADOR,10.- LIMA,OR VILLA EL SALVADOR,OR,OPERATIVO,08:45 a 16:45,SI,SI,SI,SI,SI,SI,SI,SI,"Arriba Perú Nº 640 Sector 2, Grupo 7, Mz J, Lt 05 "
301,717,LIMA,LIMA,EL AGUSTINO,10.- LIMA,MAC - LIMA ESTE,MAC,OPERATIVO,08:30 a 16:30,SI,SI,SI,SI,SI,NO,SI,SI,Carretera Central 111 Mall Aventura Santa Anita Nivel 2
302,729,CALLAO,CALLAO,CARMEN DE LA LEGUA REYNOSO,10.- LIMA,ORA HOSPITAL SAN JOSE (MINSA),ORA,OPERATIVO,08:45 a 16:45,SI,NO,NO,SI,SI,SI,NO,NO,Las Magnolias 475 Carmen de la Legua-Reynoso
303,730,CALLAO,CALLAO,VENTANILLA,10.- LIMA,ORA HOSPITAL DE VENTANILLA (MINSA),ORA,OPERATIVO,08:45 a 16:45,SI,NO,NO,SI,SI,SI,NO,NO,Pedro Beltran S/N Ventanilla - Hospital de Ventanilla
304,739,LIMA,CAÑETE,SAN LUIS,10.- LIMA,ORA HOSPITAL REZOLA (MINSA),ORA,OPERATIVO,08:45 a 16:30,SI,NO,NO,SI,SI,SI,NO,NO,Distrito de San Luis S/N
305,740,LIMA,BARRANCA,BARRANCA,10.- LIMA,ORA HOSPITAL DE BARRANCA (MINSA),ORA,OPERATIVO,08:45 a 16:30,SI,NO,NO,SI,SI,SI,NO,NO,Nicolás de Piérola Nº 210 -224
306,753,LIMA,HUARAL,HUARAL,10.- LIMA,ORA HOSPITAL SAN JUAN BAUTISTA HUARAL (MINSA),ORA,OPERATIVO,08:45 a 16:30,SI,NO,NO,SI,SI,SI,NO,NO,Tacna Nº 120 Urb. San Juan I
307,754,LIMA,LIMA ,COMAS,10.- LIMA,ORA HOSPITAL NACIONAL SERGIO E. BERNALES (MINSA),ORA,OPERATIVO,08:45 a 16:30,SI,NO,NO,SI,SI,SI,NO,NO,"Túpac Amaru N° 8000, Collique, Comas."
308,755,LIMA,LIMA,LIMA,10.- LIMA,ORA NACIONAL DOS DE MAYO (MINSA),ORA,OPERATIVO,08:45 a 16:30,SI,NO,NO,SI,SI,SI,NO,NO,Parque Historia De La Medicina Peruana S/N Altura Cuadra 13 Av Grau
309,757,LIMA,LIMA,ATE ,10.- LIMA,ORA HOSPITAL DE HUAYCAN (MINSA),ORA,OPERATIVO,08:45 a 16:30,SI,NO,NO,SI,SI,SI,NO,NO,José C.Mariátegui S/N Zona B - A.H.Huaycán S/N Ate Lima Lima
310,796,LIMA,LIMA,SAN JUAN DE MIRAFLORES,10.- LIMA,MAC - LIMA SUR,MAC,OPERATIVO,08:30 a 16:30,SI,NO,SI,SI,SI,NO,SI,SI,Circunvalación 1583- San Juan de Miraflores
311,808,LIMA,LIMA,COMAS,10.- LIMA,MAC - LIMA NORTE,MAC,OPERATIVO,08:30 a 16:30,SI,SI,SI,SI,SI,NO,SI,SI,Los Angeles N° 602 2do piso - Cc Mall Plaza 
312,490,LIMA,LIMA,JESUS MARIA,10.- LIMA,PVM - JESUS MARIA ,PVM ,OPERATIVO,08:45 a 16:45,NO,NO,NO,NO,NO,NO,SI,NO,Talara N° 130
313,499,LIMA,LIMA,SURQUILLO,10.- LIMA,PVM - OPEN PLAZA ANGAMOS,PVM ,OPERATIVO,08:45 a 16:45,NO,NO,NO,NO,NO,NO,SI,NO,Cruce Angamos N° 1805 con Tomas Marsano
314,493,LIMA,LIMA,CHORRILLOS,10.- LIMA,PVM - PLAZA LIMA SUR,PVM ,OPERATIVO,08:45 a 16:45,NO,NO,NO,NO,NO,NO,SI,NO,Prolongación Paseo  de la Republica S/N Urb. Matellini (2do nivel del Centro Comercial) 
315,724,CALLAO,CALLAO,VENTANILLA,10.- LIMA,PVM - VENTANILLA,PVM ,OPERATIVO,08:45 a 16:45,NO,NO,NO,NO,NO,NO,SI,NO,La Playa S/N altura la Urb. Zona Comercial frente a la Plaza Cívica 
316,494,CALLAO,CALLAO,BELLAVISTA,10.- LIMA,PVM MALL AVENTURA PLAZA - CALLAO,PVM ,OPERATIVO,08:45 a 16:45,NO,NO,NO,NO,NO,NO,SI,NO,Oscar R. Benavides N° 3866 - Centro Comercial Mall Aventura Plaza
317,491,LIMA,LIMA,CERCADO,10.- LIMA,PVM - REAL PLAZA CENTRO CÍVICO,PVM ,OPERATIVO,08:45 a 16:45,NO,NO,NO,NO,NO,NO,SI,NO,Garcilaso de la Vega N° 1337
318,547,LIMA,LIMA,MIRAFLORES,10.- LIMA,PVM- MIRAFLORES,PVM ,OPERATIVO,08:45 a 16:45,NO,NO,NO,NO,NO,NO,SI,NO,Diez Canseco N° 230
319,775,LIMA,LIMA,INDEPENDENCIA,10.- LIMA,PVM - INDEPENDENCIA,PVM ,OPERATIVO,08:45 a 16:45,NO,NO,NO,NO,NO,NO,SI,NO,Los Andes Nº 486 Urb. Industrial Panamericana Norte
320,489,LIMA,LIMA,VILLA EL SALVADOR,10.- LIMA,PVM - VILLA EL SALVADOR ,PVM ,OPERATIVO,08:45 a 16:45,NO,NO,NO,NO,NO,NO,SI,NO,"Arriba Perú Nº 640 Sector 2, Grupo 7, Mz J, Lt 05 "
321,17,LIMA,LIMA,SANTA ANITA,10.- LIMA,ORA HOSP. JORGE VOTO BERNALES (ESSALUD),ORA,OPERATIVO,08:45 a 16:30,SI,NO,NO,SI,NO,SI,NO,NO,"CARRETERA CENTRAL KM. 3,5 - SANTA ANITA"
322,183,LIMA,LIMA,CHORRILLOS,10.- LIMA,CMI VIRGEN DEL CARMEN  (MINSA),ORA,OPERATIVO,08:45 a 16:30,SI,NO,NO,NO,NO,SI,NO,NO,AV. LEOPOLDO ARIAS 200 FRENTE AL COLISEO MARISCAL CACERES
323,13,LIMA,LIMA,PUENTE PIEDRA,10.- LIMA,CARLOS LANFRANCO LA HOZ (MINSA),ORA,OPERATIVO,08:45 a 16:30,SI,NO,NO,SI,NO,SI,NO,NO,AV. SAENZ PEÑA S/N KM 30
324,492,LIMA,LIMA,SAN JUAN DE LURIGANCHO,10.- LIMA,PVM - SAN JUAN DE LURIGANCHO,PVM ,OPERATIVO,08:45 a 16:45,NO,NO,NO,NO,NO,NO,SI,NO,Las Flores Lote Nz. 6 Urb . Canto Grande 
325,40,ANCASH,OCROS,OCROS,10.- LIMA,AG OCROS,AG,OPERATIVO,08:45 a 16:45,NO,NO,SI,SI,SI,NO,NO,NO,Plaza de Armas S/N (MUNICIPIO)
326,19,PUNO,PUNO,PUNO,11.- PUNO,ORA MANUEL NUÑEZ BUTRON,ORA,OPERATIVO,08:45 a 16:45,SI,NO,NO,SI,SI,SI,NO,NO,El Sol N° 1022
327,89,PUNO,PUNO,PUNO,11.- PUNO,ORA HOSPITAL BASE III (PUNO) - RED ASISTENCIAL PUNO,ORA,OPERATIVO,08:45 a 16:45,SI,NO,NO,SI,SI,SI,NO,NO,Francisco Cáceres Jara Nº 600
328,90,PUNO,SAN ROMAN,JULIACA,11.- PUNO,ORA CARLOS MONGE MEDRANO,ORA,OPERATIVO,08:45 a 16:45,SI,NO,NO,SI,SI,SI,NO,NO,Carretera a Huancane Km 2
329,108,PUNO,EL COLLAO ,ILAVE ,11.- PUNO,ORA ILAVE,ORA,OPERATIVO,08:45 a 16:45,SI,NO,NO,SI,SI,SI,NO,NO,Atahualpa Nº 825
330,118,PUNO,SAN ROMAN,JULIACA,11.- PUNO,ORA HOSPITAL BASE III JULIACA - ESSALUD - RED ASISTENCIAL JULIACA,ORA,OPERATIVO,08:45 a 16:45,SI,NO,NO,SI,SI,SI,NO,NO,José Santos Chocano S/N - La Capilla
331,551,PUNO,PUNO,PUNO,11.- PUNO,OR PUNO,OR,OPERATIVO,08:45 a 16:45,SI,SI,SI,SI,SI,SI,SI,SI,Arequipa N° 1143 - 1145 Barrio Victoria
332,552,PUNO,AZANGARO,AZANGARO,11.- PUNO,PAP AZANGARO,PAP,OPERATIVO,08:45 a 16:45,NO,NO,SI,SI,SI,NO,SI,SI,Azangaro N° 160  (Palacio Municipal)
333,553,PUNO,CARABAYA,MACUSANI,11.- PUNO,PAP CARABAYA,PAP,OPERATIVO,08:45 a 16:45,NO,NO,SI,SI,SI,NO,SI,SI,Raimondi N° 116
334,554,PUNO,CHUCUITO,JULI,11.- PUNO,PAP CHUCUITO,PAP,OPERATIVO,08:45 a 16:45,NO,NO,SI,SI,SI,NO,SI,SI,Ilave 235 - Mercado Central Municipio
335,555,PUNO,HUANCANE,HUANCANE,11.- PUNO,PAP HUANCANE,PAP,OPERATIVO,08:45 a 16:45,NO,NO,SI,SI,SI,NO,SI,SI,Moquegua N° 104 - Barrio Progreso
336,556,PUNO,LAMPA,LAMPA,11.- PUNO,PAP LAMPA,PAP,OPERATIVO,08:45 a 16:45,NO,NO,SI,SI,SI,NO,SI,SI,Alfonso Ugarte N° 343
337,557,PUNO,MELGAR,AYAVIRI,11.- PUNO,PAP MELGAR,PAP,OPERATIVO,08:45 a 16:45,NO,NO,SI,SI,SI,NO,SI,SI,Jorge Chavez N°  550
338,558,PUNO,SANDIA,SANDIA,11.- PUNO,PAP SANDIA,PAP,OPERATIVO,08:45 a 16:45,NO,NO,SI,SI,SI,NO,SI,SI,Juliaca S/N - Mercado Central Sandia
339,559,PUNO,SAN ROMAN,JULIACA,11.- PUNO,AG SAN ROMAN,AG,OPERATIVO,08:45 a 16:45,SI,SI,SI,SI,SI,NO,SI,SI,Brascesco N° 181 
340,560,PUNO,YUNGUYO,YUNGUYO,11.- PUNO,PAP YUNGUYO,PAP,OPERATIVO,08:45 a 16:45,NO,NO,SI,SI,SI,NO,SI,SI,Grau Nº 240
341,561,PUNO,SAN ANTONIO DE PUTINA,PUTINA,11.- PUNO,PAP PUTINA,PAP,OPERATIVO,08:45 a 16:45,NO,NO,SI,SI,SI,NO,SI,SI,Plaza de Armas S/N (Palacio Municipal)
342,562,PUNO,EL COLLAO,ILAVE,11.- PUNO,PAP EL COLLAO,PAP,OPERATIVO,08:45 a 16:45,NO,NO,SI,SI,SI,NO,SI,SI,Bolognesi S/N - Coliseo Cubierto Ilave Oficina N° 02
343,563,PUNO,MOHO,MOHO,11.- PUNO,PAP MOHO,PAP,DESPLAZAMIENTO,"08:15 a 13.00
(Domingos)",NO,NO,SI,SI,SI,NO,NO,NO,Circunvalación S/N Terminal Terrestre
344,634,PUNO,AZANGARO,AZANGARO,11.- PUNO,ORA CARLOS CORNEJO ROSELLO,ORA,OPERATIVO,08:45 a 16:45,SI,NO,NO,SI,SI,SI,NO,NO,Francisco Bolognesi N° 557
345,635,PUNO,CHUCUITO,JULI,11.- PUNO,ORA JULI,ORA,OPERATIVO,08:45 a 16:45,SI,NO,NO,SI,SI,SI,NO,NO,Panamericana S/N
346,636,PUNO,HUANCANE,HUANCANE,11.- PUNO,ORA HOSPITAL LUCIO ALDAZABAL PAUCA,ORA,OPERATIVO,08:45 a 16:45,SI,NO,NO,SI,SI,SI,NO,NO,Santa Cruz S/N
347,637,PUNO,MELGAR,AYAVIRI,11.- PUNO,ORA SAN JUAN DE DIOS (AYAVIRI),ORA,OPERATIVO,08:45 a 16:45,SI,NO,NO,SI,SI,SI,NO,NO,Progreso S/N
348,759,PUNO,SAN ROMÁN,JULIACA,11.- PUNO,ORA CENTRO DE SALUD CLAS SANTA ADRIANA,ORA,OPERATIVO,08:45 a 16:45,SI,NO,NO,SI,SI,SI,NO,NO,Pachacutec S/N
349,792,PUNO,SAN ROMÁN,SAN MIGUEL,11.- PUNO,PAP SAN MIGUEL - JR11,PAP,OPERATIVO,08:45 a 16:45,NO,NO,SI,SI,SI,NO,NO,NO,Palacio Municipal S/N
350,18,ICA,ICA,ICA,12.- ICA,ORA REGIONAL DE ICA (MINSA),ORA,OPERATIVO,08:45 a 16:30,SI,NO,NO,SI,SI,SI,NO,NO,Huacachina S/N
351,125,AYACUCHO,LUCANAS,PUQUIO,12.- ICA,AG LUCANAS,AG,OPERATIVO,08:45 a 16:45,NO,NO,SI,SI,SI,NO,SI,SI,San Pedro  Nº 216
352,126,AYACUCHO,PARINACOCHAS,CORACORA,12.- ICA,AG PARINACOCHAS,AG,OPERATIVO,08:45 a 16:45,NO,NO,SI,SI,SI,NO,SI,SI,Bolognesi N° 419 Plaza de Armas
353,150,ICA,ICA,PARCONA,12.- ICA,PAP PARCONA,PAP,OPERATIVO,08:45 a 16:45,NO,NO,SI,SI,SI,NO,SI,SI,Jhon F. Kennedy N° 500 con Calle Lima S/N (Costado del Palacio Municipal)
354,271,ICA,ICA,ICA,12.- ICA,OR ICA,OR,OPERATIVO,08:45 a 16:45,SI,SI,SI,SI,SI,NO,SI,SI,San Martin N° 1366 Mz. M-02 Lt. 035. Urb. San Isidro 
355,272,ICA,CHINCHA,CHINCHA ALTA,12.- ICA,AG CHINCHA,AG,OPERATIVO,08:45 a 16:45,SI,SI,SI,SI,SI,NO,SI,SI,Los Angeles N° 300
356,273,ICA,NASCA,NASCA,12.- ICA,AG NASCA,AG,OPERATIVO,08:45 a 16:45,SI,SI,SI,SI,SI,NO,SI,SI,Fermin del Castillo N° 270
357,274,ICA,PISCO,PISCO,12.- ICA,AG PISCO,AG,OPERATIVO,08:45 a 16:45,SI,SI,SI,SI,SI,NO,SI,SI,San Juan de Dios N° 288
358,275,ICA,PALPA,PALPA,12.- ICA,AG PALPA,AG,OPERATIVO,08:45 a 16:45,NO,NO,SI,SI,SI,NO,SI,SI,Portal de Escribanos Nº 145
359,346,AYACUCHO,LUCANAS,PUQUIO,12.- ICA,ORA FELIPE HUAMAN POMA DE AYALA (MINSA),ORA,OPERATIVO,08:45 a 16:30,SI,NO,NO,SI,SI,SI,NO,NO,Arnaldo Alvarado S/N 
360,347,AYACUCHO,PARINACOCHAS,CORACORA,12.- ICA,ORA HOSPITAL DE APOYO DE CORACORA (MINSA),ORA,OPERATIVO,08:45 a 16:30,SI,NO,NO,SI,SI,SI,NO,NO,La Cultura S/N
361,354,ICA,ICA,ICA,12.- ICA,ORA SANTA MARIA DEL SOCORRO (MINSA),ORA,OPERATIVO,08:45 a 16:30,SI,NO,NO,SI,SI,SI,NO,NO,Castrovirreyna N° 759
362,355,ICA,PISCO,PISCO,12.- ICA,ORA SAN JUAN DE DIOS (MINSA),ORA,OPERATIVO,08:45 a 16:30,SI,NO,NO,SI,SI,SI,NO,NO,Fermín Tanguis S/N (Altura del Fundo Alto de la Luna)
363,356,ICA,CHINCHA,CHINCHA ALTA,12.- ICA,ORA SAN JOSE DE CHINCHA (MINSA),ORA,OPERATIVO,08:45 a 16:30,SI,NO,NO,SI,SI,SI,NO,NO,Abelardo Alva Maurtua Nº 600
364,507,ICA,NASCA,NASCA,12.- ICA,ORA HOSPITAL DE APOYO DE NASCA (MINSA),ORA,OPERATIVO,08:45 a 16:30,SI,NO,NO,SI,SI,SI,NO,NO,Callao S/N - 5ta Cuadra
365,233,ICA,ICA,ICA,12.- ICA,ORA AUGUSTO HERNANDEZ MENDOZA (ESSALUD),ORA,OPERATIVO,08:45 a 16:30,SI,NO,NO,SI,SI,SI,NO,NO,Av. José Matias Manzanilla S/N
366,143,UCAYALI,CORONEL PORTILLO,CALLERIA,13.- PUCALLPA,ORA HOSPITAL REGIONAL DE PUCALLPA (MINSA),ORA,OPERATIVO,08:45 a 16:30,SI,NO,NO,SI,SI,SI,NO,NO,Agustin Cauper N° 285
367,248,HUANUCO,PUERTO INCA,PUERTO INCA,13.- PUCALLPA,PAP PUERTO INCA,PAP,OPERATIVO,08:45 a 16:45,NO,NO,SI,SI,SI,NO,NO,NO,Vulcano S/N
368,337,UCAYALI,CORONEL PORTILLO,YARINACOCHA,13.- PUCALLPA,ORA HOSPITAL AMAZÓNICO - YARINACOCHA (MINSA),ORA,OPERATIVO,08:45 a 16:30,SI,NO,NO,SI,SI,SI,NO,NO,Aguaytia N° 605
369,435,LORETO,UCAYALI,CONTAMANA,13.- PUCALLPA,PAP CONTAMANA,PAP,OPERATIVO,08:45 a 16:45,SI,SI,SI,SI,SI,NO,SI,SI,Nuevo Loreto Mz.38C  Lt.5B
370,542,UCAYALI,PADRE ABAD,IRAZOLA ,13.- PUCALLPA,AG IRAZOLA ,AG,OPERATIVO,08:45 a 16:45,SI,NO,SI,SI,SI,NO,NO,SI,Jr. Progreso S/N 
371,701,UCAYALI,CORONEL PORTILLO,CALLERIA,13.- PUCALLPA,OR PUCALLPA,OR,OPERATIVO,08:45 a 16:45,SI,SI,SI,SI,SI,SI,SI,SI,"09 de Diciembre N° 378 y Tacna Nº 891 Mz. 07 Lt. Acumulado 1-B, independiente."
372,702,UCAYALI,PADRE ABAD,PADRE ABAD,13.- PUCALLPA,PAP PADRE ABAD,PAP,OPERATIVO,08:45 a 16:45,SI,SI,SI,SI,SI,NO,SI,SI,Jr. Grau Nº 214
373,703,UCAYALI,ATALAYA,RAIMONDI,13.- PUCALLPA,PAP ATALAYA,PAP,OPERATIVO,08:45 a 16:45,NO,NO,SI,SI,SI,NO,NO,NO,Rioja Nº 659
374,723,UCAYALI,ATALAYA,TAHUANIA,13.- PUCALLPA,PAP TAHUANIA,PAP,OPERATIVO,08:45 a 16:45,NO,NO,SI,SI,SI,NO,NO,NO,7 de Junio  S/N
375,828,UCAYALI,CORONEL PORTILLO,CALLERIA,13.- PUCALLPA,MAC - UCAYALI,MAC,OPERATIVO,08:30 a 16:30,SI,SI,SI,SI,SI,NO,SI,SI,Centenario 1642 (2do piso) Centro Comercial Real Plaza
376,15,HUANCAVELICA,HUANCAVELICA,IZCUCHACA,14.- HUANCAVELICA,PAP IZCUCHACA,PAP,OPERATIVO,08:45 a 16:45,NO,NO,SI,SI,SI,NO,SI,SI,Ferrocarril  S/N 
377,16,HUANCAVELICA,ACOBAMBA,PAUCARA,14.- HUANCAVELICA,PAP PAUCARA,PAP,OPERATIVO,08:45 a 16:45,NO,NO,SI,SI,SI,NO,SI,SI,Plaza Mayor S/N
378,20,HUANCAVELICA,HUANCAVELICA,HUANCAVELICA,14.- HUANCAVELICA,ORA HOSPITAL REGIONAL ZACARIAS CORREA VALDIVIA (MINSA),ORA,OPERATIVO,08:45 a 16:45,SI,NO,NO,SI,NO,SI,NO,NO,Andrés Avelino Cáceres S/N - Barrio Yananaco
379,618,HUANCAVELICA,HUANCAVELICA,HUANCAVELICA,14.- HUANCAVELICA,ORA HUANDO (MINSA),ORA,OPERATIVO,08:45 a 16:45,SI,NO,NO,SI,SI,SI,NO,NO,Cementerio s/n
380,62,HUANCAVELICA,HUANCAVELICA,ASCENSIÓN,14.- HUANCAVELICA,ORA HOSPITAL II HUANCAVELICA (ESSALUD),ORA,OPERATIVO,08:45 a 16:45,SI,NO,NO,SI,NO,SI,NO,NO,Teresa de Jurnet S/N
381,221,HUANCAVELICA,HUANCAVELICA,HUANCAVELICA,14.- HUANCAVELICA,OR HUANCAVELICA,OR,OPERATIVO,08:45 a 16:45,SI,SI,SI,SI,SI,SI,SI,SI,"Av. San Cristóbal Nº 384, 386 y 388"
382,222,HUANCAVELICA,ACOBAMBA,ACOBAMBA,14.- HUANCAVELICA,OR ACOBAMBA,OR,OPERATIVO,08:45 a 16:45,SI,SI,SI,SI,SI,SI,SI,SI,Dos De Mayo N° 459
383,223,HUANCAVELICA,ANGARAES,LIRCAY,14.- HUANCAVELICA,OR ANGARAES,OR,OPERATIVO,08:45 a 16:45,SI,SI,SI,SI,SI,SI,SI,SI,Centenario S/N - Barrio de Pueblo Nuevo - Dentro del Centro Civico
384,224,HUANCAVELICA,CASTROVIRREYNA,CASTROVIRREYNA,14.- HUANCAVELICA,OR CASTROVIRREYNA,OR,OPERATIVO,08:45 a 16:45,SI,SI,SI,SI,SI,SI,SI,SI,Los Libertadores S/N
385,225,HUANCAVELICA,TAYACAJA,PAMPAS,14.- HUANCAVELICA,OR TAYACAJA,OR,OPERATIVO,08:45 a 16:45,NO,SI,SI,SI,SI,SI,SI,SI,Manco Capac S/N con Jirón Alfonso Ugarte Cordova y Necochea - Coliseo Multiuso
386,226,HUANCAVELICA,HUAYTARA,HUAYTARA,14.- HUANCAVELICA,OR HUAYTARA,OR,OPERATIVO,08:45 a 16:45,SI,SI,SI,SI,SI,SI,SI,SI,24 de Junio S/N - 2do piso Centro Cívico 
387,227,HUANCAVELICA,CHURCAMPA,CHURCAMPA,14.- HUANCAVELICA,OR CHURCAMPA,OR,OPERATIVO,08:45 a 16:45,SI,SI,SI,SI,SI,SI,SI,SI,Real N° 255
388,362,HUANCAVELICA,TAYACAJA,PAMPAS,14.- HUANCAVELICA,ORA HOSPITAL DE PAMPAS (MINSA),ORA,OPERATIVO,08:45 a 16:45,SI,NO,NO,SI,SI,SI,NO,NO,Bolívar S/N 
389,467,HUANCAVELICA,ANGARAES,LIRCAY,14.- HUANCAVELICA,ORA LIRCAY (MINSA),ORA,DESPLAZAMIENTO,08:45 a 16:45,SI,NO,NO,SI,SI,SI,NO,NO,Esmeralda S/N
390,498,HUANCAVELICA,TAYACAJA,SURCUBAMBA,14.- HUANCAVELICA,AG SURCUBAMBA,AG,OPERATIVO,08:45 a 16:45,NO,NO,SI,SI,SI,NO,SI,SI,Alfonso Ugarte S/N
391,510,HUANCAVELICA,TAYACAJA,COLCABAMBA,14.- HUANCAVELICA,AG COLCABAMBA,AG,OPERATIVO,08:45 a 16:45,NO,NO,SI,SI,SI,NO,SI,SI,Av. Centenario S/N
392,598,HUANCAVELICA,HUANCAVELICA,YAULI,14.- HUANCAVELICA,ORA YAULI (MINSA),ORA,OPERATIVO,08:45 a 16:45,SI,NO,NO,SI,SI,SI,NO,NO,Jorge Chávez S/N
393,468,HUANCAVELICA,ACOBAMBA,PAUCARA,14.- HUANCAVELICA,ORA PAUCARA (MINSA),ORA,OPERATIVO,08:45 a 16:45,SI,NO,NO,SI,SI,SI,NO,NO,Lircay s/n
394,651,HUANCAVELICA,CHURCAMPA,CHURCAMPA,14.- HUANCAVELICA,ORA CHURCAMPA (MINSA),ORA,DESPLAZAMIENTO,08:45 a 16:45,SI,NO,NO,SI,SI,SI,NO,NO,Ricardo Palma N° 535 (Instalaciones del Centro de Salud)
395,59,PASCO,PASCO,YANACANCHA,15.- HUANUCO,ORA DR. DANIEL ALCIDES CARRION GARCIA (MINSA),ORA,OPERATIVO,08:45 a 16:45,SI,NO,NO,SI,SI,SI,NO,NO,Los Incas S/N Urb. San Juan
396,115,PASCO,OXAPAMPA,PUERTO BERMUDEZ,15.- HUANUCO,PAP PUERTO BERMÚDEZ,PAP,OPERATIVO,08:45 a 16:45,SI,NO,SI,SI,SI,NO,SI,SI,Remigio Morales Bermúdez S/N
397,116,PASCO,PASCO,HUARIACA,15.- HUANUCO,PAP HUARIACA,PAP,OPERATIVO,08:45 a 16:45,NO,NO,SI,SI,SI,NO,NO,NO,28 de Julio Nº 129
398,144,HUANUCO,HUANUCO,HUÁNUCO,15.- HUANUCO,ORA HOSPITAL REGIONAL HERMILIO VALDIZAN (MINSA),ORA,OPERATIVO,08:45 a 16:45,SI,NO,NO,SI,SI,SI,NO,NO,Hermilio Valdizan Nº 950
399,170,PASCO,PASCO,PAUCARTAMBO,15.- HUANUCO,PAP PAUCARTAMBO,PAP,OPERATIVO,08:45 a 16:45,NO,NO,SI,SI,SI,NO,SI,SI,Plaza 28 de Julio S/N
400,241,HUANUCO,HUANUCO,HUÁNUCO,15.- HUANUCO,OR HUANUCO,OR,OPERATIVO,08:45 a 16:45,SI,SI,SI,SI,SI,SI,SI,SI,28 de Julio N° 825
401,242,HUANUCO,AMBO,AMBO,15.- HUANUCO,PAP AMBO,PAP,OPERATIVO,08:45 a 16:45,SI,NO,SI,SI,SI,NO,NO,NO,"28 de Julio 697, Centro Cívico"
402,243,HUANUCO,DOS DE MAYO,LA UNION,15.- HUANUCO,PAP DOS DE MAYO,PAP,OPERATIVO,08:45 a 16:45,NO,NO,SI,SI,SI,NO,NO,NO,Lourdes N° 221
403,244,HUANUCO,HUAMALIES,LLATA,15.- HUANUCO,PAP HUAMALIES,PAP,OPERATIVO,08:45 a 16:45,SI,NO,SI,SI,SI,NO,NO,NO,Huánuco N° 242
404,245,HUANUCO,MARAÑON,HUACRACHUCO,15.- HUANUCO,PAP MARAÑON,PAP,OPERATIVO,08:45 a 16:45,NO,NO,SI,SI,SI,NO,SI,SI,28 De Julio N° 602 
405,246,HUANUCO,LEONCIO PRADO,RUPA-RUPA,15.- HUANUCO,PAP LEONCIO PRADO,PAP,OPERATIVO,08:45 a 16:45,SI,SI,SI,SI,SI,SI,SI,SI,Chiclayo N° 585
406,247,HUANUCO,PACHITEA,PANAO,15.- HUANUCO,PAP PACHITEA,PAP,OPERATIVO,08:45 a 16:45,SI,SI,SI,SI,SI,NO,SI,SI,Espinar N° 121
407,250,HUANUCO,LAURICOCHA,JESÚS,15.- HUANUCO,PAP LAURICOCHA,PAP,OPERATIVO,08:45 a 16:45,NO,NO,SI,SI,SI,NO,NO,NO,Cristobal Colon S/N
408,251,HUANUCO,YAROWILCA,CHAVINILLO,15.- HUANUCO,PAP YAROWILCA,PAP,OPERATIVO,08:45 a 16:45,NO,NO,SI,SI,SI,NO,SI,SI,Virgen de Fátima S/N
409,340,PASCO,PASCO,CHAUPIMARCA,15.- HUANUCO,ORA HOSPITAL II PASCO (ESSALUD),ORA,OPERATIVO,08:45 a 16:45,SI,NO,NO,SI,SI,SI,NO,NO,Barrio Buenos Aires S/N
410,365,HUANUCO,PACHITEA,PANAO,15.- HUANUCO,ORA PANAO (MINSA),ORA,OPERATIVO,08:45 a 16:45,SI,NO,NO,SI,SI,SI,NO,NO,Grau Nº 193
411,366,HUANUCO,LEONCIO PRADO,RUPA-RUPA,15.- HUANUCO,ORA HOSPITAL TINGO MARIA (MINSA),ORA,OPERATIVO,08:45 a 16:45,SI,NO,NO,SI,SI,SI,NO,NO,Mapresa S/N Luyando
412,367,HUANUCO,LEONCIO PRADO,JOSÉ CRESPO Y CASTILLO,15.- HUANUCO,ORA AUCAYACU (MINSA),ORA,OPERATIVO,08:45 a 16:45,SI,NO,NO,SI,SI,SI,NO,NO,Grau S/N cuadra 4
413,368,HUANUCO,HUAMALIES,LLATA,15.- HUANUCO,ORA LLATA (MINSA),ORA,OPERATIVO,08:45 a 16:45,SI,NO,NO,SI,SI,SI,NO,NO,28 de Julio N° 216
414,451,HUANUCO,DOS DE MAYO,LA UNION,15.- HUANUCO,ORA LA UNION (MINSA),ORA,OPERATIVO,08:45 a 16:45,SI,NO,NO,SI,SI,SI,NO,NO,Dos de Mayo N° 185
415,477,HUANUCO,LEONCIO PRADO,JOSÉ CRESPO Y CASTILLO,15.- HUANUCO,PAP JOSE CRESPO Y CASTILLO,PAP,OPERATIVO,08:45 a 16:45,SI,NO,SI,SI,SI,NO,SI,SI,Maria Parado de Bellido S/N Cuadra 4
416,501,PASCO,PASCO,YANACANCHA,15.- HUANUCO,AG PASCO,AG,OPERATIVO,08:45 a 16:45,SI,SI,SI,SI,SI,SI,SI,SI,"Centro Comercial ""Sector Dos de San Juan Pampa Edif. 4 Tienda 3 San Juan-Yanacancha"
417,502,PASCO,DANIEL ALCIDES CARRION,YANAHUANCA,15.- HUANUCO,PAP DANIEL ALCIDES CARRIÓN,PAP,OPERATIVO,08:45 a 16:45,NO,NO,SI,SI,SI,NO,SI,SI,Jorge Chavez S/N Plaza Principal
418,503,PASCO,OXAPAMPA,OXAPAMPA,15.- HUANUCO,PAP OXAPAMPA,PAP,OPERATIVO,08:45 a 16:45,SI,SI,SI,SI,SI,SI,SI,SI,Huancabamba S/N Mz. 162 Estadio Municipal Oxapampa
419,580,PASCO,OXAPAMPA,PALCAZÚ,15.- HUANUCO,AG PALCAZU,AG,OPERATIVO,08:45 a 16:45,SI,NO,SI,SI,SI,NO,NO,NO,Juan Santos Atahualpa Mz. U Lt. 01
420,588,SAN MARTIN,TOCACHE,TOCACHE,15.- HUANUCO,PAP TOCACHE,PAP,OPERATIVO,08:45 a 16:45,SI,SI,SI,SI,SI,SI,SI,SI,San Juan Cdra 7 S/N Centro Cívico
421,596,HUANUCO,HUANUCO,CHINCHAO,15.- HUANUCO,ORA ACOMAYO (MINSA),ORA,OPERATIVO,08:45 a 16:45,SI,NO,NO,SI,SI,SI,NO,NO,Iguarizo S/N Mz. 6 Lt. 02
422,650,SAN MARTIN,TOCACHE,TOCACHE,15.- HUANUCO,ORA HOSPITAL DE TOCACHE (MINSA),ORA,OPERATIVO,08:45 a 16:45,SI,NO,NO,SI,SI,SI,NO,NO,Ricardo Palma N° 550
423,653,HUANUCO,HUANUCO,SANTA MARIA DEL VALLE,15.- HUANUCO,ORA SANTA MARIA DEL VALLE (MINSA),ORA,DESPLAZAMIENTO,08:45 a 16:45,SI,NO,NO,SI,SI,SI,NO,NO,Libertad  S/N Intersección Carretera Central 
424,749,HUANUCO,HUANUCO ,AMARILIS ,15.- HUANUCO,ORA CARLOS SHOWING FERRARI (MINSA),ORA,OPERATIVO,08:45 a 16:45,SI,NO,NO,SI,SI,SI,NO,NO,Micaela Bastidas S/N Paucarbamba 
425,660,PASCO,OXAPAMPA,OXAPAMPA,15.- HUANUCO,ORA HOSPITAL ERNESTO GERMAN GUZMAN GONZALES (MINSA),ORA,OPERATIVO,08:45 a 16:45,SI,NO,NO,SI,SI,SI,NO,NO,Eduardo Loechle S/N - Chontabamba
426,802,HUANUCO,HUANUCO,HUANUCO,15.- HUANUCO,MAC - HUANUCO,MAC,OPERATIVO,08:30 a 16:30,SI,SI,SI,SI,SI,SI,SI,SI,"Independencia N° 1601, Centro Comercial Real Plaza, Primer Piso"
427,597,HUANUCO,PACHITEA,UMARI,15.- HUANUCO,ORA TAMBILLO UMARI (MINSA),ORA,DESPLAZAMIENTO,08:45 a 16:45,SI,NO,NO,SI,SI,SI,NO,NO,Huanuco - Panao Km 37
428,644,HUANUCO,YAROWILCA,CHAVINILLO,15.- HUANUCO,ORA CHAVINILLO (MINSA),ORA,OPERATIVO,08:45 a 16:45,SI,NO,NO,SI,SI,SI,NO,NO,San Juan N° 102
429,1,AMAZONAS,CHACHAPOYAS,CHACHAPOYAS,16.- AMAZONAS,OR CHACHAPOYAS,OR,OPERATIVO,08:45 a 16:45,SI,SI,SI,SI,SI,NO,SI,SI,Triunfo Nº 903 1° Piso
430,2,AMAZONAS,BAGUA,BAGUA,16.- AMAZONAS,PAP BAGUA,PAP,OPERATIVO,08:45 a 16:45,SI,SI,SI,SI,SI,NO,SI,SI,Los Cedros Nº 263
431,3,AMAZONAS,BONGARA,JAZAN,16.- AMAZONAS,AG BONGARA,AG,OPERATIVO,08:45 a 16:45,NO,NO,SI,SI,SI,NO,SI,SI,Marginal  Nº 100 -Pedro Ruíz
432,6,AMAZONAS,CONDORCANQUI,NIEVA,16.- AMAZONAS,PAP CONDORCANQUI,PAP,OPERATIVO,08:45 a 16:45,SI,NO,SI,SI,SI,NO,SI,SI,Gonzalo puerta S/N
433,7,AMAZONAS,UTCUBAMBA,BAGUA GRANDE,16.- AMAZONAS,PAP UTCUBAMBA,PAP,OPERATIVO,08:45 a 16:45,SI,SI,SI,SI,SI,NO,SI,SI,Simón Bolivar N° 545
434,158,CAJAMARCA,JAEN,JAEN,16.- AMAZONAS,OR JAEN,OR,OPERATIVO,08:45 a 16:45,SI,SI,SI,SI,SI,NO,SI,SI,Mariscal Ureta Nº 915
435,161,CAJAMARCA,SAN IGNACIO,SAN IGNACIO,16.- AMAZONAS,PAP SAN IGNACIO,PAP,OPERATIVO,08:45 a 16:45,NO,NO,SI,SI,SI,NO,SI,SI,Santo Domingo Nº 169
436,234,AMAZONAS,BAGUA,IMAZA,16.- AMAZONAS,OR IMAZA,OR,OPERATIVO,08:45 a 16:45,SI,SI,SI,SI,SI,SI,SI,SI,Awajun 751 Centro Poblado Chiriaco
437,363,AMAZONAS,CHACHAPOYAS,CHACHAPOYAS,16.- AMAZONAS,ORA HOSPITAL REGIONAL VIRGEN DE FATIMA (MINSA),ORA,OPERATIVO,08:45 a 16:45,SI,SI,NO,SI,SI,SI,NO,NO,Daniel Alcides Carrión N° 035
438,452,AMAZONAS,BAGUA,BAGUA,16.- AMAZONAS,ORA HOSPITAL DE APOYO GUSTAVO LANATTA LUJAN (MINSA),ORA,OPERATIVO,08:45 a 16:45,SI,SI,NO,SI,SI,SI,NO,NO,Héroes de Cenepa N°980
439,453,CAJAMARCA,JAEN,JAEN,16.- AMAZONAS,ORA HOSPITAL GENERAL DE JAEN (MINSA),ORA,OPERATIVO,08:45 a 16:45,SI,SI,NO,SI,SI,SI,NO,NO,Huamantanga s/n
440,471,AMAZONAS,BAGUA,IMAZA,16.- AMAZONAS,ORA CHIRIACO (MINSA),ORA,OPERATIVO PARCIAL,08:45 a 16:45,SI,SI,NO,SI,SI,SI,NO,NO,Junin S/N
441,472,AMAZONAS,UTCUBAMBA,BAGUA GRANDE,16.- AMAZONAS,ORA HOSPITAL DE APOYO SANTIAGO APOSTOL DE UTCUBAMBA (MINSA),ORA,OPERATIVO,08:45 a 16:45,SI,SI,NO,SI,SI,SI,NO,NO,San Felipe Santiago N°111
442,476,CAJAMARCA,SAN IGNACIO,SAN IGNACIO,16.- AMAZONAS,ORA SAN IGNACIO (MINSA),ORA,OPERATIVO,08:45 a 16:45,SI,SI,NO,SI,SI,SI,NO,NO,"Abelardo Quiñones S/N, Sector Santiago"
443,619,AMAZONAS,BONGARA,FLORIDA,16.- AMAZONAS,ORA POMACOCHAS (MINSA),ORA,OPERATIVO,08:45 a 16:45,SI,SI,NO,SI,SI,SI,NO,NO,Pomacochas S/N 
444,344,AMAZONAS,CONDORCANQUI,NIEVA,16.- AMAZONAS,ORA SANTA MARIA DE NIEVA (MINSA),ORA,OPERATIVO,08:45 a 16:45,SI,SI,NO,SI,SI,SI,NO,NO,"Javier Pérez de Cuellar S/N 
Mz. N Lt. 03 Asent.Humano Héctor Peas Tsegkuan"
445,652,AMAZONAS,UTCUBAMBA,LONYA GRANDE,16.- AMAZONAS,ORA LONYA GRANDE (MINSA),ORA,OPERATIVO,08:45 a 16:45,SI,SI,NO,SI,SI,SI,NO,NO,Alto Amazonas 340
446,475,AMAZONAS,CONDORCANQUI,RIO SANTIAGO,16.- AMAZONAS,ORA GALILEA (MINSA),ORA,OPERATIVO,08:45 a 16:45,SI,SI,NO,SI,SI,SI,NO,NO,La Amistad S/N
,,,,,,,,,,,,,,,,,,
,,,,,,,,,,,,,,,,,,
,,,,,,,,,,,,,,,,,,
,,,,,,,,,,,,,,,,,,
,,,,,,,,,,,,,,,,,,
,,,,,,,,,,,,,,,,,,
,,,,,,,,,,,,,,,,,,
,,,,,,,,,,,,,,,,,,
,,,,,,,,,,,,,,,,,,
,,,,,,,,,,,,,,,,,,
,,,,,,,,,,,,,,,,,,
,,,,,,,,,,,,,,,,,,
,,,,,,,,,,,,,,,,,,
,,,,,,,,,,,,,,,,,,
,,,,,,,,,,,,,,,,,,
,,,,,,,,,,,,,,,,,,
,,,,,,,,,,,,,,,,,,
,,,,,,,,,,,,,,,,,,
,,,,,,,,,,,,,,,,,,
,,,,,,,,,,,,,,,,,,
,,,,,,,,,,,,,,,,,,
,,,,,,,,,,,,,,,,,,
,,,,,,,,,,,,,,,,,,
,,,,,,,,,,,,,,,,,,
,,,,,,,,,,,,,,,,,,
,,,,,,,,,,,,,,,,,,
,,,,,,,,,,,,,,,,,,
,,,,,,,,,,,,,,,,,,
,,,,,,,,,,,,,,,,,,
,,,,,,,,,,,,,,,,,,
,,,,,,,,,,,,,,,,,,
,,,,,,,,,,,,,,,,,,
,,,,,,,,,,,,,,,,,,
,,,,,,,,,,,,,,,,,,
,,,,,,,,,,,,,,,,,,
,,,,,,,,,,,,,,,,,,
,,,,,,,,,,,,,,,,,,
,,,,,,,,,,,,,,,,,,
,,,,,,,,,,,,,,,,,,
,,,,,,,,,,,,,,,,,,
,,,,,,,,,,,,,,,,,,
,,,,,,,,,,,,,,,,,,
,,,,,,,,,,,,,,,,,,
,,,,,,,,,,,,,,,,,,
,,,,,,,,,,,,,,,,,,
,,,,,,,,,,,,,,,,,,
,,,,,,,,,,,,,,,,,,
,,,,,,,,,,,,,,,,,,
,,,,,,,,,,,,,,,,,,
,,,,,,,,,,,,,,,,,,
,,,,,,,,,,,,,,,,,,
,,,,,,,,,,,,,,,,,,
,,,,,,,,,,,,,,,,,,
,,,,,,,,,,,,,,,,,,
,,,,,,,,,,,,,,,,,,
,,,,,,,,,,,,,,,,,,
,,,,,,,,,,,,,,,,,,
,,,,,,,,,,,,,,,,,,
,,,,,,,,,,,,,,,,,,
,,,,,,,,,,,,,,,,,,
,,,,,,,,,,,,,,,,,,
,,,,,,,,,,,,,,,,,,
,,,,,,,,,,,,,,,,,,
,,,,,,,,,,,,,,,,,,
,,,,,,,,,,,,,,,,,,
,,,,,,,,,,,,,,,,,,
,,,,,,,,,,,,,,,,,,
,,,,,,,,,,,,,,,,,,
,,,,,,,,,,,,,,,,,,
,,,,,,,,,,,,,,,,,,
,,,,,,,,,,,,,,,,,,
,,,,,,,,,,,,,,,,,,
,,,,,,,,,,,,,,,,,,
,,,,,,,,,,,,,,,,,,
,,,,,,,,,,,,,,,,,,
,,,,,,,,,,,,,,,,,,
,,,,,,,,,,,,,,,,,,
,,,,,,,,,,,,,,,,,,
,,,,,,,,,,,,,,,,,,
,,,,,,,,,,,,,,,,,,
,,,,,,,,,,,,,,,,,,
,,,,,,,,,,,,,,,,,,
,,,,,,,,,,,,,,,,,,
,,,,,,,,,,,,,,,,,,
,,,,,,,,,,,,,,,,,,
,,,,,,,,,,,,,,,,,,
,,,,,,,,,,,,,,,,,,
,,,,,,,,,,,,,,,,,,
,,,,,,,,,,,,,,,,,,
,,,,,,,,,,,,,,,,,,
,,,,,,,,,,,,,,,,,,
,,,,,,,,,,,,,,,,,,
,,,,,,,,,,,,,,,,,,
,,,,,,,,,,,,,,,,,,
,,,,,,,,,,,,,,,,,,
,,,,,,,,,,,,,,,,,,
,,,,,,,,,,,,,,,,,,
,,,,,,,,,,,,,,,,,,
,,,,,,,,,,,,,,,,,,
,,,,,,,,,,,,,,,,,,
,,,,,,,,,,,,,,,,,,
,,,,,,,,,,,,,,,,,,
,,,,,,,,,,,,,,,,,,
,,,,,,,,,,,,,,,,,,
,,,,,,,,,,,,,,,,,,
,,,,,,,,,,,,,,,,,,
,,,,,,,,,,,,,,,,,,
,,,,,,,,,,,,,,,,,,
,,,,,,,,,,,,,,,,,,
,,,,,,,,,,,,,,,,,,
,,,,,,,,,,,,,,,,,,
,,,,,,,,,,,,,,,,,,
,,,,,,,,,,,,,,,,,,
,,,,,,,,,,,,,,,,,,
,,,,,,,,,,,,,,,,,,
,,,,,,,,,,,,,,,,,,
,,,,,,,,,,,,,,,,,,
,,,,,,,,,,,,,,,,,,
,,,,,,,,,,,,,,,,,,
,,,,,,,,,,,,,,,,,,
,,,,,,,,,,,,,,,,,,
,,,,,,,,,,,,,,,,,,
,,,,,,,,,,,,,,,,,,
,,,,,,,,,,,,,,,,,,
,,,,,,,,,,,,,,,,,,
,,,,,,,,,,,,,,,,,,
,,,,,,,,,,,,,,,,,,
,,,,,,,,,,,,,,,,,,
,,,,,,,,,,,,,,,,,,
,,,,,,,,,,,,,,,,,,
,,,,,,,,,,,,,,,,,,
,,,,,,,,,,,,,,,,,,
,,,,,,,,,,,,,,,,,,
,,,,,,,,,,,,,,,,,,
,,,,,,,,,,,,,,,,,,
,,,,,,,,,,,,,,,,,,
,,,,,,,,,,,,,,,,,,
,,,,,,,,,,,,,,,,,,
,,,,,,,,,,,,,,,,,,
,,,,,,,,,,,,,,,,,,
,,,,,,,,,,,,,,,,,,
,,,,,,,,,,,,,,,,,,
,,,,,,,,,,,,,,,,,,
,,,,,,,,,,,,,,,,,,
,,,,,,,,,,,,,,,,,,
,,,,,,,,,,,,,,,,,,
,,,,,,,,,,,,,,,,,,
,,,,,,,,,,,,,,,,,,
,,,,,,,,,,,,,,,,,,
,,,,,,,,,,,,,,,,,,
,,,,,,,,,,,,,,,,,,
,,,,,,,,,,,,,,,,,,
,,,,,,,,,,,,,,,,,,
,,,,,,,,,,,,,,,,,,
,,,,,,,,,,,,,,,,,,
,,,,,,,,,,,,,,,,,,
,,,,,,,,,,,,,,,,,,
,,,,,,,,,,,,,,,,,,
,,,,,,,,,,,,,,,,,,
,,,,,,,,,,,,,,,,,,
,,,,,,,,,,,,,,,,,,
,,,,,,,,,,,,,,,,,,
,,,,,,,,,,,,,,,,,,
,,,,,,,,,,,,,,,,,,
,,,,,,,,,,,,,,,,,,
,,,,,,,,,,,,,,,,,,
,,,,,,,,,,,,,,,,,,
,,,,,,,,,,,,,,,,,,
,,,,,,,,,,,,,,,,,,
,,,,,,,,,,,,,,,,,,
,,,,,,,,,,,,,,,,,,
,,,,,,,,,,,,,,,,,,
,,,,,,,,,,,,,,,,,,
,,,,,,,,,,,,,,,,,,
,,,,,,,,,,,,,,,,,,
,,,,,,,,,,,,,,,,,,
,,,,,,,,,,,,,,,,,,
,,,,,,,,,,,,,,,,,,
,,,,,,,,,,,,,,,,,,
,,,,,,,,,,,,,,,,,,
,,,,,,,,,,,,,,,,,,
,,,,,,,,,,,,,,,,,,
,,,,,,,,,,,,,,,,,,
,,,,,,,,,,,,,,,,,,
,,,,,,,,,,,,,,,,,,
,,,,,,,,,,,,,,,,,,
,,,,,,,,,,,,,,,,,,
,,,,,,,,,,,,,,,,,,
,,,,,,,,,,,,,,,,,,
,,,,,,,,,,,,,,,,,,
,,,,,,,,,,,,,,,,,,
,,,,,,,,,,,,,,,,,,
,,,,,,,,,,,,,,,,,,
,,,,,,,,,,,,,,,,,,
,,,,,,,,,,,,,,,,,,
,,,,,,,,,,,,,,,,,,
,,,,,,,,,,,,,,,,,,
,,,,,,,,,,,,,,,,,,
,,,,,,,,,,,,,,,,,,
,,,,,,,,,,,,,,,,,,
,,,,,,,,,,,,,,,,,,
,,,,,,,,,,,,,,,,,,
,,,,,,,,,,,,,,,,,,
,,,,,,,,,,,,,,,,,,
,,,,,,,,,,,,,,,,,,
,,,,,,,,,,,,,,,,,,
,,,,,,,,,,,,,,,,,,
,,,,,,,,,,,,,,,,,,
,,,,,,,,,,,,,,,,,,
,,,,,,,,,,,,,,,,,,
,,,,,,,,,,,,,,,,,,
,,,,,,,,,,,,,,,,,,
,,,,,,,,,,,,,,,,,,
,,,,,,,,,,,,,,,,,,
,,,,,,,,,,,,,,,,,,
,,,,,,,,,,,,,,,,,,
,,,,,,,,,,,,,,,,,,
,,,,,,,,,,,,,,,,,,
,,,,,,,,,,,,,,,,,,
,,,,,,,,,,,,,,,,,,
,,,,,,,,,,,,,,,,,,
,,,,,,,,,,,,,,,,,,
,,,,,,,,,,,,,,,,,,
,,,,,,,,,,,,,,,,,,
,,,,,,,,,,,,,,,,,,
,,,,,,,,,,,,,,,,,,
,,,,,,,,,,,,,,,,,,
,,,,,,,,,,,,,,,,,,
,,,,,,,,,,,,,,,,,,
,,,,,,,,,,,,,,,,,,
,,,,,,,,,,,,,,,,,,
,,,,,,,,,,,,,,,,,,
,,,,,,,,,,,,,,,,,,
,,,,,,,,,,,,,,,,,,
,,,,,,,,,,,,,,,,,,
,,,,,,,,,,,,,,,,,,
,,,,,,,,,,,,,,,,,,
,,,,,,,,,,,,,,,,,,
,,,,,,,,,,,,,,,,,,
,,,,,,,,,,,,,,,,,,
,,,,,,,,,,,,,,,,,,
,,,,,,,,,,,,,,,,,,
,,,,,,,,,,,,,,,,,,
,,,,,,,,,,,,,,,,,,
,,,,,,,,,,,,,,,,,,
,,,,,,,,,,,,,,,,,,
,,,,,,,,,,,,,,,,,,
,,,,,,,,,,,,,,,,,,
,,,,,,,,,,,,,,,,,,
,,,,,,,,,,,,,,,,,,
,,,,,,,,,,,,,,,,,,
,,,,,,,,,,,,,,,,,,
,,,,,,,,,,,,,,,,,,
,,,,,,,,,,,,,,,,,,
,,,,,,,,,,,,,,,,,,
,,,,,,,,,,,,,,,,,,
,,,,,,,,,,,,,,,,,,
,,,,,,,,,,,,,,,,,,
,,,,,,,,,,,,,,,,,,
,,,,,,,,,,,,,,,,,,
,,,,,,,,,,,,,,,,,,
,,,,,,,,,,,,,,,,,,
,,,,,,,,,,,,,,,,,,
,,,,,,,,,,,,,,,,,,
,,,,,,,,,,,,,,,,,,
,,,,,,,,,,,,,,,,,,
,,,,,,,,,,,,,,,,,,
,,,,,,,,,,,,,,,,,,
,,,,,,,,,,,,,,,,,,
,,,,,,,,,,,,,,,,,,
,,,,,,,,,,,,,,,,,,
,,,,,,,,,,,,,,,,,,
,,,,,,,,,,,,,,,,,,
,,,,,,,,,,,,,,,,,,
,,,,,,,,,,,,,,,,,,
,,,,,,,,,,,,,,,,,,
,,,,,,,,,,,,,,,,,,
,,,,,,,,,,,,,,,,,,
,,,,,,,,,,,,,,,,,,
,,,,,,,,,,,,,,,,,,
,,,,,,,,,,,,,,,,,,
,,,,,,,,,,,,,,,,,,
,,,,,,,,,,,,,,,,,,
,,,,,,,,,,,,,,,,,,
,,,,,,,,,,,,,,,,,,
,,,,,,,,,,,,,,,,,,
,,,,,,,,,,,,,,,,,,
,,,,,,,,,,,,,,,,,,
,,,,,,,,,,,,,,,,,,
,,,,,,,,,,,,,,,,,,
,,,,,,,,,,,,,,,,,,
,,,,,,,,,,,,,,,,,,
,,,,,,,,,,,,,,,,,,
,,,,,,,,,,,,,,,,,,
,,,,,,,,,,,,,,,,,,
,,,,,,,,,,,,,,,,,,
,,,,,,,,,,,,,,,,,,
,,,,,,,,,,,,,,,,,,
,,,,,,,,,,,,,,,,,,
,,,,,,,,,,,,,,,,,,
,,,,,,,,,,,,,,,,,,
,,,,,,,,,,,,,,,,,,
,,,,,,,,,,,,,,,,,,
,,,,,,,,,,,,,,,,,,
,,,,,,,,,,,,,,,,,,
,,,,,,,,,,,,,,,,,,
,,,,,,,,,,,,,,,,,,
,,,,,,,,,,,,,,,,,,
,,,,,,,,,,,,,,,,,,
,,,,,,,,,,,,,,,,,,
,,,,,,,,,,,,,,,,,,
,,,,,,,,,,,,,,,,,,
,,,,,,,,,,,,,,,,,,
,,,,,,,,,,,,,,,,,,
,,,,,,,,,,,,,,,,,,
,,,,,,,,,,,,,,,,,,
,,,,,,,,,,,,,,,,,,
,,,,,,,,,,,,,,,,,,
,,,,,,,,,,,,,,,,,,
,,,,,,,,,,,,,,,,,,
,,,,,,,,,,,,,,,,,,
,,,,,,,,,,,,,,,,,,
,,,,,,,,,,,,,,,,,,
,,,,,,,,,,,,,,,,,,
,,,,,,,,,,,,,,,,,,
,,,,,,,,,,,,,,,,,,
,,,,,,,,,,,,,,,,,,
,,,,,,,,,,,,,,,,,,
,,,,,,,,,,,,,,,,,,
,,,,,,,,,,,,,,,,,,
,,,,,,,,,,,,,,,,,,
,,,,,,,,,,,,,,,,,,
,,,,,,,,,,,,,,,,,,
,,,,,,,,,,,,,,,,,,
,,,,,,,,,,,,,,,,,,
,,,,,,,,,,,,,,,,,,
,,,,,,,,,,,,,,,,,,
,,,,,,,,,,,,,,,,,,
,,,,,,,,,,,,,,,,,,
,,,,,,,,,,,,,,,,,,
,,,,,,,,,,,,,,,,,,
,,,,,,,,,,,,,,,,,,
,,,,,,,,,,,,,,,,,,
,,,,,,,,,,,,,,,,,,
,,,,,,,,,,,,,,,,,,
,,,,,,,,,,,,,,,,,,
,,,,,,,,,,,,,,,,,,
,,,,,,,,,,,,,,,,,,
,,,,,,,,,,,,,,,,,,
,,,,,,,,,,,,,,,,,,
,,,,,,,,,,,,,,,,,,
,,,,,,,,,,,,,,,,,,
,,,,,,,,,,,,,,,,,,
,,,,,,,,,,,,,,,,,,
,,,,,,,,,,,,,,,,,,
,,,,,,,,,,,,,,,,,,
,,,,,,,,,,,,,,,,,,
,,,,,,,,,,,,,,,,,,
,,,,,,,,,,,,,,,,,,
,,,,,,,,,,,,,,,,,,
,,,,,,,,,,,,,,,,,,
,,,,,,,,,,,,,,,,,,
,,,,,,,,,,,,,,,,,,
,,,,,,,,,,,,,,,,,,
,,,,,,,,,,,,,,,,,,
,,,,,,,,,,,,,,,,,,
,,,,,,,,,,,,,,,,,,
,,,,,,,,,,,,,,,,,,
,,,,,,,,,,,,,,,,,,
,,,,,,,,,,,,,,,,,,
,,,,,,,,,,,,,,,,,,
,,,,,,,,,,,,,,,,,,
,,,,,,,,,,,,,,,,,,
,,,,,,,,,,,,,,,,,,
,,,,,,,,,,,,,,,,,,
,,,,,,,,,,,,,,,,,,
,,,,,,,,,,,,,,,,,,
,,,,,,,,,,,,,,,,,,
,,,,,,,,,,,,,,,,,,
,,,,,,,,,,,,,,,,,,
,,,,,,,,,,,,,,,,,,
,,,,,,,,,,,,,,,,,,
,,,,,,,,,,,,,,,,,,
,,,,,,,,,,,,,,,,,,
,,,,,,,,,,,,,,,,,,
,,,,,,,,,,,,,,,,,,
,,,,,,,,,,,,,,,,,,
,,,,,,,,,,,,,,,,,,
,,,,,,,,,,,,,,,,,,
,,,,,,,,,,,,,,,,,,
,,,,,,,,,,,,,,,,,,
,,,,,,,,,,,,,,,,,,
,,,,,,,,,,,,,,,,,,
,,,,,,,,,,,,,,,,,,
,,,,,,,,,,,,,,,,,,
,,,,,,,,,,,,,,,,,,
,,,,,,,,,,,,,,,,,,
,,,,,,,,,,,,,,,,,,
,,,,,,,,,,,,,,,,,,
,,,,,,,,,,,,,,,,,,
,,,,,,,,,,,,,,,,,,
,,,,,,,,,,,,,,,,,,
,,,,,,,,,,,,,,,,,,
,,,,,,,,,,,,,,,,,,
,,,,,,,,,,,,,,,,,,
,,,,,,,,,,,,,,,,,,
,,,,,,,,,,,,,,,,,,
,,,,,,,,,,,,,,,,,,
,,,,,,,,,,,,,,,,,,
,,,,,,,,,,,,,,,,,,
,,,,,,,,,,,,,,,,,,
,,,,,,,,,,,,,,,,,,
,,,,,,,,,,,,,,,,,,
,,,,,,,,,,,,,,,,,,
,,,,,,,,,,,,,,,,,,
,,,,,,,,,,,,,,,,,,
,,,,,,,,,,,,,,,,,,
,,,,,,,,,,,,,,,,,,
,,,,,,,,,,,,,,,,,,
,,,,,,,,,,,,,,,,,,
,,,,,,,,,,,,,,,,,,
,,,,,,,,,,,,,,,,,,
,,,,,,,,,,,,,,,,,,
,,,,,,,,,,,,,,,,,,
,,,,,,,,,,,,,,,,,,
,,,,,,,,,,,,,,,,,,
,,,,,,,,,,,,,,,,,,
,,,,,,,,,,,,,,,,,,
,,,,,,,,,,,,,,,,,,
,,,,,,,,,,,,,,,,,,
,,,,,,,,,,,,,,,,,,
,,,,,,,,,,,,,,,,,,
,,,,,,,,,,,,,,,,,,
,,,,,,,,,,,,,,,,,,
,,,,,,,,,,,,,,,,,,
,,,,,,,,,,,,,,,,,,
,,,,,,,,,,,,,,,,,,
,,,,,,,,,,,,,,,,,,
,,,,,,,,,,,,,,,,,,
,,,,,,,,,,,,,,,,,,
,,,,,,,,,,,,,,,,,,
,,,,,,,,,,,,,,,,,,
,,,,,,,,,,,,,,,,,,
,,,,,,,,,,,,,,,,,,
,,,,,,,,,,,,,,,,,,
,,,,,,,,,,,,,,,,,,
,,,,,,,,,,,,,,,,,,
,,,,,,,,,,,,,,,,,,
,,,,,,,,,,,,,,,,,,
,,,,,,,,,,,,,,,,,,
,,,,,,,,,,,,,,,,,,
,,,,,,,,,,,,,,,,,,
,,,,,,,,,,,,,,,,,,
,,,,,,,,,,,,,,,,,,
,,,,,,,,,,,,,,,,,,
,,,,,,,,,,,,,,,,,,
,,,,,,,,,,,,,,,,,,
,,,,,,,,,,,,,,,,,,
,,,,,,,,,,,,,,,,,,
,,,,,,,,,,,,,,,,,,
,,,,,,,,,,,,,,,,,,
,,,,,,,,,,,,,,,,,,
,,,,,,,,,,,,,,,,,,
,,,,,,,,,,,,,,,,,,
,,,,,,,,,,,,,,,,,,
,,,,,,,,,,,,,,,,,,
,,,,,,,,,,,,,,,,,,
,,,,,,,,,,,,,,,,,,
,,,,,,,,,,,,,,,,,,
,,,,,,,,,,,,,,,,,,
,,,,,,,,,,,,,,,,,,
,,,,,,,,,,,,,,,,,,
,,,,,,,,,,,,,,,,,,
,,,,,,,,,,,,,,,,,,
,,,,,,,,,,,,,,,,,,
,,,,,,,,,,,,,,,,,,
,,,,,,,,,,,,,,,,,,
,,,,,,,,,,,,,,,,,,
,,,,,,,,,,,,,,,,,,
,,,,,,,,,,,,,,,,,,
,,,,,,,,,,,,,,,,,,
,,,,,,,,,,,,,,,,,,
,,,,,,,,,,,,,,,,,,
,,,,,,,,,,,,,,,,,,
,,,,,,,,,,,,,,,,,,
,,,,,,,,,,,,,,,,,,
,,,,,,,,,,,,,,,,,,
,,,,,,,,,,,,,,,,,,
,,,,,,,,,,,,,,,,,,
,,,,,,,,,,,,,,,,,,
,,,,,,,,,,,,,,,,,,
,,,,,,,,,,,,,,,,,,
,,,,,,,,,,,,,,,,,,
,,,,,,,,,,,,,,,,,,
,,,,,,,,,,,,,,,,,,
,,,,,,,,,,,,,,,,,,
,,,,,,,,,,,,,,,,,,
,,,,,,,,,,,,,,,,,,
,,,,,,,,,,,,,,,,,,
,,,,,,,,,,,,,,,,,,
,,,,,,,,,,,,,,,,,,
,,,,,,,,,,,,,,,,,,
,,,,,,,,,,,,,,,,,,
,,,,,,,,,,,,,,,,,,
,,,,,,,,,,,,,,,,,,
,,,,,,,,,,,,,,,,,,
,,,,,,,,,,,,,,,,,,
,,,,,,,,,,,,,,,,,,
,,,,,,,,,,,,,,,,,,
,,,,,,,,,,,,,,,,,,
,,,,,,,,,,,,,,,,,,
,,,,,,,,,,,,,,,,,,
,,,,,,,,,,,,,,,,,,
,,,,,,,,,,,,,,,,,,
,,,,,,,,,,,,,,,,,,
,,,,,,,,,,,,,,,,,,
,,,,,,,,,,,,,,,,,,
,,,,,,,,,,,,,,,,,,
,,,,,,,,,,,,,,,,,,
,,,,,,,,,,,,,,,,,,
,,,,,,,,,,,,,,,,,,
,,,,,,,,,,,,,,,,,,
,,,,,,,,,,,,,,,,,,
,,,,,,,,,,,,,,,,,,
,,,,,,,,,,,,,,,,,,
,,,,,,,,,,,,,,,,,,
,,,,,,,,,,,,,,,,,,
,,,,,,,,,,,,,,,,,,
,,,,,,,,,,,,,,,,,,
,,,,,,,,,,,,,,,,,,
,,,,,,,,,,,,,,,,,,
,,,,,,,,,,,,,,,,,,
,,,,,,,,,,,,,,,,,,
,,,,,,,,,,,,,,,,,,
,,,,,,,,,,,,,,,,,,
,,,,,,,,,,,,,,,,,,
,,,,,,,,,,,,,,,,,,
,,,,,,,,,,,,,,,,,,
,,,,,,,,,,,,,,,,,,
,,,,,,,,,,,,,,,,,,
,,,,,,,,,,,,,,,,,,
,,,,,,,,,,,,,,,,,,
,,,,,,,,,,,,,,,,,,
,,,,,,,,,,,,,,,,,,
,,,,,,,,,,,,,,,,,,
,,,,,,,,,,,,,,,,,,
,,,,,,,,,,,,,,,,,,
,,,,,,,,,,,,,,,,,,
,,,,,,,,,,,,,,,,,,
,,,,,,,,,,,,,,,,,,
,,,,,,,,,,,,,,,,,,
,,,,,,,,,,,,,,,,,,
,,,,,,,,,,,,,,,,,,
,,,,,,,,,,,,,,,,,,
,,,,,,,,,,,,,,,,,,
,,,,,,,,,,,,,,,,,,
,,,,,,,,,,,,,,,,,,
,,,,,,,,,,,,,,,,,,
,,,,,,,,,,,,,,,,,,
,,,,,,,,,,,,,,,,,,
,,,,,,,,,,,,,,,,,,
,,,,,,,,,,,,,,,,,,
,,,,,,,,,,,,,,,,,,
,,,,,,,,,,,,,,,,,,
,,,,,,,,,,,,,,,,,,
,,,,,,,,,,,,,,,,,,
,,,,,,,,,,,,,,,,,,
,,,,,,,,,,,,,,,,,,
,,,,,,,,,,,,,,,,,,
,,,,,,,,,,,,,,,,,,
,,,,,,,,,,,,,,,,,,
,,,,,,,,,,,,,,,,,,
,,,,,,,,,,,,,,,,,,
,,,,,,,,,,,,,,,,,,
,,,,,,,,,,,,,,,,,,
,,,,,,,,,,,,,,,,,,
,,,,,,,,,,,,,,,,,,
,,,,,,,,,,,,,,,,,,
,,,,,,,,,,,,,,,,,,
,,,,,,,,,,,,,,,,,,
,,,,,,,,,,,,,,,,,,
,,,,,,,,,,,,,,,,,,
,,,,,,,,,,,,,,,,,,
,,,,,,,,,,,,,,,,,,
,,,,,,,,,,,,,,,,,,
,,,,,,,,,,,,,,,,,,
,,,,,,,,,,,,,,,,,,
,,,,,,,,,,,,,,,,,,
,,,,,,,,,,,,,,,,,,
,,,,,,,,,,,,,,,,,,
,,,,,,,,,,,,,,,,,,
,,,,,,,,,,,,,,,,,,
,,,,,,,,,,,,,,,,,,
,,,,,,,,,,,,,,,,,,
,,,,,,,,,,,,,,,,,,
,,,,,,,,,,,,,,,,,,
,,,,,,,,,,,,,,,,,,
,,,,,,,,,,,,,,,,,,
,,,,,,,,,,,,,,,,,,
,,,,,,,,,,,,,,,,,,
,,,,,,,,,,,,,,,,,,
,,,,,,,,,,,,,,,,,,
,,,,,,,,,,,,,,,,,,
,,,,,,,,,,,,,,,,,,
,,,,,,,,,,,,,,,,,,
,,,,,,,,,,,,,,,,,,
,,,,,,,,,,,,,,,,,,
,,,,,,,,,,,,,,,,,,
,,,,,,,,,,,,,,,,,,
,,,,,,,,,,,,,,,,,,
,,,,,,,,,,,,,,,,,,
,,,,,,,,,,,,,,,,,,
,,,,,,,,,,,,,,,,,,
,,,,,,,,,,,,,,,,,,
,,,,,,,,,,,,,,,,,,
,,,,,,,,,,,,,,,,,,
,,,,,,,,,,,,,,,,,,
,,,,,,,,,,,,,,,,,,
,,,,,,,,,,,,,,,,,,
,,,,,,,,,,,,,,,,,,
,,,,,,,,,,,,,,,,,,
,,,,,,,,,,,,,,,,,,
,,,,,,,,,,,,,,,,,,
,,,,,,,,,,,,,,,,,,
,,,,,,,,,,,,,,,,,,
,,,,,,,,,,,,,,,,,,
,,,,,,,,,,,,,,,,,,
,,,,,,,,,,,,,,,,,,
,,,,,,,,,,,,,,,,,,
,,,,,,,,,,,,,,,,,,
,,,,,,,,,,,,,,,,,,
,,,,,,,,,,,,,,,,,,
,,,,,,,,,,,,,,,,,,
,,,,,,,,,,,,,,,,,,
,,,,,,,,,,,,,,,,,,
,,,,,,,,,,,,,,,,,,
,,,,,,,,,,,,,,,,,,
,,,,,,,,,,,,,,,,,,
,,,,,,,,,,,,,,,,,,
,,,,,,,,,,,,,,,,,,
,,,,,,,,,,,,,,,,,,
,,,,,,,,,,,,,,,,,,
,,,,,,,,,,,,,,,,,,
,,,,,,,,,,,,,,,,,,
,,,,,,,,,,,,,,,,,,
,,,,,,,,,,,,,,,,,,
,,,,,,,,,,,,,,,,,,
,,,,,,,,,,,,,,,,,,
,,,,,,,,,,,,,,,,,,
,,,,,,,,,,,,,,,,,,
,,,,,,,,,,,,,,,,,,
,,,,,,,,,,,,,,,,,,
,,,,,,,,,,,,,,,,,,
,,,,,,,,,,,,,,,,,,
,,,,,,,,,,,,,,,,,,
,,,,,,,,,,,,,,,,,,
,,,,,,,,,,,,,,,,,,
,,,,,,,,,,,,,,,,,,
,,,,,,,,,,,,,,,,,,
,,,,,,,,,,,,,,,,,,
,,,,,,,,,,,,,,,,,,
,,,,,,,,,,,,,,,,,,
,,,,,,,,,,,,,,,,,,
,,,,,,,,,,,,,,,,,,
,,,,,,,,,,,,,,,,,,
,,,,,,,,,,,,,,,,,,
,,,,,,,,,,,,,,,,,,
,,,,,,,,,,,,,,,,,,
,,,,,,,,,,,,,,,,,,
,,,,,,,,,,,,,,,,,,
,,,,,,,,,,,,,,,,,,
,,,,,,,,,,,,,,,,,,
,,,,,,,,,,,,,,,,,,
,,,,,,,,,,,,,,,,,,
,,,,,,,,,,,,,,,,,,
,,,,,,,,,,,,,,,,,,
,,,,,,,,,,,,,,,,,,
,,,,,,,,,,,,,,,,,,
,,,,,,,,,,,,,,,,,,
,,,,,,,,,,,,,,,,,,
,,,,,,,,,,,,,,,,,,
,,,,,,,,,,,,,,,,,,
,,,,,,,,,,,,,,,,,,
,,,,,,,,,,,,,,,,,,
,,,,,,,,,,,,,,,,,,
,,,,,,,,,,,,,,,,,,
,,,,,,,,,,,,,,,,,,
,,,,,,,,,,,,,,,,,,
,,,,,,,,,,,,,,,,,,
,,,,,,,,,,,,,,,,,,
,,,,,,,,,,,,,,,,,,
,,,,,,,,,,,,,,,,,,
,,,,,,,,,,,,,,,,,,
,,,,,,,,,,,,,,,,,,
,,,,,,,,,,,,,,,,,,
,,,,,,,,,,,,,,,,,,
,,,,,,,,,,,,,,,,,,
,,,,,,,,,,,,,,,,,,
,,,,,,,,,,,,,,,,,,
,,,,,,,,,,,,,,,,,,
,,,,,,,,,,,,,,,,,,
,,,,,,,,,,,,,,,,,,
,,,,,,,,,,,,,,,,,,
,,,,,,,,,,,,,,,,,,
,,,,,,,,,,,,,,,,,,
,,,,,,,,,,,,,,,,,,
,,,,,,,,,,,,,,,,,,
,,,,,,,,,,,,,,,,,,
,,,,,,,,,,,,,,,,,,
,,,,,,,,,,,,,,,,,,
,,,,,,,,,,,,,,,,,,
,,,,,,,,,,,,,,,,,,
,,,,,,,,,,,,,,,,,,
,,,,,,,,,,,,,,,,,,
,,,,,,,,,,,,,,,,,,
,,,,,,,,,,,,,,,,,,
,,,,,,,,,,,,,,,,,,
,,,,,,,,,,,,,,,,,,
,,,,,,,,,,,,,,,,,,
,,,,,,,,,,,,,,,,,,
,,,,,,,,,,,,,,,,,,
,,,,,,,,,,,,,,,,,,
,,,,,,,,,,,,,,,,,,
,,,,,,,,,,,,,,,,,,
,,,,,,,,,,,,,,,,,,
,,,,,,,,,,,,,,,,,,
,,,,,,,,,,,,,,,,,,
,,,,,,,,,,,,,,,,,,
,,,,,,,,,,,,,,,,,,
,,,,,,,,,,,,,,,,,,
,,,,,,,,,,,,,,,,,,
,,,,,,,,,,,,,,,,,,
,,,,,,,,,,,,,,,,,,
,,,,,,,,,,,,,,,,,,
,,,,,,,,,,,,,,,,,,
,,,,,,,,,,,,,,,,,,
,,,,,,,,,,,,,,,,,,
,,,,,,,,,,,,,,,,,,
,,,,,,,,,,,,,,,,,,
,,,,,,,,,,,,,,,,,,
,,,,,,,,,,,,,,,,,,
,,,,,,,,,,,,,,,,,,
,,,,,,,,,,,,,,,,,,
,,,,,,,,,,,,,,,,,,
,,,,,,,,,,,,,,,,,,
,,,,,,,,,,,,,,,,,,
,,,,,,,,,,,,,,,,,,
,,,,,,,,,,,,,,,,,,
,,,,,,,,,,,,,,,,,,
,,,,,,,,,,,,,,,,,,
,,,,,,,,,,,,,,,,,,
,,,,,,,,,,,,,,,,,,
,,,,,,,,,,,,,,,,,,
,,,,,,,,,,,,,,,,,,
,,,,,,,,,,,,,,,,,,
,,,,,,,,,,,,,,,,,,
,,,,,,,,,,,,,,,,,,
,,,,,,,,,,,,,,,,,,
,,,,,,,,,,,,,,,,,,
,,,,,,,,,,,,,,,,,,
,,,,,,,,,,,,,,,,,,
,,,,,,,,,,,,,,,,,,
,,,,,,,,,,,,,,,,,,
,,,,,,,,,,,,,,,,,,
,,,,,,,,,,,,,,,,,,
,,,,,,,,,,,,,,,,,,
,,,,,,,,,,,,,,,,,,
,,,,,,,,,,,,,,,,,,
,,,,,,,,,,,,,,,,,,
,,,,,,,,,,,,,,,,,,
,,,,,,,,,,,,,,,,,,
,,,,,,,,,,,,,,,,,,
,,,,,,,,,,,,,,,,,,
,,,,,,,,,,,,,,,,,,
,,,,,,,,,,,,,,,,,,
,,,,,,,,,,,,,,,,,,
,,,,,,,,,,,,,,,,,,
,,,,,,,,,,,,,,,,,,
,,,,,,,,,,,,,,,,,,
,,,,,,,,,,,,,,,,,,
,,,,,,,,,,,,,,,,,,
,,,,,,,,,,,,,,,,,,
,,,,,,,,,,,,,,,,,,
,,,,,,,,,,,,,,,,,,
,,,,,,,,,,,,,,,,,,
,,,,,,,,,,,,,,,,,,
,,,,,,,,,,,,,,,,,,
,,,,,,,,,,,,,,,,,,
,,,,,,,,,,,,,,,,,,
,,,,,,,,,,,,,,,,,,
,,,,,,,,,,,,,,,,,,
,,,,,,,,,,,,,,,,,,
,,,,,,,,,,,,,,,,,,
,,,,,,,,,,,,,,,,,,
,,,,,,,,,,,,,,,,,,
,,,,,,,,,,,,,,,,,,
,,,,,,,,,,,,,,,,,,
,,,,,,,,,,,,,,,,,,
,,,,,,,,,,,,,,,,,,
,,,,,,,,,,,,,,,,,,
,,,,,,,,,,,,,,,,,,
,,,,,,,,,,,,,,,,,,
,,,,,,,,,,,,,,,,,,
,,,,,,,,,,,,,,,,,,
,,,,,,,,,,,,,,,,,,
,,,,,,,,,,,,,,,,,,
,,,,,,,,,,,,,,,,,,
,,,,,,,,,,,,,,,,,,
,,,,,,,,,,,,,,,,,,
,,,,,,,,,,,,,,,,,,
,,,,,,,,,,,,,,,,,,
,,,,,,,,,,,,,,,,,,
,,,,,,,,,,,,,,,,,,
,,,,,,,,,,,,,,,,,,
,,,,,,,,,,,,,,,,,,
,,,,,,,,,,,,,,,,,,
,,,,,,,,,,,,,,,,,,
,,,,,,,,,,,,,,,,,,
,,,,,,,,,,,,,,,,,,
,,,,,,,,,,,,,,,,,,
,,,,,,,,,,,,,,,,,,
,,,,,,,,,,,,,,,,,,
,,,,,,,,,,,,,,,,,,
,,,,,,,,,,,,,,,,,,
,,,,,,,,,,,,,,,,,,
,,,,,,,,,,,,,,,,,,
,,,,,,,,,,,,,,,,,,
,,,,,,,,,,,,,,,,,,
,,,,,,,,,,,,,,,,,,
,,,,,,,,,,,,,,,,,,
,,,,,,,,,,,,,,,,,,
,,,,,,,,,,,,,,,,,,
,,,,,,,,,,,,,,,,,,
,,,,,,,,,,,,,,,,,,
,,,,,,,,,,,,,,,,,,
,,,,,,,,,,,,,,,,,,
